id,currtime,order,actual,best
64,0,54,28.562,28.562
64,0,72,6.331,6.331
64,0,104,30.551,30.551
64,0,105,9.399,9.399
64,0,107,30.356,30.356
64,0,108,5.486,5.486
64,0,109,79.108,79.108
64,0,111,104.537,104.537
64,0,125,72.777,72.777
64,0,126,5.629,5.629
64,0,132,52.262,52.262
64,0,135,108.438,96.438
64,0,136,79.108,79.108
64,0,140,81.981,81.981
64,0,142,57.683,57.683
64,0,145,72.777,72.777
64,0,150,48.44,48.44
64,0,151,74.857,74.857
64,0,152,48.934,48.934
64,0,161,99.766,99.766
64,0,166,94.41,82.41
64,0,167,80.408,80.408
64,0,177,39.184,27.184
64,0,180,89.665,77.665
64,0,184,35.036,35.036
64,0,185,106.37,106.37
64,0,196,56.071,56.071
64,0,197,6.331,6.331
64,0,201,8.19,8.19
64,0,204,58.112,58.112
64,0,206,10.179,10.179
64,0,209,34.204,34.204
64,0,210,80.408,80.408
64,0,217,89.665,77.665
64,0,218,77.08,77.08
64,0,219,5.616,5.616
64,0,220,78.432,78.432
64,0,222,49.441,49.441
64,0,225,6.24,6.24
64,0,226,82.41,82.41
64,0,229,2.275,2.275
64,0,237,51.768,51.768
64,0,241,72.816,72.816
64,0,242,26.95,26.95
64,0,248,82.202,82.202
64,0,249,48.44,48.44
64,0,250,57.709,57.709
64,0,253,31.474,31.474
64,0,255,11.986,11.986
64,0,259,5.421,5.421
64,0,260,26.755,26.755
64,0,264,29.654,29.654
64,0,269,75.39,75.39
64,0,274,6.331,6.331
64,0,279,29.654,29.654
64,0,280,28.055,28.055
64,0,291,48.44,48.44
64,0,296,25.91,25.91
64,0,297,42.902,30.902
64,24,8,77.119,77.119
64,24,38,68.396,56.396
64,24,43,26.235,26.235
64,24,44,76.677,76.677
64,24,45,81.422,81.422
64,24,60,35.452,35.452
64,24,73,8.424,8.424
64,24,85,9.386,9.386
64,24,91,70.515,58.515
64,24,96,9.685,9.685
64,24,98,10.361,10.361
64,24,100,51.768,51.768
64,24,102,8.671,8.671
64,24,112,73.557,73.557
64,24,113,76.677,76.677
64,24,115,85.765,73.765
64,24,116,7.865,7.865
64,24,117,8.125,8.125
64,24,118,48.856,48.856
64,24,119,5.629,5.629
64,24,121,86.259,74.259
64,24,122,35.452,35.452
64,24,123,5.941,5.941
64,24,124,18.695,6.695
64,24,127,105.981,81.981
64,24,128,77.691,77.691
64,24,130,29.55,29.55
64,24,133,10.361,10.361
64,24,137,3.575,3.575
64,24,138,10.186,4.186
64,24,146,5.954,5.954
64,24,148,29.329,29.329
64,24,156,52.444,52.444
64,24,164,86.077,74.077
64,24,168,81.708,81.708
64,24,170,27.873,27.873
64,24,171,4.641,4.641
64,24,172,6.955,6.955
64,24,176,91.511,79.511
64,24,183,11.245,11.245
64,24,187,11.57,11.57
64,24,188,67.642,55.642
64,24,192,70.684,58.684
64,24,193,71.581,59.581
64,24,199,6.331,6.331
64,24,205,18.331,6.331
64,24,207,49.441,49.441
64,24,211,74.857,74.857
64,24,216,49.896,49.896
64,24,224,4.186,4.186
64,24,227,46.711,34.711
64,24,231,72.816,72.816
64,24,232,8.125,8.125
64,24,233,29.329,29.329
64,24,245,28.055,28.055
64,24,246,72.062,72.062
64,24,257,90.809,78.809
64,24,261,6.331,6.331
64,24,265,29.654,29.654
64,24,266,66.902,30.902
64,24,271,23.154,11.154
64,24,272,94.93,82.93
64,24,275,28.666,28.666
64,24,276,71.581,59.581
64,24,277,7.475,7.475
64,24,278,70.684,58.684
64,24,283,5.629,5.629
64,24,284,48.856,48.856
64,24,285,48.896,24.896
64,24,287,76.846,76.846
64,24,294,72.686,72.686
64,24,298,77.691,77.691
64,24,299,25.91,25.91
64,24,300,31.475,7.475
64,48,1,11.245,11.245
64,48,3,28.679,28.679
64,48,6,33.255,33.255
64,48,7,79.095,79.095
64,48,9,49.441,49.441
64,48,10,5.941,5.941
64,48,11,26.794,26.794
64,48,12,29.225,29.225
64,48,14,6.11,6.11
64,48,16,36.896,24.896
64,48,17,24.87,24.87
64,48,19,8.125,8.125
64,48,20,57.007,57.007
64,48,21,7.371,7.371
64,48,22,11.245,11.245
64,48,23,6.24,6.24
64,48,24,8.32,8.32
64,48,25,6.721,6.721
64,48,28,35.53,35.53
64,48,29,89.119,77.119
64,48,30,8.216,8.216
64,48,31,72.816,72.816
64,48,32,11.154,11.154
64,48,33,97.647,97.647
64,48,34,83.021,83.021
64,48,35,52.925,52.925
64,48,36,7.371,7.371
64,48,40,70.139,34.139
64,48,41,83.476,83.476
64,48,46,6.24,6.24
64,48,49,11.375,11.375
64,48,51,84.816,72.816
64,48,52,80.876,80.876
64,48,55,49.896,49.896
64,48,56,11.375,11.375
64,48,57,55.642,55.642
64,48,58,29.329,29.329
64,48,59,28.12,28.12
64,48,63,17.031,5.031
64,48,64,51.768,51.768
64,48,65,69.41,57.41
64,48,66,3.575,3.575
64,48,68,29.42,29.42
64,48,70,49.441,49.441
64,48,71,73.765,73.765
64,48,75,34.074,34.074
64,48,77,74.857,74.857
64,48,82,35.53,35.53
64,48,83,56.669,56.669
64,48,88,82.93,82.93
64,48,94,51.768,51.768
64,48,95,56.084,56.084
64,48,99,91.485,79.485
64,48,101,40.12,28.12
64,48,103,11.629,5.629
64,48,106,24.22,24.22
64,48,120,66.239,30.239
64,48,139,56.669,56.669
64,48,143,21.685,9.685
64,48,144,87.17,51.17
64,48,154,79.864,31.864
64,48,155,58.49,34.49
64,48,159,5.629,5.629
64,48,160,90.432,78.432
64,48,179,94.462,82.462
64,48,181,38.235,26.235
64,48,182,68.669,56.669
64,48,190,80.408,80.408
64,48,194,22.205,10.205
64,48,200,78.432,78.432
64,48,203,5.629,5.629
64,48,213,83.946,35.946
64,48,215,64.12,28.12
64,48,221,80.41,32.41
64,48,223,73.806,25.806
64,48,228,5.629,5.629
64,48,230,11.18,11.18
64,48,234,56.41,32.41
64,48,235,36.467,24.467
64,48,236,18.24,6.24
64,48,238,6.539,6.539
64,48,239,67.642,55.642
64,48,240,21.685,9.685
64,48,243,87.169,75.169
64,48,244,58.204,34.204
64,48,251,47.101,35.101
64,48,252,29.693,29.693
64,48,256,78.432,78.432
64,48,267,60.727,24.727
64,48,282,64.055,28.055
64,48,286,35.452,35.452
64,48,290,29.693,29.693
64,48,292,133.491,97.491
64,48,293,56.669,56.669
64,48,301,78.33,30.33
64,72,2,70.711,34.711
64,72,4,88.743,52.743
64,72,15,84.467,24.467
64,72,48,67.98,55.98
64,72,61,20.424,8.424
64,72,79,88.444,52.444
64,72,80,95.581,59.581
64,72,81,98.235,26.235
64,72,86,53.641,29.641
64,72,90,58.997,34.997
64,72,134,94.022,34.022
64,72,149,123.17,51.17
64,72,163,90.043,54.043
64,72,178,113.263,53.263
64,72,186,76.055,28.055
64,72,262,115.98,55.98
64,72,295,116.475,32.475
64,72,302,42.239,30.239
64,72,304,92.876,80.876
64,72,306,72.816,72.816
64,72,307,85.492,73.492
64,72,308,5.174,5.174
64,72,309,83.021,83.021
64,72,310,6.5,6.5
64,72,312,89.119,77.119
64,72,313,5.941,5.941
64,72,314,84.816,72.816
64,72,315,40.12,28.12
64,72,316,11.421,5.421
64,72,320,20.216,8.216
64,72,322,19.189,7.189
64,72,325,6.331,6.331
64,72,326,25.13,25.13
64,72,327,95.021,83.021
64,72,328,28.679,28.679
64,72,331,89.847,77.847
64,72,332,6.331,6.331
64,72,334,54.043,54.043
64,72,335,41.654,29.654
64,72,336,5.616,5.616
64,72,337,66.654,54.654
64,72,339,80.876,80.876
64,72,340,77.847,77.847
64,72,341,23.154,11.154
64,72,342,4.394,4.394
64,72,347,53.263,53.263
64,72,348,22.179,10.179
64,72,351,72.816,72.816
64,72,352,78.432,78.432
64,72,353,23.941,5.941
64,72,358,63.17,51.17
64,72,362,70.515,58.515
64,72,363,6.5,6.5
64,72,365,5.629,5.629
64,72,368,39.873,27.873
64,72,371,101.651,101.651
64,72,374,11.629,5.629
64,72,375,73.7,73.7
64,72,376,18.331,6.331
64,72,380,5.954,5.954
64,72,382,56.136,56.136
64,72,384,90.432,78.432
64,72,385,7.371,7.371
64,72,388,5.72,5.72
64,72,389,84.686,72.686
64,72,390,11.375,11.375
64,72,392,116.537,104.537
64,72,393,8.125,8.125
64,72,394,108.009,96.009
64,72,396,70.515,58.515
64,72,397,49.441,49.441
64,72,399,41.329,29.329
64,72,401,17.629,5.629
64,72,404,86.857,74.857
64,72,406,23.986,11.986
64,72,408,51.43,51.43
64,72,413,34.074,34.074
64,72,414,49.142,49.142
64,72,417,8.476,8.476
64,72,420,21.386,9.386
64,96,42,89.212,29.212
64,96,53,82.139,34.139
64,96,62,82.516,34.516
64,96,78,101.107,53.107
64,96,141,142.424,58.424
64,96,158,105.619,33.619
64,96,165,106.424,58.424
64,96,212,113.107,53.107
64,96,268,66.539,6.539
64,96,318,59.452,35.452
64,96,321,77.575,53.575
64,96,349,100.677,76.677
64,96,357,101.34,77.34
64,96,360,56.475,32.475
64,96,364,56.098,32.098
64,96,367,100.677,76.677
64,96,370,58.074,34.074
64,96,372,96.088,72.088
64,96,377,60.467,24.467
64,96,378,63.613,27.613
64,96,379,112.677,76.677
64,96,387,75.43,51.43
64,96,402,72.44,48.44
64,96,405,61.455,25.455
64,96,411,93.683,57.683
64,96,419,121.166,97.166
64,96,422,61.636,49.636
64,96,423,70.515,58.515
64,96,427,89.665,77.665
64,96,428,9.334,9.334
64,96,429,53.107,53.107
64,96,431,17.629,5.629
64,96,433,6.24,6.24
64,96,434,77.08,77.08
64,96,435,52.925,52.925
64,96,436,8.216,8.216
64,96,437,90.432,78.432
64,96,439,32.098,32.098
64,96,440,18.37,6.37
64,96,443,56.669,56.669
64,96,445,52.587,52.587
64,96,449,114.366,102.366
64,96,452,5.941,5.941
64,96,454,32.774,32.774
64,96,455,57.41,57.41
64,96,456,11.375,11.375
64,96,457,22.205,10.205
64,96,458,29.212,29.212
64,96,464,84.296,72.296
64,96,465,77.34,77.34
64,96,466,74.467,74.467
64,96,467,29.641,29.641
64,96,468,40.64,28.64
64,96,470,7.514,7.514
64,96,472,84.777,72.777
64,96,473,41.42,29.42
64,96,475,23.154,11.154
64,96,482,18.331,6.331
64,96,483,46.022,34.022
64,96,484,46.711,34.711
64,96,486,19.514,7.514
64,96,488,11.999,11.999
64,96,490,90.432,78.432
64,96,495,35.036,35.036
64,96,496,70.762,58.762
64,96,497,8.216,8.216
64,96,498,73.7,73.7
64,96,501,29.641,29.641
64,96,502,72.686,72.686
64,96,503,24.727,24.727
64,96,504,5.72,5.72
64,96,505,6.201,6.201
64,96,506,61.415,49.415
64,96,507,34.711,34.711
64,96,508,72.686,72.686
64,96,510,51.17,51.17
64,96,511,48.44,48.44
64,96,514,42.902,30.902
64,96,515,42.902,30.902
64,96,518,47.101,35.101
64,96,519,84.777,72.777
64,96,520,73.544,73.544
64,96,523,9.685,9.685
64,96,524,33.944,33.944
64,96,526,24.753,24.753
64,96,527,27.873,27.873
64,96,528,17.421,5.421
64,96,529,63.17,51.17
64,96,531,24.87,24.87
64,96,532,18.201,6.201
64,96,533,60.934,48.934
64,96,535,6.11,6.11
64,96,536,20.112,8.112
64,120,13,114.317,30.317
64,120,39,149.34,77.34
64,120,93,101.329,29.329
64,120,191,142.62,34.62
64,120,202,154.932,34.932
64,120,317,137.132,77.132
64,120,319,86.001,26.001
64,120,344,82.022,34.022
64,120,395,118.229,58.229
64,120,409,113.263,53.263
64,120,421,53.524,29.524
64,120,424,108.062,72.062
64,120,426,72.934,48.934
64,120,430,116.876,80.876
64,120,453,123.87,99.87
64,120,463,116.876,80.876
64,120,469,32.476,8.476
64,120,480,108.686,72.686
64,120,521,96.686,72.686
64,120,525,69.619,33.619
64,120,537,6.37,6.37
64,120,538,45.216,33.216
64,120,540,95.021,83.021
64,120,541,7.254,7.254
64,120,542,36.896,24.896
64,120,551,56.669,56.669
64,120,556,60.934,48.934
64,120,557,96.62,96.62
64,120,559,20.216,8.216
64,120,561,7.371,7.371
64,120,562,47.036,35.036
64,120,564,24.467,24.467
64,120,565,95.021,83.021
64,120,567,8.216,8.216
64,120,570,50.351,50.351
64,120,572,8.125,8.125
64,120,574,21.386,9.386
64,120,578,29.42,29.42
64,120,580,77.665,77.665
64,120,581,37.455,25.455
64,120,582,58.515,58.515
64,120,583,8.45,8.45
64,120,586,91.108,79.108
64,120,587,18.331,6.331
64,120,588,8.125,8.125
64,120,589,51.43,51.43
64,120,592,44.475,32.475
64,120,593,54.186,54.186
64,120,596,23.245,11.245
64,120,598,8.424,8.424
64,120,602,18.37,6.37
64,120,603,11.941,5.941
64,120,607,90.432,78.432
64,120,608,8.216,8.216
64,120,610,23.57,11.57
64,120,611,37.455,25.455
64,120,614,8.216,8.216
64,120,615,43.864,31.864
64,120,616,18.331,6.331
64,120,621,11.954,5.954
64,120,623,99.87,99.87
64,120,627,37.455,25.455
64,120,629,5.941,5.941
64,120,630,49.545,49.545
64,120,631,2.275,2.275
64,120,633,49.441,49.441
64,120,637,20.216,8.216
64,120,639,51.43,51.43
64,120,640,21.685,9.685
64,120,641,97.101,97.101
64,120,642,8.216,8.216
64,120,643,6.539,6.539
64,120,645,5.616,5.616
64,120,648,23.271,11.271
64,120,649,23.154,11.154
64,120,652,11.629,5.629
64,120,655,90.432,78.432
64,144,50,135.768,51.768
64,144,76,145.896,49.896
64,144,84,175.498,79.498
64,144,173,142.62,34.62
64,144,305,100.12,28.12
64,144,324,104.098,32.098
64,144,415,107.452,35.452
64,144,446,144.23,96.23
64,144,450,95.036,35.036
64,144,476,89.524,29.524
64,144,477,94.62,34.62
64,144,493,105.332,57.332
64,144,517,82.711,34.711
64,144,534,133.544,73.544
64,144,539,113.34,77.34
64,144,547,96.777,72.777
64,144,548,92.396,56.396
64,144,555,87.17,51.17
64,144,560,101.665,77.665
64,144,563,92.006,56.006
64,144,569,49.91,25.91
64,144,575,70.711,34.711
64,144,585,72.505,48.505
64,144,591,65.589,29.589
64,144,595,52.393,28.393
64,144,597,30.37,6.37
64,144,601,57.164,33.164
64,144,605,89.575,53.575
64,144,606,100.677,76.677
64,144,612,30.201,6.201
64,144,622,94.515,58.515
64,144,625,94.515,58.515
64,144,626,59.452,35.452
64,144,628,87.17,51.17
64,144,644,77.575,53.575
64,144,656,132.23,96.23
64,144,660,58.229,58.229
64,144,662,74.857,74.857
64,144,664,23.271,11.271
64,144,667,7.371,7.371
64,144,671,29.42,29.42
64,144,674,18.331,6.331
64,144,675,6.331,6.331
64,144,676,19.254,7.254
64,144,678,38.612,26.612
64,144,679,63.183,51.183
64,144,680,11.245,11.245
64,144,681,11.245,11.245
64,144,683,28.055,28.055
64,144,687,111.766,99.766
64,144,689,63.43,51.43
64,144,691,8.424,8.424
64,144,696,37.91,25.91
64,144,697,84.816,72.816
64,144,698,51.43,51.43
64,144,699,39.873,27.873
64,144,701,40.185,28.185
64,144,703,7.02,7.02
64,144,704,90.393,78.393
64,144,707,33.216,33.216
64,144,709,40.406,28.406
64,144,710,56.071,56.071
64,144,711,80.668,80.668
64,144,716,78.51,78.51
64,144,717,91.511,79.511
64,144,718,17.629,5.629
64,144,719,29.446,29.446
64,144,722,77.08,77.08
64,144,723,11.72,5.72
64,144,724,11.271,11.271
64,144,726,32.41,32.41
64,144,730,49.415,49.415
64,144,731,34.932,34.932
64,144,732,95.021,83.021
64,168,5,181.935,49.935
64,168,273,180.427,48.427
64,168,288,205.492,73.492
64,168,354,161.887,53.887
64,168,386,166.593,58.593
64,168,407,178.93,82.93
64,168,412,188.798,80.798
64,168,444,144.621,72.621
64,168,471,118.503,34.503
64,168,543,125.34,77.34
64,168,550,76.666,28.666
64,168,554,85.91,25.91
64,168,558,125.691,77.691
64,168,573,56.749,8.749
64,168,609,101.211,53.211
64,168,636,88.393,28.393
64,168,653,73.91,25.91
64,168,658,86.625,26.625
64,168,659,94.62,34.62
64,168,663,73.051,49.051
64,168,666,77.211,53.211
64,168,669,66.408,30.408
64,168,688,35.154,11.154
64,168,692,116.876,80.876
64,168,700,113.691,77.691
64,168,706,48.22,24.22
64,168,712,32.749,8.749
64,168,727,50.794,26.794
64,168,729,70.139,34.139
64,168,733,8.216,8.216
64,168,734,31.149,31.149
64,168,738,70.307,58.307
64,168,745,94.93,82.93
64,168,746,9.51,3.51
64,168,748,20.216,8.216
64,168,750,23.629,5.629
64,168,757,35.452,35.452
64,168,758,59.555,59.555
64,168,761,17.629,5.629
64,168,764,5.096,5.096
64,168,765,5.629,5.629
64,168,766,71.165,59.165
64,168,769,11.375,11.375
64,168,771,60.414,48.414
64,168,773,72.816,72.816
64,168,778,37.455,25.455
64,168,779,77.873,77.873
64,168,781,41.42,29.42
64,168,782,18.331,6.331
64,168,783,18.331,6.331
64,168,784,37.91,25.91
64,168,786,51.17,51.17
64,168,787,77.665,77.665
64,168,789,7.475,7.475
64,168,791,72.816,72.816
64,168,792,89.34,77.34
64,168,793,38.625,26.625
64,168,794,65.107,53.107
64,168,797,23.622,11.622
64,168,801,60.44,48.44
64,168,803,49.363,49.363
64,168,804,84.777,72.777
64,168,805,73.622,73.622
64,168,812,4.186,4.186
64,192,74,178.62,34.62
64,192,254,262.41,82.41
64,192,270,262.41,82.41
64,192,333,177.085,57.085
64,192,346,176.669,56.669
64,192,432,142.581,34.581
64,192,461,151.642,55.642
64,192,474,152.669,56.669
64,192,487,143.127,35.127
64,192,499,163.98,55.98
64,192,530,190.176,82.176
64,192,546,156.686,72.686
64,192,579,159.702,75.702
64,192,590,129.41,57.41
64,192,618,140.396,56.396
64,192,624,98.391,26.391
64,192,632,106.62,34.62
64,192,634,170.713,98.713
64,192,661,54.331,6.331
64,192,682,68.476,8.476
64,192,684,82.49,34.49
64,192,728,88.185,28.185
64,192,736,92.071,56.071
64,192,739,95.581,59.581
64,192,741,104.2,80.2
64,192,742,41.629,5.629
64,192,744,62.716,26.716
64,192,747,58.945,34.945
64,192,759,92.084,56.084
64,192,770,108.686,72.686
64,192,775,58.997,34.997
64,192,776,128.537,104.537
64,192,788,64.185,28.185
64,192,790,72.271,48.271
64,192,795,30.331,6.331
64,192,808,96.777,72.777
64,192,811,85.441,49.441
64,192,813,104.408,80.408
64,192,814,44.424,8.424
64,192,817,39.873,27.873
64,192,819,58.801,58.801
64,192,821,89.47,77.47
64,192,823,23.622,11.622
64,192,824,29.524,29.524
64,192,827,93.422,81.422
64,192,830,11.245,11.245
64,192,832,94.293,82.293
64,192,839,48.934,48.934
64,192,840,46.022,34.022
64,192,842,29.641,29.641
64,192,844,72.062,72.062
64,192,847,52.197,52.197
64,192,848,62.975,50.975
64,192,850,45.996,33.996
64,192,854,51.482,51.482
64,192,857,82.072,82.072
64,192,858,30.551,30.551
64,192,859,11.622,11.622
64,192,863,99.766,99.766
64,192,866,84.686,72.686
64,192,869,11.375,11.375
64,192,878,9.685,9.685
64,192,881,6.37,6.37
64,192,885,15.575,3.575
64,192,886,29.42,29.42
64,192,889,26.235,26.235
64,192,891,86.259,74.259
64,192,893,47.413,35.413
64,192,899,72.816,72.816
64,192,901,108.23,96.23
64,192,903,36.896,24.896
64,192,906,110.492,98.492
64,192,908,18.526,6.526
64,192,909,51.43,51.43
64,192,910,84.816,72.816
64,192,911,18.37,6.37
64,192,916,46.074,34.074
64,192,918,8.32,8.32
64,192,919,18.11,6.11
64,192,920,41.329,29.329
64,192,922,8.216,8.216
64,192,923,77.717,77.717
64,192,924,70.229,58.229
64,192,927,5.941,5.941
64,192,929,93.019,81.019
64,192,930,72.621,72.621
64,192,932,47.036,35.036
64,192,933,18.019,6.019
64,192,935,56.071,56.071
64,216,303,186.317,30.317
64,216,359,241.647,97.647
64,216,383,226.93,82.93
64,216,491,157.936,25.936
64,216,668,111.691,27.691
64,216,685,114.902,30.902
64,216,743,103.239,55.239
64,216,752,79.11,31.11
64,216,753,133.765,73.765
64,216,774,130.709,82.709
64,216,806,96.44,48.44
64,216,807,73.507,25.507
64,216,828,77.575,53.575
64,216,837,71.452,35.452
64,216,849,103.511,79.511
64,216,853,32.32,8.32
64,216,855,97.895,73.895
64,216,862,46.179,10.179
64,216,865,89.029,53.029
64,216,867,68.098,32.098
64,216,871,30.37,6.37
64,216,873,29.629,5.629
64,216,877,72.947,48.947
64,216,879,101.34,77.34
64,216,880,49.637,25.637
64,216,884,94.424,58.424
64,216,887,71.101,35.101
64,216,890,73.974,49.974
64,216,895,48.467,24.467
64,216,896,49.455,25.455
64,216,902,64.055,28.055
64,216,931,42.37,6.37
64,216,937,32.424,8.424
64,216,941,51.43,51.43
64,216,949,40.12,28.12
64,216,950,70.515,58.515
64,216,951,26.664,26.664
64,216,957,34.139,34.139
64,216,959,66.342,54.342
64,216,960,24.506,24.506
64,216,961,95.086,83.086
64,216,966,11.375,11.375
64,216,968,23.245,11.245
64,216,969,52.262,52.262
64,216,973,51.768,51.768
64,216,974,18.331,6.331
64,216,977,30.746,30.746
64,216,994,18.981,6.981
64,216,996,97.647,97.647
64,216,999,11.154,11.154
64,216,1002,54.68,54.68
64,216,1008,8.411,8.411
64,216,1010,31.474,31.474
64,216,1017,37.455,25.455
64,216,1023,64.925,52.925
64,216,1024,38.053,26.053
64,216,1029,6.565,6.565
64,216,1035,18.331,6.331
64,216,1036,73.492,73.492
64,216,1037,52.743,52.743
64,216,1039,38.664,26.664
64,216,1040,18.006,6.006
64,216,1041,36.805,24.805
64,216,1043,55.98,55.98
64,216,1044,17.72,5.72
64,216,1047,24.246,24.246
64,216,1048,26.95,26.95
64,216,1049,10.777,10.777
64,216,1050,61.714,49.714
64,216,1051,70.762,58.762
64,216,1057,68.851,56.851
64,216,1059,6.331,6.331
64,216,1062,108.438,96.438
64,216,1065,23.154,11.154
64,216,1066,72.816,72.816
64,216,1070,68.708,56.708
64,216,1071,41.446,29.446
64,216,1072,59.555,59.555
64,216,1073,68.396,56.396
64,216,1074,59.282,59.282
64,216,1075,108.23,96.23
64,216,1076,34.022,34.022
64,216,1078,25.91,25.91
64,240,131,289.805,49.805
64,240,153,268.055,28.055
64,240,329,198.33,30.33
64,240,369,227.581,59.581
64,240,373,235.681,55.681
64,240,441,227.931,83.931
64,240,459,221.08,77.08
64,240,544,236.537,104.537
64,240,577,168.856,48.856
64,240,672,138.421,30.421
64,240,677,125.641,29.641
64,240,762,161.431,77.431
64,240,772,83.7,11.7
64,240,799,135.768,51.768
64,240,818,101.107,53.107
64,240,822,89.641,29.641
64,240,835,99.768,51.768
64,240,843,89.589,29.589
64,240,851,77.641,29.641
64,240,872,99.17,51.17
64,240,882,126.432,78.432
64,240,894,97.441,49.441
64,240,907,111.17,51.17
64,240,921,112.197,52.197
64,240,928,109.974,49.974
64,240,940,113.796,53.796
64,240,948,69.619,33.619
64,240,952,42.331,6.331
64,240,956,70.75,34.75
64,240,962,44.216,8.216
64,240,963,84.934,48.934
64,240,964,72.44,48.44
64,240,965,78.654,54.654
64,240,972,95.893,59.893
64,240,980,31.605,7.605
64,240,983,64.64,28.64
64,240,993,48.896,24.896
64,240,1018,51.873,27.873
64,240,1025,85.441,49.441
64,240,1028,71.452,35.452
64,240,1031,96.296,72.296
64,240,1034,104.993,80.993
64,240,1038,119.021,83.021
64,240,1042,102.432,78.432
64,240,1055,58.62,34.62
64,240,1060,66.317,30.317
64,240,1067,112.131,76.131
64,240,1079,87.768,51.768
64,240,1080,96.686,72.686
64,240,1081,6.721,6.721
64,240,1084,20.97,8.97
64,240,1085,85.492,73.492
64,240,1087,67.681,55.681
64,240,1088,36.896,24.896
64,240,1089,64.886,52.886
64,240,1093,7.514,7.514
64,240,1096,97.647,97.647
64,240,1097,11.245,11.245
64,240,1098,23.941,5.941
64,240,1104,63.43,51.43
64,240,1105,5.096,5.096
64,240,1107,28.12,28.12
64,240,1110,80.408,80.408
64,240,1111,108.23,96.23
64,240,1115,66.043,54.043
64,240,1117,33.996,33.996
64,240,1119,23.72,5.72
64,240,1121,18.331,6.331
64,240,1122,47.036,35.036
64,240,1123,89.665,77.665
64,240,1124,41.446,29.446
64,240,1128,92.876,80.876
64,240,1129,9.685,9.685
64,240,1132,29.693,29.693
64,240,1133,54.654,54.654
64,240,1135,6.409,6.409
64,240,1138,23.154,11.154
64,240,1139,42.46,30.46
64,240,1146,84.777,72.777
64,240,1148,11.154,11.154
64,240,1152,5.954,5.954
64,240,1155,6.331,6.331
64,240,1156,5.941,5.941
64,240,1159,88.04,76.04
64,240,1160,65.211,53.211
64,240,1165,92.668,80.668
64,240,1166,60.414,48.414
64,240,1171,49.363,49.363
64,240,1174,8.801,8.801
64,240,1175,18.331,6.331
64,240,1176,72.777,72.777
64,240,1178,4.186,4.186
64,240,1179,18.11,6.11
64,240,1180,28.562,28.562
64,240,1182,21.1,9.1
64,240,1183,82.072,82.072
64,240,1189,18.136,6.136
64,240,1190,6.37,6.37
64,240,1191,23.629,5.629
64,240,1192,17.629,5.629
64,264,114,310.371,82.371
64,264,485,208.77,28.77
64,264,620,170.625,26.625
64,264,690,148.055,28.055
64,264,767,161.211,53.211
64,264,834,126.667,54.667
64,264,856,155.021,83.021
64,264,860,82.361,10.361
64,264,864,132.947,48.947
64,264,868,140.136,56.136
64,264,926,100.406,28.406
64,264,942,74.235,26.235
64,264,984,71.375,11.375
64,264,1003,83.452,35.452
64,264,1006,59.245,11.245
64,264,1009,76.302,28.302
64,264,1020,93.164,33.164
64,264,1045,85.637,25.637
64,264,1053,139.498,79.498
64,264,1054,83.517,35.517
64,264,1056,83.036,35.036
64,264,1077,133.7,73.7
64,264,1083,64.055,28.055
64,264,1086,85.896,49.896
64,264,1091,61.936,25.936
64,264,1100,64.055,28.055
64,264,1101,80.136,56.136
64,264,1103,45.685,9.685
64,264,1113,42.37,6.37
64,264,1125,81.085,57.085
64,264,1130,47.629,5.629
64,264,1143,107.021,83.021
64,264,1150,50.794,26.794
64,264,1153,66.33,30.33
64,264,1158,42.37,6.37
64,264,1161,118.956,82.956
64,264,1162,62.625,26.625
64,264,1169,29.72,5.72
64,264,1170,92.071,56.071
64,264,1173,35.154,11.154
64,264,1193,53.887,53.887
64,264,1196,20.125,8.125
64,264,1198,84.816,72.816
64,264,1199,11.375,11.375
64,264,1200,6.331,6.331
64,264,1203,51.768,51.768
64,264,1205,73.7,73.7
64,264,1207,17.954,5.954
64,264,1208,81.422,81.422
64,264,1209,78.432,78.432
64,264,1211,20.216,8.216
64,264,1212,11.57,11.57
64,264,1213,25.91,25.91
64,264,1216,29.654,29.654
64,264,1217,8.216,8.216
64,264,1223,63.17,51.17
64,264,1226,70.749,58.749
64,264,1229,37.455,25.455
64,264,1234,41.212,29.212
64,264,1235,68.396,56.396
64,264,1236,17.629,5.629
64,264,1238,47.4,35.4
64,264,1247,51.43,51.43
64,264,1249,11.986,11.986
64,264,1250,18.201,6.201
64,264,1254,42.46,30.46
64,264,1261,6.24,6.24
64,264,1262,92.85,80.85
64,264,1266,6.331,6.331
64,264,1276,63.768,51.768
64,264,1278,72.296,72.296
64,264,1279,25.91,25.91
64,264,1282,40.679,28.679
64,264,1286,18.37,6.37
64,264,1291,42.902,30.902
64,264,1297,47.036,35.036
64,264,1300,72.816,72.816
64,264,1301,72.296,72.296
64,264,1303,109.647,97.647
64,288,89,290.117,50.117
64,288,338,258.746,30.746
64,288,345,286.684,58.684
64,288,442,218.69,26.69
64,288,552,253.492,73.492
64,288,594,221.263,53.263
64,288,714,176.41,32.41
64,288,809,164.41,32.41
64,288,810,159.535,27.535
64,288,836,125.654,29.654
64,288,914,181.544,73.544
64,288,944,100.055,28.055
64,288,958,110.625,26.625
64,288,1007,118.62,34.62
64,288,1058,149.119,77.119
64,288,1063,106.711,34.711
64,288,1141,66.136,6.136
64,288,1154,73.637,25.637
64,288,1157,76.679,28.679
64,288,1163,94.711,34.711
64,288,1186,124.677,76.677
64,288,1195,112.04,76.04
64,288,1221,29.616,5.616
64,288,1222,56.761,32.761
64,288,1227,128.537,104.537
64,288,1230,60.467,24.467
64,288,1239,87.768,51.768
64,288,1242,88.262,52.262
64,288,1244,60.467,24.467
64,288,1253,53.329,29.329
64,288,1259,60.519,24.519
64,288,1284,81.735,57.735
64,288,1290,76.587,52.587
64,288,1292,80.851,56.851
64,288,1295,35.7,11.7
64,288,1298,93.059,57.059
64,288,1310,70.711,34.711
64,288,1313,29.212,29.212
64,288,1314,5.239,5.239
64,288,1316,16.641,4.641
64,288,1319,5.72,5.72
64,288,1321,6.539,6.539
64,288,1323,59.282,59.282
64,288,1326,3.445,3.445
64,288,1327,98.713,98.713
64,288,1333,18.331,6.331
64,288,1336,7.254,7.254
64,288,1337,11.154,11.154
64,288,1339,40.185,28.185
64,288,1341,47.101,35.101
64,288,1342,64.626,52.626
64,288,1343,99.766,99.766
64,288,1345,32.774,32.774
64,288,1348,11.986,11.986
64,288,1350,21.685,9.685
64,288,1358,20.216,8.216
64,288,1359,36.467,24.467
64,288,1360,18.331,6.331
64,288,1370,84.062,72.062
64,288,1372,65.107,53.107
64,288,1376,61.792,49.792
64,288,1383,11.245,11.245
64,288,1384,23.941,5.941
64,288,1386,18.331,6.331
64,288,1387,47.036,35.036
64,288,1389,23.616,5.616
64,288,1391,109.348,97.348
64,288,1393,71.165,59.165
64,288,1396,41.641,29.641
64,288,1398,82.956,82.956
64,288,1400,19.254,7.254
64,288,1401,20.476,8.476
64,288,1404,19.475,7.475
64,288,1406,4.264,4.264
64,288,1407,25.507,25.507
64,288,1408,87.169,75.169
64,288,1414,31.825,31.825
64,288,1417,90.432,78.432
64,288,1422,21.386,9.386
64,288,1426,88.846,76.846
64,288,1431,11.154,11.154
64,288,1432,20.216,8.216
64,288,1435,57.085,57.085
64,288,1437,84.777,72.777
64,288,1438,43.825,31.825
64,288,1442,11.46,5.46
64,312,47,310.139,34.139
64,312,208,340.055,28.055
64,312,311,297.683,57.683
64,312,398,286.581,34.581
64,312,647,248.136,56.136
64,312,651,239.283,35.283
64,312,721,278.193,98.193
64,312,725,262.202,82.202
64,312,838,146.651,26.651
64,312,845,167.348,35.348
64,312,852,167.946,35.946
64,312,900,178.424,58.424
64,312,953,102.539,6.539
64,312,954,163.98,55.98
64,312,955,178.202,82.202
64,312,970,133.455,25.455
64,312,1014,144.856,48.856
64,312,1015,161.107,53.107
64,312,1016,124.666,28.666
64,312,1030,149.107,53.107
64,312,1109,117.996,33.996
64,312,1112,125.211,53.211
64,312,1126,119.127,35.127
64,312,1147,143.581,59.581
64,312,1181,164.668,80.668
64,312,1187,102.317,30.317
64,312,1218,147.87,99.87
64,312,1219,106.229,58.229
64,312,1224,143.723,83.723
64,312,1237,131.021,83.021
64,312,1246,116.084,56.084
64,312,1258,83.946,35.946
64,312,1260,88.12,28.12
64,312,1296,82.022,34.022
64,312,1309,131.021,83.021
64,312,1318,52.562,28.562
64,312,1320,73.441,49.441
64,312,1332,60.701,24.701
64,312,1334,92.968,56.968
64,312,1338,108.777,72.777
64,312,1344,64.302,28.302
64,312,1349,72.934,48.934
64,312,1352,42.37,6.37
64,312,1356,60.129,24.129
64,312,1361,96.816,72.816
64,312,1362,95.581,59.581
64,312,1363,59.452,35.452
64,312,1374,80.396,56.396
64,312,1379,52.562,28.562
64,312,1385,92.071,56.071
64,312,1388,75.43,51.43
64,312,1395,35.154,11.154
64,312,1399,80.071,56.071
64,312,1411,89.146,53.146
64,312,1421,107.021,83.021
64,312,1427,30.539,6.539
64,312,1434,52.185,28.185
64,312,1439,52.185,28.185
64,312,1440,52.679,28.679
64,312,1443,116.408,80.408
64,312,1444,20.216,8.216
64,312,1446,6.331,6.331
64,312,1448,7.254,7.254
64,312,1452,84.621,72.621
64,312,1453,8.19,8.19
64,312,1455,5.941,5.941
64,312,1458,24.506,24.506
64,312,1460,60.934,48.934
64,312,1462,31.864,31.864
64,312,1464,68.084,56.084
64,312,1465,8.216,8.216
64,312,1468,72.621,72.621
64,312,1472,52.795,52.795
64,312,1473,8.216,8.216
64,312,1479,20.125,8.125
64,312,1480,6.24,6.24
64,312,1482,6.526,6.526
64,312,1483,22.361,10.361
64,312,1485,79.498,79.498
64,312,1487,19.254,7.254
64,312,1491,23.375,11.375
64,312,1494,46.62,34.62
64,312,1496,19.475,7.475
64,312,1501,18.37,6.37
64,312,1503,26.391,26.391
64,312,1507,35.413,35.413
64,312,1508,11.141,11.141
64,312,1512,108.412,96.412
64,336,162,333.801,33.801
64,336,425,286.139,34.139
64,336,549,293.08,77.08
64,336,584,263.946,35.946
64,336,815,262.202,82.202
64,336,870,175.864,31.864
64,336,947,197.665,77.665
64,336,975,197.08,77.08
64,336,985,217.647,97.647
64,336,1068,146.235,26.235
64,336,1114,139.864,31.864
64,336,1140,140.41,32.41
64,336,1204,152.343,80.343
64,336,1248,170.453,98.453
64,336,1252,117.619,33.619
64,336,1256,124.743,52.743
64,336,1264,139.98,55.98
64,336,1272,100.679,28.679
64,336,1281,123.768,51.768
64,336,1305,120.037,48.037
64,336,1311,103.005,55.005
64,336,1315,107.282,59.282
64,336,1324,82.074,34.074
64,336,1330,78.356,30.356
64,336,1347,105.41,57.41
64,336,1351,128.85,80.85
64,336,1353,111.43,51.43
64,336,1365,144.685,96.685
64,336,1375,89.654,29.654
64,336,1381,143.021,83.021
64,336,1382,143.021,83.021
64,336,1397,96.44,48.44
64,336,1409,130.956,82.956
64,336,1413,131.021,83.021
64,336,1420,103.005,55.005
64,336,1456,100.131,76.131
64,336,1461,85.61,49.61
64,336,1467,94.515,58.515
64,336,1478,135.87,99.87
64,336,1484,65.654,29.654
64,336,1490,53.745,29.745
64,336,1495,119.021,83.021
64,336,1504,106.501,82.501
64,336,1506,109.7,73.7
64,336,1515,59.127,35.127
64,336,1518,7.514,7.514
64,336,1520,25.806,25.806
64,336,1522,29.329,29.329
64,336,1523,90.432,78.432
64,336,1528,17.72,5.72
64,336,1529,42.902,30.902
64,336,1531,8.216,8.216
64,336,1532,48.375,48.375
64,336,1537,29.641,29.641
64,336,1541,57.735,57.735
64,336,1545,41.329,29.329
64,336,1547,39.431,27.431
64,336,1552,11.375,11.375
64,336,1556,35.309,35.309
64,336,1557,6.11,6.11
64,336,1564,8.255,8.255
64,336,1567,6.006,6.006
64,336,1570,17.629,5.629
64,336,1572,84.777,72.777
64,336,1573,48.375,48.375
64,336,1575,23.941,5.941
64,336,1576,115.016,103.016
64,336,1579,67.681,55.681
64,336,1581,89.34,77.34
64,336,1582,19.371,7.371
64,336,1584,58.801,58.801
64,336,1589,23.57,11.57
64,336,1592,21.1,9.1
64,336,1597,9.646,9.646
64,336,1598,23.375,11.375
64,336,1600,23.375,11.375
64,336,1601,18.201,6.201
64,336,1604,92.096,80.096
64,336,1605,27.041,27.041
64,336,1606,95.021,83.021
64,336,1607,72.777,72.777
64,336,1610,96.62,96.62
64,336,1611,57.085,57.085
64,336,1613,65.211,53.211
64,336,1614,8.424,8.424
64,336,1615,18.331,6.331
64,336,1617,43.474,31.474
64,360,686,263.504,35.504
64,360,934,264.555,96.555
64,360,1005,214.801,58.801
64,360,1118,152.098,32.098
64,360,1185,176.136,56.136
64,360,1228,188.733,80.733
64,360,1240,137.641,29.641
64,360,1257,117.555,9.555
64,360,1289,147.17,51.17
64,360,1307,192.23,96.23
64,360,1410,123.768,51.768
64,360,1412,164.668,80.668
64,360,1423,104.761,32.761
64,360,1425,98.235,26.235
64,360,1429,135.768,51.768
64,360,1430,97.91,25.91
64,360,1469,115.161,55.161
64,360,1489,125.717,77.717
64,360,1499,76.055,28.055
64,360,1533,65.446,29.446
64,360,1544,66.902,30.902
64,360,1554,48.246,24.246
64,360,1560,45.386,9.386
64,360,1586,73.974,49.974
64,360,1602,135.87,99.87
64,360,1608,30.11,6.11
64,360,1609,63.054,27.054
64,360,1621,82.801,58.801
64,360,1622,17.72,5.72
64,360,1624,23.999,11.999
64,360,1627,11.375,11.375
64,360,1628,58.944,58.944
64,360,1629,17.486,5.486
64,360,1630,24.87,24.87
64,360,1632,41.446,29.446
64,360,1634,2.366,2.366
64,360,1637,29.693,29.693
64,360,1640,61.363,49.363
64,360,1644,18.11,6.11
64,360,1648,55.681,55.681
64,360,1649,36.519,24.519
64,360,1652,30.226,30.226
64,360,1655,72.296,72.296
64,360,1657,47.036,35.036
64,360,1658,50.715,50.715
64,360,1660,5.616,5.616
64,360,1665,11.375,11.375
64,360,1669,5.551,5.551
64,360,1674,35.036,35.036
64,360,1675,8.125,8.125
64,360,1679,78.432,78.432
64,360,1681,23.375,11.375
64,360,1683,23.154,11.154
64,360,1686,11.57,11.57
64,360,1687,42.551,30.551
64,360,1688,34.022,34.022
64,360,1689,6.331,6.331
64,360,1692,85.622,73.622
64,360,1693,5.096,5.096
64,360,1694,18.201,6.201
64,360,1701,9.321,9.321
64,360,1703,51.911,51.911
64,360,1705,95.021,83.021
64,360,1708,6.37,6.37
64,360,1709,96.23,96.23
64,360,1714,23.954,5.954
64,360,1717,7.449,7.449
64,360,1718,89.535,77.535
64,360,1719,18.331,6.331
64,360,1721,40.562,28.562
64,360,1722,64.262,52.262
64,360,1725,61.974,49.974
64,360,1728,52.197,52.197
64,360,1729,5.72,5.72
64,360,1734,25.91,25.91
64,360,1741,20.801,8.801
64,360,1742,20.216,8.216
64,360,1745,8.45,8.45
64,360,1747,88.131,76.131
64,384,18,413.691,77.691
64,384,26,359.946,35.946
64,384,619,302.625,26.625
64,384,705,275.504,35.504
64,384,798,307.108,79.108
64,384,936,230.586,26.586
64,384,971,200.098,32.098
64,384,976,192.467,24.467
64,384,1108,178.62,34.62
64,384,1225,126.331,6.331
64,384,1269,160.64,28.64
64,384,1277,146.625,26.625
64,384,1288,190.749,58.749
64,384,1299,207.923,75.923
64,384,1304,150.356,30.356
64,384,1329,136.302,28.302
64,384,1357,159.17,51.17
64,384,1392,138.98,30.98
64,384,1415,142.62,34.62
64,384,1424,134.95,26.95
64,384,1445,112.679,28.679
64,384,1447,123.43,51.43
64,384,1502,99.613,27.613
64,384,1505,173.768,101.768
64,384,1511,129.332,57.332
64,384,1519,94.139,34.139
64,384,1524,65.629,5.629
64,384,1534,79.11,31.11
64,384,1538,81.944,33.944
64,384,1559,113.887,53.887
64,384,1565,90.33,30.33
64,384,1568,94.62,34.62
64,384,1574,116.396,56.396
64,384,1588,116.708,56.708
64,384,1599,105.709,57.709
64,384,1625,116.668,80.668
64,384,1626,58.139,34.139
64,384,1635,87.768,51.768
64,384,1638,52.835,28.835
64,384,1643,54.551,30.551
64,384,1647,71.127,35.127
64,384,1650,91.681,55.681
64,384,1651,80.136,56.136
64,384,1662,49.91,25.91
64,384,1670,75.43,51.43
64,384,1678,84.934,48.934
64,384,1682,89.107,53.107
64,384,1684,66.746,30.746
64,384,1700,119.086,83.086
64,384,1702,47.154,11.154
64,384,1704,87.768,51.768
64,384,1720,118.202,82.202
64,384,1723,113.847,77.847
64,384,1727,65.446,29.446
64,384,1731,71.127,35.127
64,384,1737,77.211,53.211
64,384,1738,72.934,48.934
64,384,1740,101.34,77.34
64,384,1743,114.432,78.432
64,384,1749,97.296,97.296
64,384,1751,68.071,56.071
64,384,1755,18.331,6.331
64,384,1756,19.345,7.345
64,384,1757,29.654,29.654
64,384,1758,70.515,58.515
64,384,1759,17.616,5.616
64,384,1760,44.774,32.774
64,384,1763,65.211,53.211
64,384,1768,6.396,6.396
64,384,1770,92.876,80.876
64,384,1771,18.331,6.331
64,384,1775,28.406,28.406
64,384,1776,51.768,51.768
64,384,1777,109.348,97.348
64,384,1778,58.515,58.515
64,384,1780,46.711,34.711
64,384,1782,11.986,11.986
64,384,1786,11.941,5.941
64,384,1788,8.216,8.216
64,384,1797,83.008,83.008
64,384,1802,11.57,11.57
64,384,1804,32.41,32.41
64,384,1806,83.008,83.008
64,384,1807,76.677,76.677
64,384,1809,41.55,29.55
64,384,1812,51.768,51.768
64,384,1813,86.259,74.259
64,384,1815,55.681,55.681
64,384,1816,41.654,29.654
64,384,1823,42.239,30.239
64,384,1824,17.629,5.629
64,384,1826,8.216,8.216
64,384,1828,79.095,79.095
64,384,1840,48.934,48.934
64,384,1841,28.835,28.835
64,384,1843,26.235,26.235
64,384,1844,43.11,31.11
64,384,1845,23.486,5.486
64,384,1846,6.331,6.331
64,384,1847,34.945,34.945
64,384,1850,11.986,11.986
64,384,1854,11.375,11.375
64,384,1856,6.084,6.084
64,408,545,328.055,28.055
64,408,905,262.711,34.711
64,408,915,245.485,29.485
64,408,1202,176.098,32.098
64,408,1214,170.534,26.534
64,408,1273,170.534,26.534
64,408,1371,144.246,24.246
64,408,1497,188.876,80.876
64,408,1526,164.408,80.408
64,408,1569,123.547,51.547
64,408,1580,98.586,26.586
64,408,1585,129.332,57.332
64,408,1591,118.62,34.62
64,408,1612,125.263,53.263
64,408,1623,113.887,53.887
64,408,1631,108.96,48.96
64,408,1636,59.7,11.7
64,408,1653,94.49,34.49
64,408,1676,112.197,52.197
64,408,1677,85.91,25.91
64,408,1685,113.575,53.575
64,408,1710,118.229,58.229
64,408,1750,104.408,80.408
64,408,1752,42.695,6.695
64,408,1783,30.331,6.331
64,408,1791,60.519,24.519
64,408,1794,73.974,49.974
64,408,1834,52.562,28.562
64,408,1838,45.386,9.386
64,408,1848,123.87,99.87
64,408,1853,66.317,30.317
64,408,1858,41.654,29.654
64,408,1859,24.467,24.467
64,408,1861,21.386,9.386
64,408,1863,11.629,5.629
64,408,1864,17.616,5.616
64,408,1866,55.538,55.538
64,408,1868,7.371,7.371
64,408,1869,31.474,31.474
64,408,1874,47.036,35.036
64,408,1875,23.245,11.245
64,408,1878,24.506,24.506
64,408,1880,24.467,24.467
64,408,1882,30.551,30.551
64,408,1893,22.641,4.641
64,408,1894,42.239,30.239
64,408,1896,6.084,6.084
64,408,1900,51.43,51.43
64,408,1903,88.677,76.677
64,408,1905,48.934,48.934
64,408,1906,11.622,11.622
64,408,1908,61.935,49.935
64,408,1911,73.622,73.622
64,408,1913,17.629,5.629
64,408,1915,103.302,103.302
64,408,1918,88.677,76.677
64,408,1920,33.983,33.983
64,408,1922,67.538,55.538
64,408,1927,47.036,35.036
64,408,1932,42.421,30.421
64,408,1936,6.539,6.539
64,408,1942,11.154,11.154
64,408,1945,5.135,5.135
64,408,1947,23.72,5.72
64,408,1950,11.941,5.941
64,408,1952,28.302,28.302
64,408,1953,65.211,53.211
64,408,1961,56.396,56.396
64,408,1965,5.941,5.941
64,408,1966,18.331,6.331
64,408,1968,18.721,6.721
64,408,1970,11.245,11.245
64,432,638,340.016,28.016
64,432,693,345.683,57.683
64,432,760,318.654,54.654
64,432,780,299.452,35.452
64,432,1013,293.132,77.132
64,432,1061,247.864,31.864
64,432,1064,293.47,77.47
64,432,1265,187.254,7.254
64,432,1287,245.132,77.132
64,432,1306,200.54,32.54
64,432,1346,189.216,33.216
64,432,1542,107.375,11.375
64,432,1549,140.098,32.098
64,432,1618,181.791,73.791
64,432,1633,170.713,98.713
64,432,1663,121.896,49.896
64,432,1664,114.902,30.902
64,432,1666,176.537,104.537
64,432,1697,132.856,48.856
64,432,1698,83.375,11.375
64,432,1699,161.119,77.119
64,432,1715,82.361,10.361
64,432,1716,113.654,29.654
64,432,1733,164.876,80.876
64,432,1739,113.069,29.069
64,432,1761,65.629,5.629
64,432,1762,122.103,74.103
64,432,1789,142.202,82.202
64,432,1817,140.876,80.876
64,432,1831,88.679,28.679
64,432,1842,89.069,29.069
64,432,1855,84.415,24.415
64,432,1872,71.4,35.4
64,432,1873,59.946,35.946
64,432,1884,104.733,80.733
64,432,1897,90.667,54.667
64,432,1898,113.665,77.665
64,432,1910,116.668,80.668
64,432,1919,96.777,72.777
64,432,1921,33.685,9.685
64,432,1923,92.136,56.136
64,432,1928,104.876,80.876
64,432,1934,83.412,59.412
64,432,1935,49.91,25.91
64,432,1939,119.021,83.021
64,432,1948,114.432,78.432
64,432,1949,91.681,55.681
64,432,1955,60.896,24.896
64,432,1974,41.446,29.446
64,432,1975,96.009,96.009
64,432,1977,56.851,56.851
64,432,1978,46.139,34.139
64,432,1984,63.43,51.43
64,432,1986,20.216,8.216
64,432,1987,119.995,107.995
64,432,1989,11.941,5.941
64,432,1991,108.23,96.23
64,432,1993,23.245,11.245
64,432,1994,18.331,6.331
64,432,1996,53.666,53.666
64,432,1997,28.302,28.302
64,432,1999,70.515,58.515
64,432,2001,5.486,5.486
64,432,2002,7.371,7.371
64,432,2003,11.154,11.154
64,432,2013,11.629,5.629
64,432,2018,21.386,9.386
64,432,2019,35.036,35.036
64,432,2021,17.616,5.616
64,432,2025,8.125,8.125
64,432,2027,46.711,34.711
64,432,2032,101.547,101.547
64,432,2033,63.807,51.807
64,432,2034,63.43,51.43
64,432,2036,57.735,57.735
64,432,2037,51.17,51.17
64,432,2040,15.575,3.575
64,432,2045,99.766,99.766
64,432,2047,41.641,29.641
64,432,2048,21.386,9.386
64,432,2049,60.414,48.414
64,432,2050,2.379,2.379
64,432,2051,88.677,76.677
64,432,2052,8.45,8.45
64,432,2055,25.91,25.91
64,432,2057,17.629,5.629
64,432,2062,108.23,96.23
64,432,2064,23.622,11.622
64,432,2065,6.24,6.24
64,432,2068,108.23,96.23
64,432,2069,33.255,33.255
64,432,2070,35.491,35.491
64,432,2073,29.42,29.42
64,432,2074,77.431,77.431
64,432,2076,68.396,56.396
64,432,2082,5.096,5.096
64,432,2083,20.216,8.216
64,432,2084,11.154,11.154
64,432,2085,6.006,6.006
64,456,147,468.246,24.246
64,456,650,369.801,33.801
64,456,989,266.235,26.235
64,456,1233,262.684,58.684
64,456,1294,272.876,80.876
64,456,1449,179.452,35.452
64,456,1536,157.884,25.884
64,456,1539,131.622,11.622
64,456,1543,223.887,103.887
64,456,1583,197.34,77.34
64,456,1680,175.498,79.498
64,456,1695,191.021,83.021
64,456,1736,160.197,52.197
64,456,1746,138.317,30.317
64,456,1753,100.055,28.055
64,456,1766,142.593,58.593
64,456,1769,105.944,33.944
64,456,1772,142.762,58.762
64,456,1785,145.7,73.7
64,456,1795,101.329,29.329
64,456,1830,123.768,51.768
64,456,1832,167.021,83.021
64,456,1851,176.537,104.537
64,456,1857,100.743,52.743
64,456,1860,166.37,106.37
64,456,1876,95.036,35.036
64,456,1887,76.393,28.393
64,456,1888,152.511,104.511
64,456,1892,77.524,29.524
64,456,1907,82.022,34.022
64,456,1914,114.68,54.68
64,456,1916,137.847,77.847
64,456,1917,111.17,51.17
64,456,1924,104.851,56.851
64,456,1943,133.674,73.674
64,456,1946,59.375,11.375
64,456,1957,76.835,28.835
64,456,1967,116.084,56.084
64,456,1973,30.006,6.006
64,456,2005,53.212,29.212
64,456,2006,70.62,34.62
64,456,2007,66.317,30.317
64,456,2016,97.765,73.765
64,456,2022,43.254,7.254
64,456,2043,110.402,74.402
64,456,2053,60.896,24.896
64,456,2056,82.801,58.801
64,456,2059,50.235,26.235
64,456,2075,61.455,25.455
64,456,2077,77.198,53.198
64,456,2078,93.41,57.41
64,456,2080,100.131,76.131
64,456,2081,132.074,96.074
64,456,2087,92.084,56.084
64,456,2089,65.446,29.446
64,456,2093,42.421,30.421
64,456,2095,70.229,58.229
64,456,2099,7.254,7.254
64,456,2107,55.98,55.98
64,456,2112,8.216,8.216
64,456,2113,18.539,6.539
64,456,2114,108.412,96.412
64,456,2116,21.386,9.386
64,456,2117,18.331,6.331
64,456,2118,17.629,5.629
64,456,2122,55.226,55.226
64,456,2123,6.37,6.37
64,456,2124,5.096,5.096
64,456,2126,34.204,34.204
64,456,2129,19.189,7.189
64,456,2131,51.17,51.17
64,456,2135,6.721,6.721
64,456,2136,116.29,104.29
64,456,2137,4.394,4.394
64,456,2138,41.212,29.212
64,456,2140,85.895,73.895
64,456,2141,57.085,57.085
64,456,2142,25.91,25.91
64,456,2143,65.211,53.211
64,456,2145,11.154,11.154
64,456,2148,40.562,28.562
64,456,2149,77.717,77.717
64,456,2151,74.571,74.571
64,456,2152,6.331,6.331
64,456,2153,8.216,8.216
64,456,2155,23.141,11.141
64,456,2156,33.944,33.944
64,456,2157,38.053,26.053
64,456,2166,17.486,5.486
64,456,2167,36.753,24.753
64,456,2169,73.7,73.7
64,456,2175,38.053,26.053
64,456,2176,6.11,6.11
64,456,2177,19.371,7.371
64,456,2178,3.185,3.185
64,456,2179,5.941,5.941
64,456,2180,41.654,29.654
64,456,2181,67.98,55.98
64,456,2182,15.575,3.575
64,456,2184,70.801,58.801
64,456,2187,42.33,30.33
64,456,2191,11.154,11.154
64,456,2194,23.629,5.629
64,456,2195,21.386,9.386
64,456,2197,11.941,5.941
64,456,2198,61.311,49.311
64,456,2200,25.13,25.13
64,456,2201,6.526,6.526
64,456,2207,107.995,107.995
64,480,566,386.625,26.625
64,480,571,424.743,52.743
64,480,796,345.268,33.268
64,480,979,288.246,24.246
64,480,997,317.263,53.263
64,480,1019,356.33,80.33
64,480,1144,322.709,82.709
64,480,1194,310.202,82.202
64,480,1275,274.801,58.801
64,480,1403,239.348,35.348
64,480,1475,250.709,82.709
64,480,1481,238.749,58.749
64,480,1486,245.119,77.119
64,480,1553,211.642,55.642
64,480,1566,168.246,24.246
64,480,1603,188.41,32.41
64,480,1645,186.654,54.654
64,480,1654,165.996,33.996
64,480,1656,179.893,59.893
64,480,1671,203.021,83.021
64,480,1798,142.139,34.139
64,480,1814,180.777,72.777
64,480,1818,159.17,51.17
64,480,1886,101.446,29.446
64,480,1890,145.7,73.7
64,480,1938,78.526,6.526
64,480,1944,112.666,28.666
64,480,1958,120.934,48.934
64,480,1962,114.317,30.317
64,480,1979,116.396,56.396
64,480,1980,143.086,83.086
64,480,2012,139.498,79.498
64,480,2015,111.768,51.768
64,480,2038,73.91,25.91
64,480,2058,82.62,34.62
64,480,2060,138.029,78.029
64,480,2071,103.642,55.642
64,480,2072,93.164,33.164
64,480,2079,69.1,9.1
64,480,2090,133.492,73.492
64,480,2094,94.593,58.593
64,480,2097,113.691,77.691
64,480,2103,77.198,53.198
64,480,2104,109.7,73.7
64,480,2105,65.446,29.446
64,480,2110,52.185,28.185
64,480,2111,60.896,24.896
64,480,2130,119.086,83.086
64,480,2139,92.708,56.708
64,480,2146,89.575,53.575
64,480,2150,35.141,11.141
64,480,2154,42.24,6.24
64,480,2159,104.408,80.408
64,480,2161,71.127,35.127
64,480,2162,53.446,29.446
64,480,2165,52.185,28.185
64,480,2170,45.646,9.646
64,480,2190,35.206,11.206
64,480,2196,54.356,30.356
64,480,2199,42.331,6.331
64,480,2206,107.021,83.021
64,480,2209,68.084,56.084
64,480,2211,35.4,35.4
64,480,2214,92.408,80.408
64,480,2216,18.331,6.331
64,480,2220,6.331,6.331
64,480,2221,6.37,6.37
64,480,2223,11.7,11.7
64,480,2224,18.201,6.201
64,480,2228,11.245,11.245
64,480,2231,64.587,52.587
64,480,2233,35.946,35.946
64,480,2235,35.036,35.036
64,480,2237,6.136,6.136
64,480,2241,23.622,11.622
64,480,2243,99.766,99.766
64,480,2246,95.008,83.008
64,480,2247,24.87,24.87
64,480,2248,85.674,73.674
64,480,2251,33.216,33.216
64,480,2252,41.654,29.654
64,480,2253,18.006,6.006
64,480,2254,33.216,33.216
64,480,2258,42.902,30.902
64,480,2261,49.441,49.441
64,480,2264,5.486,5.486
64,480,2269,6.331,6.331
64,480,2272,95.021,83.021
64,480,2279,11.375,11.375
