ID,example,method,orderid,orderdist,orderpenaltydist,orderdeliverytime,shortesttriptime
ex4_otd_rundate2022-03-23,4,otd,1,472.8484031,0,20.19891362,20.19891362
ex4_otd_rundate2022-03-23,4,otd,2,1605.634537,1176.971828,169.1250252,47.94232708
ex4_otd_rundate2022-03-23,4,otd,3,496.7845601,0,20.2799422,20.2799422
ex4_otd_rundate2022-03-23,4,otd,4,959.7502327,0,50.2799422,25.05967522
ex4_otd_rundate2022-03-23,4,otd,5,245.5998838,0,14.24520393,8.245203931
ex4_otd_rundate2022-03-23,4,otd,6,496.7845601,0,26.2799422,20.2799422
ex4_otd_rundate2022-03-23,4,otd,7,1275.388244,0,67.31186014,43.31186014
ex4_otd_rundate2022-03-23,4,otd,8,692.5201678,0,27.06923682,20.83286764
ex4_otd_rundate2022-03-23,4,otd,9,308.3379153,0,24.5702605,18.5044975
ex4_otd_rundate2022-03-23,4,otd,10,672.9160897,0,29.65012187,25.53191459
ex4_otd_rundate2022-03-23,4,otd,11,217.9513702,0,5.792768582,5.792768582
ex4_otd_rundate2022-03-23,4,otd,12,1925.678558,1925.678558,248.1975714,66.30582417
ex4_otd_rundate2022-03-23,4,otd,13,1477.320826,846.4404768,174.2786111,41.29123927
ex4_otd_rundate2022-03-23,4,otd,14,2955.663553,2955.663553,266.2439884,80.18768339
ex4_otd_rundate2022-03-23,4,otd,15,2803.586415,1725.758838,212.6982363,57.46018179
ex4_otd_rundate2022-03-23,4,otd,16,1939.970865,0,128.2799422,56.2799422
ex4_otd_rundate2022-03-23,4,otd,17,227.3685256,0,7.616951193,7.616951193
ex4_otd_rundate2022-03-23,4,otd,18,1368.443918,0,61.18612446,55.18612446
ex4_otd_rundate2022-03-23,4,otd,19,240.8789548,0,12.80032439,6.800324389
ex4_otd_rundate2022-03-23,4,otd,20,2330.103599,2330.103599,246.3397254,74.10748111
ex4_otd_rundate2022-03-23,4,otd,21,1426.434597,0,105.4601818,57.46018179
ex4_otd_rundate2022-03-23,4,otd,22,1460.641461,0,107.2912393,41.29123927
ex4_otd_rundate2022-03-23,4,otd,23,1123.967148,0,86.62009215,50.62009215
ex4_otd_rundate2022-03-23,4,otd,24,783.4286109,0,30.57332787,30.35368524
ex4_otd_rundate2022-03-23,4,otd,25,2503.235103,2503.235103,261.8155925,76.78122497
ex4_otd_rundate2022-03-23,4,otd,26,1925.678558,1925.678558,236.1975714,66.30582417
ex4_otd_rundate2022-03-23,4,otd,27,125.6224314,0,6,4.553562676
ex4_otd_rundate2022-03-23,4,otd,28,2330.103599,2330.103599,246.3397254,74.10748111
ex4_otd_rundate2022-03-23,4,otd,29,1539.076045,1539.076045,215.2224998,54.78653828
ex4_otd_rundate2022-03-23,4,otd,30,1223.189503,0,58.78122497,52.78122497
ex4_otd_rundate2022-03-23,4,otd,31,1385.49896,0,155.7221403,35.72214025
ex4_otd_rundate2022-03-23,4,otd,32,1368.443918,0,61.18612446,55.18612446
ex4_otd_rundate2022-03-23,4,otd,33,479.1009593,0,31.31186014,19.31186014
ex4_otd_rundate2022-03-23,4,otd,34,1716.010371,1285.108566,208.4387823,35.72214025
ex4_otd_rundate2022-03-23,4,otd,35,888.6445716,0,47.65012187,37.53191459
ex4_otd_rundate2022-03-23,4,otd,36,1306.309357,0,140.1375305,56.13753052
ex4_otd_rundate2022-03-23,4,otd,37,915.3191413,0,40.30953611,34.30953611
ex4_otd_rundate2022-03-23,4,otd,38,959.7502327,0,45.43417667,27.20443652
ex4_otd_rundate2022-03-23,4,otd,39,842.4604149,0,33.05051833,27.05051833
ex4_otd_rundate2022-03-23,4,otd,40,690.1309701,690.1309701,185.7745589,36.74966073
ex4_otd_rundate2022-03-23,4,otd,41,1029.264424,0,56.00131328,44.00131328
ex4_otd_rundate2022-03-23,4,otd,42,949.971033,0,47.94232708,29.94232708
ex4_otd_rundate2022-03-23,4,otd,43,2676.946263,2676.946263,250.6439884,68.18768339
ex4_otd_rundate2022-03-23,4,otd,44,2093.484115,2093.484115,244.4982363,63.46018179
ex4_otd_rundate2022-03-23,4,otd,45,1640.117384,0,73.18612446,61.18612446
ex4_otd_rundate2022-03-23,4,otd,46,2507.080761,2507.080761,277.1657675,93.20443652
ex4_otd_rundate2022-03-23,4,otd,47,180.5588058,0,5.073730041,5.073730041
ex4_otd_rundate2022-03-23,4,otd,48,1900.580347,1900.580347,230.8224998,66.78653828
ex4_otd_rundate2022-03-23,4,otd,49,575.8949719,0,38.01487986,24.5044975
ex4_otd_rundate2022-03-23,4,otd,50,1029.264424,0,49.46773841,43.46773841
ex4_otd_rundate2022-03-23,4,otd,51,1558.596107,0,67.31186014,61.31186014
ex4_otd_rundate2022-03-23,4,otd,52,1113.629679,1113.629679,192.9439389,23.80302991
ex4_otd_rundate2022-03-23,4,otd,53,2778.212611,2778.212611,272.9657675,99.20443652
ex4_otd_rundate2022-03-23,4,otd,54,1116.013097,0,63.16200977,51.16200977
ex4_otd_rundate2022-03-23,4,otd,55,832.546611,0,41.72214025,29.72214025
ex4_otd_rundate2022-03-23,4,otd,56,1539.076045,1539.076045,220.5975714,54.30582417
ex4_otd_rundate2022-03-23,4,otd,57,2844.903421,2844.903421,314.0990009,116.9992315
ex4_otd_rundate2022-03-23,4,otd,58,1093.851201,0,62.46671945,44.46671945
ex4_otd_rundate2022-03-23,4,otd,59,245.5998838,0,14.24520393,8.245203931
ex4_otd_rundate2022-03-23,4,otd,60,265.9841254,0,15.77715618,9.777156177
ex4_otd_rundate2022-03-23,4,otd,61,773.9265404,0,76.5722728,34.5722728
ex4_otd_rundate2022-03-23,4,otd,62,1219.269252,0,60.63030335,47.08206564
ex4_otd_rundate2022-03-23,4,otd,63,484.3969467,0,23.51726875,13.21165365
ex4_otd_rundate2022-03-23,4,otd,64,959.7502327,0,45.43417667,27.20443652
ex4_otd_rundate2022-03-23,4,otd,65,633.093091,633.093091,206.6990009,38.99923149
ex4_otd_rundate2022-03-23,4,otd,66,1640.117574,0,85.18612446,61.18612446
ex4_otd_rundate2022-03-23,4,otd,67,949.971033,0,35.94232708,29.94232708
ex4_otd_rundate2022-03-23,4,otd,68,413.8339893,413.8339893,183.9745589,30.74966073
ex4_otd_rundate2022-03-23,4,otd,69,956.3683532,0,33.20443652,33.20443652
ex4_otd_rundate2022-03-23,4,otd,70,1558.596297,0,85.31186014,61.31186014
ex4_otd_rundate2022-03-23,4,otd,71,1928.22334,1928.22334,233.6990009,68.99923149
ex4_otd_rundate2022-03-23,4,otd,72,176.1315296,0,6,5.650121865
ex4_otd_rundate2022-03-23,4,otd,73,1558.596297,0,81.16200977,63.16200977
ex4_otd_rundate2022-03-23,4,otd,74,855.8312168,0,23.94232708,23.94232708
ex4_otd_rundate2022-03-23,4,otd,75,915.3191413,0,31.46773841,31.46773841
ex4_otd_rundate2022-03-23,4,otd,76,1234.974746,0,68.87746083,20.87746083
ex4_otd_rundate2022-03-23,4,otd,77,255.3379787,0,12.86057705,6.86057705
ex4_otd_rundate2022-03-23,4,otd,78,2093.484115,2093.484115,232.4982363,63.46018179
ex4_otd_rundate2022-03-23,4,otd,79,65.96499424,0,6,1.75
ex4_otd_rundate2022-03-23,4,otd,80,1683.106553,1683.106553,219.8990009,62.99923149
ex4_otd_rundate2022-03-23,4,otd,81,334.3316596,0,8.7038975,8.7038975
ex4_otd_rundate2022-03-23,4,otd,82,1387.034588,1387.034588,200.7439389,29.80302991
ex4_otd_rundate2022-03-23,4,otd,83,1683.106553,1683.106553,231.8990009,62.99923149
ex4_otd_rundate2022-03-23,4,otd,84,617.3459193,617.3459193,188.2224998,24.78653828
ex4_otd_rundate2022-03-23,4,otd,85,1746.036999,0,69.06923682,68.83286764
ex4_otd_rundate2022-03-23,4,otd,86,888.6445716,0,65.65012187,37.53191459
ex4_otd_rundate2022-03-23,4,otd,87,1204.347939,0,61.71961917,55.71961917
ex4_otd_rundate2022-03-23,4,otd,88,675.9241307,0,55.18612446,31.18612446
ex4_otd_rundate2022-03-23,4,otd,89,2093.484115,2093.484115,220.4982363,63.46018179
ex4_otd_rundate2022-03-23,4,otd,90,444.088595,0,18.98912993,12.98912993
ex4_otd_rundate2022-03-23,4,otd,91,1539.076045,1539.076045,220.5975714,54.30582417
ex4_otd_rundate2022-03-23,4,otd,92,173.9376961,0,5.736752688,5.736752688
ex4_otd_rundate2022-03-23,4,otd,93,486.6102017,0,28.30953611,22.30953611
ex4_otd_rundate2022-03-23,4,otd,94,2334.136724,1256.882211,181.7377898,41.02906907
ex4_otd_rundate2022-03-23,4,otd,95,748.4083551,0,23.94232708,23.94232708
ex4_otd_rundate2022-03-23,4,otd,96,748.4083551,0,23.94232708,23.94232708
ex4_otd_rundate2022-03-23,4,otd,97,677.9570498,0,25.46773841,25.46773841
ex4_otd_rundate2022-03-23,4,otd,98,498.106854,0,27.27975892,21.27975893
ex4_otd_rundate2022-03-23,4,otd,99,1333.499121,0,62.46671945,56.46671945
ex4_otd_rundate2022-03-23,4,otd,100,2093.484115,2093.484115,220.4982363,63.46018179
ex4_otd_rundate2022-03-23,4,otd,101,245.5998838,0,14.24520393,8.245203931
ex4_otd_rundate2022-03-23,4,otd,102,1539.076045,1539.076045,220.5975714,54.30582417
ex4_otd_rundate2022-03-23,4,otd,103,748.4083551,0,23.94232708,23.94232708
ex4_otd_rundate2022-03-23,4,otd,104,959.7502327,0,51.43417667,27.20443652
ex4_otd_rundate2022-03-23,4,otd,105,1150.854479,0,45.2974548,44.44402778
ex4_otd_rundate2022-03-23,4,otd,106,451.1163339,0,20.24520393,20.24520393
ex4_otd_rundate2022-03-23,4,otd,107,1100.062709,0,45.20443652,39.20443652
ex4_otd_rundate2022-03-23,4,otd,108,888.6445716,0,47.65012187,37.53191459
ex4_otd_rundate2022-03-23,4,otd,109,2264.689471,2264.689471,249.1116827,76.23975592
ex4_otd_rundate2022-03-23,4,otd,110,785.1591464,0,41.07373004,29.07373004
ex4_otd_rundate2022-03-23,4,otd,111,579.6426963,0,17.07373004,17.07373004
ex4_otd_rundate2022-03-23,4,otd,112,677.9570498,0,25.46773841,25.46773841
ex4_otd_rundate2022-03-23,4,otd,113,1426.434597,0,81.46018179,57.46018179
ex4_otd_rundate2022-03-23,4,otd,114,2547.342814,0,129.62178,9.621779987
ex4_otd_rundate2022-03-23,4,otd,115,692.5201678,0,29.76499377,23.76499377
ex4_otd_rundate2022-03-23,4,otd,116,1100.062709,0,45.20443652,39.20443652
ex4_otd_rundate2022-03-23,4,otd,117,852.0552802,0,41.65012187,37.53191459
ex4_otd_rundate2022-03-23,4,otd,118,385.5142457,0,18.63030335,12.63030335
ex4_otd_rundate2022-03-23,4,otd,119,1083.508791,0,42.59528735,13.05967522
ex4_otd_rundate2022-03-23,4,otd,120,1387.034588,1387.034588,176.7439389,29.80302991
ex4_otd_rundate2022-03-23,4,otd,121,275.5801174,0,9.70961287,9.70961287
ex4_otd_rundate2022-03-23,4,otd,122,766.3319038,0,33.54884996,33.54884996
ex4_otd_rundate2022-03-23,4,otd,123,240.8789548,0,6.800324389,6.800324389
ex4_otd_rundate2022-03-23,4,otd,124,677.9569547,0,28.6799275,28.6799275
ex4_otd_rundate2022-03-23,4,otd,125,249.8648853,0,7.49482566,7.49482566
ex4_otd_rundate2022-03-23,4,otd,126,572.3979404,0,18.36332796,18.36332796
ex4_otd_rundate2022-03-23,4,otd,127,1083.508791,0,42.59528735,13.05967522
ex4_otd_rundate2022-03-23,4,otd,128,135.3026374,0,4.679927501,4.679927501
ex4_otd_rundate2022-03-23,4,otd,129,173.9376961,0,5.476895687,5.476895687
ex4_otd_rundate2022-03-23,4,otd,130,572.3979404,0,23.72214025,23.72214025
ex4_otd_rundate2022-03-23,4,otd,131,1405.03321,0,69.16200977,57.16200977
ex4_otd_rundate2022-03-23,4,otd,132,1676.706676,0,69.16200977,63.16200977
ex4_otd_rundate2022-03-23,4,otd,133,291.6610287,0,10.32215408,10.32215408
ex4_otd_rundate2022-03-23,4,otd,134,472.2198346,0,21.05051833,15.05051833
ex4_otd_rundate2022-03-23,4,otd,135,959.7502327,0,45.43417667,27.20443652
ex4_otd_rundate2022-03-23,4,otd,136,377.3568457,0,11.47689569,11.47689569
ex4_otd_rundate2022-03-23,4,otd,137,1214.679226,0,57.46018179,51.46018179
ex4_otd_rundate2022-03-23,4,otd,138,1045.240233,0,81.20443652,39.20443652
ex4_otd_rundate2022-03-23,4,otd,139,245.5998838,0,8.245203931,8.245203931
ex4_otd_rundate2022-03-23,4,otd,140,1522.300608,755.9684351,164.1787897,56.13753052
ex4_otd_rundate2022-03-23,4,otd,141,135.3026374,0,4.679927501,4.679927501
ex4_otd_rundate2022-03-23,4,otd,142,878.5595053,0,41.07373004,35.07373004
ex4_otd_rundate2022-03-23,4,otd,143,855.8312168,0,23.94232708,23.94232708
ex4_otd_rundate2022-03-23,4,otd,144,959.7502327,0,57.43417667,27.20443652
ex4_otd_rundate2022-03-23,4,otd,145,1299.268573,0,57.16200977,51.16200977
ex4_otd_rundate2022-03-23,4,otd,146,1925.678558,1925.678558,226.329112,67.94547078
ex4_otd_rundate2022-03-23,4,otd,147,245.5998838,0,8.245203931,8.245203931
ex4_otd_rundate2022-03-23,4,otd,148,470.4131842,0,20.7038975,14.7038975
ex4_otd_rundate2022-03-23,4,otd,149,2427.03324,2427.03324,233.1419618,73.18612446
ex4_otd_rundate2022-03-23,4,otd,150,629.1274613,0,23.73675269,23.73675269
ex4_otd_rundate2022-03-23,4,otd,151,1214.679226,0,57.46018179,51.46018179
ex4_otd_rundate2022-03-23,4,otd,152,959.7502327,0,57.43417667,27.20443652
ex4_otd_rundate2022-03-23,4,otd,153,766.3319038,0,33.54884996,33.54884996
ex4_otd_rundate2022-03-23,4,otd,154,1548.166193,0,71.08206564,65.08206564
ex4_otd_rundate2022-03-23,4,otd,155,412.2975855,0,25.26842878,19.26842878
ex4_otd_rundate2022-03-23,4,otd,156,366.9598439,0,16.14914187,12.12779746
ex4_otd_rundate2022-03-23,4,otd,157,512.2381445,0,26.90426507,20.90426507
ex4_otd_rundate2022-03-23,4,otd,158,1522.006816,0,73.31186014,61.31186014
ex4_otd_rundate2022-03-23,4,otd,159,316.0713588,0,12.22280836,12.22280836
ex4_otd_rundate2022-03-23,4,otd,160,668.6633192,0,26.7038975,8.7038975
ex4_otd_rundate2022-03-23,4,otd,161,852.0552802,0,47.65012187,37.53191459
ex4_otd_rundate2022-03-23,4,otd,162,792.7933717,0,35.47689569,29.47689569
ex4_otd_rundate2022-03-23,4,otd,163,1558.596107,0,75.16200977,63.16200977
ex4_otd_rundate2022-03-23,4,otd,164,795.7667679,0,58.69888532,33.82442395
ex4_otd_rundate2022-03-23,4,otd,165,530.5710777,0,23.72214025,17.72214025
ex4_otd_rundate2022-03-23,4,otd,166,2264.689471,2264.689471,231.1116827,76.23975592
ex4_otd_rundate2022-03-23,4,otd,167,496.7845601,0,26.2799422,20.2799422
ex4_otd_rundate2022-03-23,4,otd,168,1033.18378,0,75.46018179,39.46018179
ex4_otd_rundate2022-03-23,4,otd,169,1539.076045,1539.076045,202.5975714,54.30582417
ex4_otd_rundate2022-03-23,4,otd,170,915.3191413,0,37.46773841,31.46773841
ex4_otd_rundate2022-03-23,4,otd,171,949.971033,0,53.94232708,29.94232708
ex4_otd_rundate2022-03-23,4,otd,172,472.8484031,0,26.19891362,20.19891362
ex4_otd_rundate2022-03-23,4,otd,173,255.3379787,0,12.86057705,6.86057705
ex4_otd_rundate2022-03-23,4,otd,174,633.093091,633.093091,182.6990009,38.99923149
ex4_otd_rundate2022-03-23,4,otd,175,1539.076045,1539.076045,202.5975714,54.30582417
ex4_otd_rundate2022-03-23,4,otd,176,926.7690261,0,48.09206979,42.09206979
ex4_otd_rundate2022-03-23,4,otd,177,1783.13997,0,99.62177999,9.621779987
ex4_otd_rundate2022-03-23,4,otd,178,1439.007171,0,72.09206979,64.23975592
ex4_otd_rundate2022-03-23,4,otd,179,1368.443918,0,87.06923682,56.83286764
ex4_otd_rundate2022-03-23,4,otd,180,1042.905856,0,43.18612446,43.18612446
ex4_otd_rundate2022-03-23,4,otd,181,954.1264207,0,42.09206979,40.23975592
ex4_otd_rundate2022-03-23,4,otd,182,479.1009593,0,19.31186014,19.31186014
ex4_otd_rundate2022-03-23,4,otd,183,651.3577057,0,32.19891361,26.19891362
ex4_otd_rundate2022-03-23,4,otd,184,1522.006816,0,79.31186014,61.31186014
ex4_otd_rundate2022-03-23,4,otd,185,2300.410046,2300.410046,213.5054182,67.31186014
ex4_otd_rundate2022-03-23,4,otd,186,287.3163387,0,10.5722728,10.5722728
ex4_otd_rundate2022-03-23,4,otd,187,1843.036879,1843.036879,198.4355049,55.71961917
ex4_otd_rundate2022-03-23,4,otd,188,1402.27311,0,56.2799422,56.2799422
ex4_otd_rundate2022-03-23,4,otd,189,1079.495148,0,45.16200977,45.16200977
ex4_otd_rundate2022-03-23,4,otd,190,351.3374252,0,20.00131328,20.00131328
ex4_otd_rundate2022-03-23,4,otd,191,245.5998838,0,8.245203931,8.245203931
ex4_otd_rundate2022-03-23,4,otd,192,1154.748026,0,38.54504368,37.97987556
ex4_otd_rundate2022-03-23,4,otd,193,572.3979404,0,23.72214025,23.72214025
ex4_otd_rundate2022-03-23,4,otd,194,240.8789548,0,6.800324389,6.800324389
ex4_otd_rundate2022-03-23,4,otd,195,579.6426963,0,17.07373004,17.07373004
ex4_otd_rundate2022-03-23,4,otd,196,413.8339893,413.8339893,157.8519085,29.11685269
ex4_otd_rundate2022-03-23,4,otd,197,1552.321711,0,85.31186014,55.31186014
ex4_otd_rundate2022-03-23,4,otd,198,538.2591519,0,17.94232708,17.94232708
ex4_otd_rundate2022-03-23,4,otd,199,470.4131842,0,14.7038975,14.7038975
ex4_otd_rundate2022-03-23,4,otd,200,2163.312333,2163.312333,219.1012449,76.23172685
ex4_otd_rundate2022-03-23,4,otd,201,1683.106553,1683.106553,201.8990009,62.99923149
ex4_otd_rundate2022-03-23,4,otd,202,1008.304868,0,53.07373004,41.07373004
ex4_otd_rundate2022-03-23,4,otd,203,572.3979404,0,29.72214025,23.72214025
ex4_otd_rundate2022-03-23,4,otd,204,166.7755742,0,6,5.794532967
ex4_otd_rundate2022-03-23,4,otd,205,1776.888225,1776.888225,180.2023969,46.30953611
ex4_otd_rundate2022-03-23,4,otd,206,915.3191413,0,37.46773841,31.46773841
ex4_otd_rundate2022-03-23,4,otd,207,2623.948486,1725.758838,194.6982363,57.46018179
ex4_otd_rundate2022-03-23,4,otd,208,757.6036625,0,39.2974548,29.58862278
ex4_otd_rundate2022-03-23,4,otd,209,1391.920992,1391.920992,161.8439884,32.18768339
ex4_otd_rundate2022-03-23,4,otd,210,818.2708144,0,39.2974548,32.44402778
ex4_otd_rundate2022-03-23,4,otd,211,572.3979404,0,29.72214025,23.72214025
ex4_otd_rundate2022-03-23,4,otd,212,1387.034588,1387.034588,158.7439389,29.80302991
ex4_otd_rundate2022-03-23,4,otd,213,1878.086959,1878.086959,206.8224998,66.78653828
ex4_otd_rundate2022-03-23,4,otd,214,339.7397,0,14.24520393,14.24520393
ex4_otd_rundate2022-03-23,4,otd,215,240.8789548,0,12.80032439,6.800324389
ex4_otd_rundate2022-03-23,4,otd,216,1640.117384,0,85.18612446,61.18612446
ex4_otd_rundate2022-03-23,4,otd,217,1558.596107,0,75.16200977,63.16200977
ex4_otd_rundate2022-03-23,4,otd,218,653.1321451,0,34.78122497,28.78122497
ex4_otd_rundate2022-03-23,4,otd,219,653.1321451,0,34.78122497,28.78122497
ex4_otd_rundate2022-03-23,4,otd,220,878.5595053,0,41.07373004,35.07373004
ex4_otd_rundate2022-03-23,4,otd,221,249.8648853,0,7.49482566,7.49482566
ex4_otd_rundate2022-03-23,4,otd,222,669.9515354,0,31.31186014,25.31186014
ex4_otd_rundate2022-03-23,4,otd,223,827.8687359,827.8687359,155.5503747,31.96182667
ex4_otd_rundate2022-03-23,4,otd,224,451.1163339,0,20.24520393,20.24520393
ex4_otd_rundate2022-03-23,4,otd,225,1229.648361,0,82.48611722,52.48611722
ex4_otd_rundate2022-03-23,4,otd,226,1548.166193,0,65.08206564,65.08206564
ex4_otd_rundate2022-03-23,4,otd,227,2631.273792,2631.273792,214.2066853,77.08206564
ex4_otd_rundate2022-03-23,4,otd,228,2427.03324,2427.03324,210.4439884,74.18768339
ex4_otd_rundate2022-03-23,4,otd,229,1100.062709,0,45.20443652,39.20443652
ex4_otd_rundate2022-03-23,4,otd,230,3207.004689,1479.081581,188.3106127,57.16200977
ex4_otd_rundate2022-03-23,4,otd,231,846.083065,0,47.76499377,24.42
ex4_otd_rundate2022-03-23,4,otd,232,1387.034588,1387.034588,152.7439389,29.80302991
ex4_otd_rundate2022-03-23,4,otd,233,828.8428699,828.8428699,137.1439389,17.80302991
ex4_otd_rundate2022-03-23,4,otd,234,832.546611,0,35.72214025,29.72214025
ex4_otd_rundate2022-03-23,4,otd,235,761.0791326,0,29.72214025,29.72214025
ex4_otd_rundate2022-03-23,4,otd,236,956.3683532,0,33.20443652,33.20443652
ex4_otd_rundate2022-03-23,4,otd,237,1029.264424,0,56.00131328,44.00131328
ex4_otd_rundate2022-03-23,4,otd,238,1214.679226,0,57.46018179,51.46018179
ex4_otd_rundate2022-03-23,4,otd,239,1033.18378,0,45.46018179,39.46018179
ex4_otd_rundate2022-03-23,4,otd,240,748.4083551,0,21.05051833,21.05051833
ex4_otd_rundate2022-03-23,4,otd,241,2041.723506,130.7605024,117.3085568,43.97987556
ex4_otd_rundate2022-03-23,4,otd,242,1726.790495,1726.790495,220.310303,81.77715618
ex4_otd_rundate2022-03-23,4,otd,243,1150.854479,0,93.2974548,44.44402778
ex4_otd_rundate2022-03-23,4,otd,244,1677.100147,1677.100147,181.9012449,52.23172685
ex4_otd_rundate2022-03-23,4,otd,245,1539.076045,1539.076045,185.2224998,54.78653828
ex4_otd_rundate2022-03-23,4,otd,246,764.7451147,0,32.13753052,32.13753052
ex4_otd_rundate2022-03-23,4,otd,247,1672.541695,1672.541695,177.9751497,49.21165365
ex4_otd_rundate2022-03-23,4,otd,248,1571.114685,0,81.16200977,69.16200977
ex4_otd_rundate2022-03-23,4,otd,249,2960.158531,1479.081581,188.3106127,57.16200977
ex4_otd_rundate2022-03-23,4,otd,250,339.7397,0,20.24520393,14.24520393
ex4_otd_rundate2022-03-23,4,otd,251,1460.978194,0,80.2799422,50.2799422
ex4_otd_rundate2022-03-23,4,otd,252,959.7502327,0,57.43417667,27.20443652
ex4_otd_rundate2022-03-23,4,otd,253,1048.630256,0,49.25,39.16200977
ex4_otd_rundate2022-03-23,4,otd,254,2814.046205,345.5846217,122.4724007,6.51723128
ex4_otd_rundate2022-03-23,4,otd,255,852.0552802,0,41.65012187,37.53191459
ex4_otd_rundate2022-03-23,4,otd,256,1437.915407,0,54.09206979,48.09206979
ex4_otd_rundate2022-03-23,4,otd,257,472.2198346,0,15.05051833,15.05051833
ex4_otd_rundate2022-03-23,4,otd,258,739.3240922,0,29.02906907,23.02906907
ex4_otd_rundate2022-03-23,4,otd,259,915.3191413,0,37.46773841,31.46773841
ex4_otd_rundate2022-03-23,4,otd,260,472.2198346,0,15.05051833,15.05051833
ex4_otd_rundate2022-03-23,4,otd,261,250.2220457,0,14.06843777,8.068437771
ex4_otd_rundate2022-03-23,4,otd,262,949.971033,0,53.94232708,29.94232708
ex4_otd_rundate2022-03-23,4,otd,263,757.6036625,0,39.2974548,29.58862278
ex4_otd_rundate2022-03-23,4,otd,264,334.3316596,0,14.87746083,8.877460834
ex4_otd_rundate2022-03-23,4,otd,265,293.7092126,0,14.19891361,8.198913615
ex4_otd_rundate2022-03-23,4,otd,266,1548.166193,0,75.16200977,63.16200977
ex4_otd_rundate2022-03-23,4,otd,267,1100.062709,0,51.20443652,39.20443652
ex4_otd_rundate2022-03-23,4,otd,268,377.3568457,0,11.72214025,11.72214025
ex4_otd_rundate2022-03-23,4,otd,269,1539.076045,1539.076045,178.5975714,54.30582417
ex4_otd_rundate2022-03-23,4,otd,270,1522.300339,755.9684351,134.1787897,56.13753052
ex4_otd_rundate2022-03-23,4,otd,271,2308.249417,661.9877643,132.9419618,67.18612446
ex4_otd_rundate2022-03-23,4,otd,272,412.89731,0,13.9278441,13.9278441
ex4_otd_rundate2022-03-23,4,otd,273,1558.596107,0,75.16200977,63.16200977
ex4_otd_rundate2022-03-23,4,otd,274,1130.298257,0,93.62177999,23.39329694
ex4_otd_rundate2022-03-23,4,otd,275,230.5080549,0,9.20443652,9.20443652
ex4_otd_rundate2022-03-23,4,otd,276,1426.434597,0,81.46018179,57.46018179
ex4_otd_rundate2022-03-23,4,otd,277,668.6633192,0,20.7038975,8.7038975
ex4_otd_rundate2022-03-23,4,otd,278,270.9805777,0,8.537859669,8.187683389
ex4_otd_rundate2022-03-23,4,otd,279,223.8970149,0,7.75369283,7.75369283
ex4_otd_rundate2022-03-23,4,otd,280,274.0342071,0,10.14914187,10.14914187
ex4_otd_rundate2022-03-23,4,otd,281,1683.106553,1683.106553,183.8990009,62.99923149
ex4_otd_rundate2022-03-23,4,otd,282,1282.394111,983.4773022,132.8387823,41.72214025
ex4_otd_rundate2022-03-23,4,otd,283,519.7040897,0,54.80032439,24.80032439
ex4_otd_rundate2022-03-23,4,otd,284,223.8970149,0,7.75369283,7.75369283
ex4_otd_rundate2022-03-23,4,otd,285,2204.866182,1558.513475,155.3377898,41.02906907
ex4_otd_rundate2022-03-23,4,otd,286,377.3568457,0,11.72214025,11.72214025
ex4_otd_rundate2022-03-23,4,otd,287,1387.034588,1387.034588,140.7439389,29.80302991
ex4_otd_rundate2022-03-23,4,otd,288,1690.086204,0,77.08206563,67.67460528
ex4_otd_rundate2022-03-23,4,otd,289,413.8339893,413.8339893,141.9745589,30.74966073
ex4_otd_rundate2022-03-23,4,otd,290,287.3163387,0,10.5722728,10.5722728
ex4_otd_rundate2022-03-23,4,otd,291,125.6224314,0,4.553562676,4.553562676
ex4_otd_rundate2022-03-23,4,otd,292,615.3632822,0,23.94232708,17.94232708
ex4_otd_rundate2022-03-23,4,otd,293,1154.748026,0,38.54504368,37.97987556
ex4_otd_rundate2022-03-23,4,otd,294,2427.03324,2427.03324,197.1419618,73.18612446
ex4_otd_rundate2022-03-23,4,otd,295,1434.193489,1434.193489,153.2982363,39.46018179
ex4_otd_rundate2022-03-23,4,otd,296,359.2758589,0,18.5702605,6.570260496
ex4_otd_rundate2022-03-23,4,otd,297,630.685056,0,31.61238484,19.61238484
ex4_otd_rundate2022-03-23,4,otd,298,179.6379295,0,7.710116202,7.710116202
ex4_otd_rundate2022-03-23,4,otd,299,359.2758589,0,18.5702605,6.570260496
ex4_otd_rundate2022-03-23,4,otd,300,2567.200047,345.5846217,110.4724007,6.51723128
ex4_otd_rundate2022-03-23,4,otd,301,1677.100147,1677.100147,169.9012449,52.23172685
ex4_otd_rundate2022-03-23,4,otd,302,1139.344179,0,68.54504368,43.97987556
ex4_otd_rundate2022-03-23,4,otd,303,1905.938818,1905.938818,178.4982363,63.46018179
ex4_otd_rundate2022-03-23,4,otd,304,479.1009593,0,25.31186014,19.31186014
ex4_otd_rundate2022-03-23,4,otd,305,245.5998838,0,14.24520393,8.245203931
ex4_otd_rundate2022-03-23,4,otd,306,2300.410046,2300.410046,183.5054182,67.31186014
ex4_otd_rundate2022-03-23,4,otd,307,270.6052747,0,10.6799275,4.679927501
ex4_otd_rundate2022-03-23,4,otd,308,472.5859265,0,24.80032439,18.80032439
ex4_otd_rundate2022-03-23,4,otd,309,2631.273792,2631.273792,196.2066853,77.08206564
ex4_otd_rundate2022-03-23,4,otd,310,1859.664624,959.0215379,131.1656738,27.05051833
ex4_otd_rundate2022-03-23,4,otd,311,959.7506129,0,75.43417667,27.20443652
ex4_otd_rundate2022-03-23,4,otd,312,1113.629679,1113.629679,126.9439389,23.80302991
ex4_otd_rundate2022-03-23,4,otd,313,855.8312168,0,29.94232708,23.94232708
ex4_otd_rundate2022-03-23,4,otd,314,949.971033,0,41.94232708,29.94232708
ex4_otd_rundate2022-03-23,4,otd,315,385.5142457,0,12.63030335,12.63030335
ex4_otd_rundate2022-03-23,4,otd,316,413.8339893,413.8339893,135.9745589,30.74966073
ex4_otd_rundate2022-03-23,4,otd,317,179.6379295,0,13.7101162,7.710116202
ex4_otd_rundate2022-03-23,4,otd,318,1154.748026,0,44.54504368,37.97987556
ex4_otd_rundate2022-03-23,4,otd,319,1150.854479,0,87.2974548,44.44402778
ex4_otd_rundate2022-03-23,4,otd,320,659.5216215,0,23.08206564,23.08206564
ex4_otd_rundate2022-03-23,4,otd,321,994.2167319,0,63.62177999,23.39329694
ex4_otd_rundate2022-03-23,4,otd,322,334.3316596,0,14.7038975,8.7038975
ex4_otd_rundate2022-03-23,4,otd,323,653.1320501,0,34.78122497,28.78122497
ex4_otd_rundate2022-03-23,4,otd,324,1233.756432,0,49.18612446,43.18612446
ex4_otd_rundate2022-03-23,4,otd,325,1368.443918,0,75.06923682,56.83286764
ex4_otd_rundate2022-03-23,4,otd,326,1284.493389,0,60.09206979,42.09206979
ex4_otd_rundate2022-03-23,4,otd,327,243.7285709,0,13.61188332,7.611883319
ex4_otd_rundate2022-03-23,4,otd,328,659.5216215,0,23.54671844,20.83286764
ex4_otd_rundate2022-03-23,4,otd,329,617.3459193,617.3459193,128.2224998,24.78653828
ex4_otd_rundate2022-03-23,4,otd,330,959.7502327,0,51.43417667,27.20443652
ex4_otd_rundate2022-03-23,4,otd,331,846.083065,0,41.76499377,24.42
ex4_otd_rundate2022-03-23,4,otd,332,1548.166383,0,83.08206563,65.08206564
ex4_otd_rundate2022-03-23,4,otd,333,985.9746021,985.9746021,142.4944919,35.76499377
ex4_otd_rundate2022-03-23,4,otd,334,1029.264424,0,49.46773841,43.46773841
ex4_otd_rundate2022-03-23,4,otd,335,1023.757393,1023.757393,127.2839058,28.6799275
ex4_otd_rundate2022-03-23,4,otd,336,496.7845601,0,20.2799422,20.2799422
ex4_otd_rundate2022-03-23,4,otd,337,332.583665,0,11.53751889,11.53751889
ex4_otd_rundate2022-03-23,4,otd,338,1045.239964,0,81.20443652,39.20443652
ex4_otd_rundate2022-03-23,4,otd,339,2507.080761,2507.080761,210.8990009,92.99923149
ex4_otd_rundate2022-03-23,4,otd,340,853.0403746,0,40.6799275,34.6799275
ex4_otd_rundate2022-03-23,4,otd,341,1439.05268,759.7160443,115.3080599,49.46773841
ex4_otd_rundate2022-03-23,4,otd,342,432.0947744,432.0947744,104.4332717,11.10251669
ex4_otd_rundate2022-03-23,4,otd,343,855.8312168,0,23.94232708,23.94232708
ex4_otd_rundate2022-03-23,4,otd,344,377.3568457,0,11.47689569,11.47689569
ex4_otd_rundate2022-03-23,4,otd,345,740.5488593,0,29.66783867,23.66783867
ex4_otd_rundate2022-03-23,4,otd,346,739.9766177,0,68.89976935,20.89976935
ex4_otd_rundate2022-03-23,4,otd,347,904.8184926,0,46.23172685,34.23172685
ex4_otd_rundate2022-03-23,4,otd,348,1606.325661,1606.325661,153.0724007,48.51723128
ex4_otd_rundate2022-03-23,4,otd,349,915.3191413,0,31.46773841,31.46773841
ex4_otd_rundate2022-03-23,4,otd,350,1100.062709,0,45.20443652,39.20443652
ex4_otd_rundate2022-03-23,4,otd,351,852.0552802,0,41.65012187,37.53191459
ex4_otd_rundate2022-03-23,4,otd,352,1048.381325,1048.381325,128.4652096,29.58862278
ex4_otd_rundate2022-03-23,4,otd,353,1692.379225,614.5516488,114.8213405,19.09333885
ex4_otd_rundate2022-03-23,4,otd,354,245.5998838,0,8.245203931,8.245203931
ex4_otd_rundate2022-03-23,4,otd,355,2128.512822,1678.191279,152.5196907,48.09206979
ex4_otd_rundate2022-03-23,4,otd,356,1522.006816,0,67.18612446,61.18612446
ex4_otd_rundate2022-03-23,4,otd,357,217.7409579,0,6.594898214,6.594898214
ex4_otd_rundate2022-03-23,4,otd,358,240.8789548,0,6.800324389,6.800324389
ex4_otd_rundate2022-03-23,4,otd,359,764.7451147,0,32.13753052,32.13753052
ex4_otd_rundate2022-03-23,4,otd,360,677.9570498,0,31.46773841,25.46773841
ex4_otd_rundate2022-03-23,4,otd,361,1093.850932,0,44.46671945,44.46671945
ex4_otd_rundate2022-03-23,4,otd,362,2320.353888,345.5846217,99.29041134,7.146470262
ex4_otd_rundate2022-03-23,4,otd,363,764.7451147,0,32.13753052,32.13753052
ex4_otd_rundate2022-03-23,4,otd,364,385.5142457,0,18.63030335,12.63030335
ex4_otd_rundate2022-03-23,4,otd,365,1204.348034,0,67.71961917,55.71961917
ex4_otd_rundate2022-03-23,4,otd,366,693.4737276,0,31.03207959,17.33178681
ex4_otd_rundate2022-03-23,4,otd,367,579.6426963,0,23.07373004,17.07373004
ex4_otd_rundate2022-03-23,4,otd,368,1656.818778,994.6933861,134.1594158,38.58416597
ex4_otd_rundate2022-03-23,4,otd,369,1640.117384,0,73.18612446,61.18612446
ex4_otd_rundate2022-03-23,4,otd,370,748.4083551,0,29.94232708,23.94232708
ex4_otd_rundate2022-03-23,4,otd,371,832.546611,0,35.72214025,29.72214025
ex4_otd_rundate2022-03-23,4,otd,372,230.5080549,0,15.20443652,9.20443652
ex4_otd_rundate2022-03-23,4,otd,373,1437.915407,0,60.09206979,48.09206979
ex4_otd_rundate2022-03-23,4,otd,374,392.9978688,0,15.13462963,15.13462963
ex4_otd_rundate2022-03-23,4,otd,375,2016.785575,2016.785575,205.613505,93.54884996
ex4_otd_rundate2022-03-23,4,otd,376,651.3577057,0,26.19891361,26.19891362
ex4_otd_rundate2022-03-23,4,otd,377,1640.117384,0,73.18612446,61.18612446
ex4_otd_rundate2022-03-23,4,otd,378,468.6710454,0,15.25619282,15.25619282
ex4_otd_rundate2022-03-23,4,otd,379,579.6426963,0,23.07373004,17.07373004
ex4_otd_rundate2022-03-23,4,otd,380,274.0342071,0,16.14914187,10.14914187
ex4_otd_rundate2022-03-23,4,otd,381,788.0621041,0,35.54671844,26.40658722
ex4_otd_rundate2022-03-23,4,otd,382,651.3577057,0,26.19891361,26.19891362
ex4_otd_rundate2022-03-23,4,otd,383,982.047327,0,68.62009215,44.62009215
ex4_otd_rundate2022-03-23,4,otd,384,240.8789548,0,6.800324389,6.800324389
ex4_otd_rundate2022-03-23,4,otd,385,546.8616173,0,21.2974548,20.44402778
ex4_otd_rundate2022-03-23,4,otd,386,245.5998838,0,8.245203931,8.245203931
ex4_otd_rundate2022-03-23,4,otd,387,748.4083551,0,21.05051833,21.05051833
ex4_otd_rundate2022-03-23,4,otd,388,245.5998838,0,8.245203931,8.245203931
ex4_otd_rundate2022-03-23,4,otd,389,239.6481888,0,7.974811415,7.974811415
ex4_otd_rundate2022-03-23,4,otd,390,783.4286109,0,42.57332787,30.35368524
ex4_otd_rundate2022-03-23,4,otd,391,1661.066915,1035.053729,107.9377898,41.02906907
ex4_otd_rundate2022-03-23,4,otd,392,2676.946263,2676.946263,166.6439884,68.18768339
ex4_otd_rundate2022-03-23,4,otd,393,249.8648853,0,7.49482566,7.49482566
ex4_otd_rundate2022-03-23,4,otd,394,339.7397,0,20.24520393,14.24520393
ex4_otd_rundate2022-03-23,4,otd,395,1539.076045,1539.076045,149.2224998,54.78653828
ex4_otd_rundate2022-03-23,4,otd,396,1558.596107,0,69.16200977,63.16200977
ex4_otd_rundate2022-03-23,4,otd,397,572.6460663,0,23.02906907,17.02906907
ex4_otd_rundate2022-03-23,4,otd,398,1640.117384,0,67.18612446,61.18612446
ex4_otd_rundate2022-03-23,4,otd,399,249.8648853,0,7.49482566,7.49482566
ex4_otd_rundate2022-03-23,4,otd,400,240.8789548,0,6.800324389,6.800324389
ex4_otd_rundate2022-03-23,4,otd,401,1690.086204,0,71.08206563,67.67460528
ex4_otd_rundate2022-03-23,4,otd,402,2427.03324,2427.03324,168.4439884,74.18768339
ex4_otd_rundate2022-03-23,4,otd,403,334.3316596,0,14.87746083,8.877460834
ex4_otd_rundate2022-03-23,4,otd,404,1079.495148,0,53.28421804,47.28421804
ex4_otd_rundate2022-03-23,4,otd,405,245.5998838,0,14.24520393,8.245203931
ex4_otd_rundate2022-03-23,4,otd,406,1539.076045,1539.076045,142.5975714,54.30582417
ex4_otd_rundate2022-03-23,4,otd,407,1270.345724,0,51.16200977,45.16200977
ex4_otd_rundate2022-03-23,4,otd,408,176.1315296,0,5.650121865,5.650121865
ex4_otd_rundate2022-03-23,4,otd,409,470.4131842,0,14.7038975,14.7038975
ex4_otd_rundate2022-03-23,4,otd,410,1033.18378,0,51.46018179,39.46018179
ex4_otd_rundate2022-03-23,4,otd,411,1548.166193,0,63.16200977,63.16200977
ex4_otd_rundate2022-03-23,4,otd,412,179.6379295,0,13.7101162,7.710116202
ex4_otd_rundate2022-03-23,4,otd,413,1843.036879,1843.036879,144.4355049,55.71961917
ex4_otd_rundate2022-03-23,4,otd,414,1129.113166,0,62.08753047,48.26666667
ex4_otd_rundate2022-03-23,4,otd,415,700.6831949,700.6831949,99.17554459,20.90426507
ex4_otd_rundate2022-03-23,4,otd,416,173.9376961,0,5.476895687,5.476895687
ex4_otd_rundate2022-03-23,4,otd,417,2427.03324,2427.03324,167.1419618,73.18612446
ex4_otd_rundate2022-03-23,4,otd,418,293.7092126,0,14.19891361,8.198913615
ex4_otd_rundate2022-03-23,4,otd,419,888.6445716,0,47.65012186,37.53191459
ex4_otd_rundate2022-03-23,4,otd,420,1362.637158,758.6442963,98.57723611,44.44402778
ex4_otd_rundate2022-03-23,4,otd,421,1940.260472,997.5182588,115.1106127,69.16200977
ex4_otd_rundate2022-03-23,4,otd,422,884.870354,0,64.58152186,34.58152186
ex4_otd_rundate2022-03-23,4,otd,423,677.9569547,0,28.6799275,28.6799275
ex4_otd_rundate2022-03-23,4,otd,424,827.8687359,827.8687359,107.5503747,31.96182667
ex4_otd_rundate2022-03-23,4,otd,425,413.8339893,413.8339893,105.9745589,30.74966073
ex4_otd_rundate2022-03-23,4,otd,426,276.3123927,0,7.318511948,7.318511948
ex4_otd_rundate2022-03-23,4,otd,427,1223.189598,0,58.78122497,52.78122497
ex4_otd_rundate2022-03-23,4,otd,428,1548.166193,0,65.08206563,65.08206564
ex4_otd_rundate2022-03-23,4,otd,429,249.8648853,0,7.49482566,7.49482566
ex4_otd_rundate2022-03-23,4,otd,430,1522.006816,0,67.18612446,61.18612446
ex4_otd_rundate2022-03-23,4,otd,431,852.0552802,0,53.65012186,37.53191459
ex4_otd_rundate2022-03-23,4,otd,432,494.0281894,0,23.58644162,23.58644162
ex4_otd_rundate2022-03-23,4,otd,433,1577.649838,298.4741858,76.60316319,8.15627938
ex4_otd_rundate2022-03-23,4,otd,434,2908.483423,2908.483423,221.3987746,119.5375189
ex4_otd_rundate2022-03-23,4,otd,435,763.9421985,0,20.87746083,20.87746083
ex4_otd_rundate2022-03-23,4,otd,436,516.3886381,0,17.54671844,14.83286764
ex4_otd_rundate2022-03-23,4,otd,437,1426.434597,0,59.53751889,59.53751889
ex4_otd_rundate2022-03-23,4,otd,438,255.3379787,0,7.467738413,7.467738413
ex4_otd_rundate2022-03-23,4,otd,439,1665.434314,1665.434314,120.3439389,41.80302991
ex4_otd_rundate2022-03-23,4,otd,440,665.3180421,0,30.57332787,30.35368524
ex4_otd_rundate2022-03-23,4,otd,441,1426.434597,0,59.53751889,59.53751889
ex4_otd_rundate2022-03-23,4,otd,442,949.971033,0,35.94232708,29.94232708
ex4_otd_rundate2022-03-23,4,otd,443,1539.076045,1539.076045,136.5975714,54.30582417
ex4_otd_rundate2022-03-23,4,otd,444,243.7285709,0,7.611883319,7.611883319
ex4_otd_rundate2022-03-23,4,otd,445,2442.866292,2442.866292,194.6990009,98.99923149
ex4_otd_rundate2022-03-23,4,otd,446,1093.850932,0,57.46018179,45.46018179
ex4_otd_rundate2022-03-23,4,otd,447,276.3123927,0,7.318511948,7.318511948
ex4_otd_rundate2022-03-23,4,otd,448,763.9421985,0,20.87746083,20.87746083
ex4_otd_rundate2022-03-23,4,otd,449,1625.737829,363.0585475,75.50541818,61.31186014
ex4_otd_rundate2022-03-23,4,otd,450,1431.304923,758.1899398,93.89823633,51.46018179
ex4_otd_rundate2022-03-23,4,otd,451,761.0791326,0,29.72214025,29.72214025
ex4_otd_rundate2022-03-23,4,otd,452,2369.851365,2369.851365,186.8990009,92.99923149
ex4_otd_rundate2022-03-23,4,otd,453,179.6379295,0,7.710116202,7.710116202
ex4_otd_rundate2022-03-23,4,otd,454,245.5998838,0,8.245203931,8.245203931
ex4_otd_rundate2022-03-23,4,otd,455,1726.790495,1726.790495,172.310303,81.77715618
ex4_otd_rundate2022-03-23,4,otd,456,1093.850932,0,45.46018179,45.46018179
ex4_otd_rundate2022-03-23,4,otd,457,1558.596107,0,69.16200977,63.16200977
ex4_otd_rundate2022-03-23,4,otd,458,1027.835832,0,35.02906907,35.02906907
ex4_otd_rundate2022-03-23,4,otd,459,1368.443918,0,57.06923682,56.83286764
ex4_otd_rundate2022-03-23,4,otd,460,377.3568457,0,11.72214025,11.72214025
ex4_otd_rundate2022-03-23,4,otd,461,633.093091,633.093091,116.6990009,38.99923149
ex4_otd_rundate2022-03-23,4,otd,462,2478.258248,2478.258248,162.4439884,74.18768339
ex4_otd_rundate2022-03-23,4,otd,463,1378.545449,0,54.09206979,48.09206979
ex4_otd_rundate2022-03-23,4,otd,464,1275.388149,0,55.31186014,43.31186014
ex4_otd_rundate2022-03-23,4,otd,465,915.3191413,0,31.46773841,31.46773841
ex4_otd_rundate2022-03-23,4,otd,466,572.3979404,0,23.72214025,23.72214025
ex4_otd_rundate2022-03-23,4,otd,467,1539.076045,1539.076045,136.5975714,54.30582417
ex4_otd_rundate2022-03-23,4,otd,468,240.8789548,0,6.800324389,6.800324389
ex4_otd_rundate2022-03-23,4,otd,469,1539.076045,1539.076045,136.5975714,54.30582417
ex4_otd_rundate2022-03-23,4,otd,470,509.4376945,0,20.19891361,20.19891362
ex4_otd_rundate2022-03-23,4,otd,471,444.088595,0,18.98912993,12.98912993
ex4_otd_rundate2022-03-23,4,otd,472,2427.03324,2427.03324,161.1419618,73.18612446
ex4_otd_rundate2022-03-23,4,otd,473,1223.189598,0,58.78122497,52.78122497
ex4_otd_rundate2022-03-23,4,otd,474,761.0791326,0,29.72214025,29.72214025
ex4_otd_rundate2022-03-23,4,otd,475,276.9334667,0,9.824423945,9.824423945
ex4_otd_rundate2022-03-23,4,otd,476,1799.116252,465.617131,80.99877456,71.53751889
ex4_otd_rundate2022-03-23,4,otd,477,1683.106553,1683.106553,141.8990009,62.99923149
ex4_otd_rundate2022-03-23,4,otd,478,1437.915407,0,60.09206979,48.09206979
ex4_otd_rundate2022-03-23,4,otd,479,217.7409579,0,12.59489821,6.594898214
ex4_otd_rundate2022-03-23,4,otd,480,1683.106553,1683.106553,141.8990009,62.99923149
ex4_otd_rundate2022-03-23,4,otd,481,173.9376961,0,5.736752688,5.736752688
ex4_otd_rundate2022-03-23,4,otd,482,413.8339893,413.8339893,97.8519085,29.11685269
ex4_otd_rundate2022-03-23,4,otd,483,692.5201678,0,29.76499377,23.76499377
ex4_otd_rundate2022-03-23,4,otd,484,748.4083551,0,29.94232708,23.94232708
ex4_otd_rundate2022-03-23,4,otd,485,1639.631888,1434.115438,114.0452545,49.18612446
ex4_otd_rundate2022-03-23,4,otd,486,135.3027324,0,6,4.890789337
ex4_otd_rundate2022-03-23,4,otd,487,783.4286109,0,36.57332787,30.35368524
ex4_otd_rundate2022-03-23,4,otd,488,1029.264424,0,49.46773841,43.46773841
ex4_otd_rundate2022-03-23,4,otd,489,375.8444771,0,14.06843777,14.06843777
ex4_otd_rundate2022-03-23,4,otd,490,1625.737829,363.0585475,69.50541818,61.31186014
ex4_otd_rundate2022-03-23,4,otd,491,1683.106553,1683.106553,141.8990009,62.99923149
ex4_otd_rundate2022-03-23,4,otd,492,1644.8875,302.0198747,71.9106127,63.16200977
ex4_otd_rundate2022-03-23,4,otd,493,1539.076045,1539.076045,130.5975714,54.30582417
ex4_otd_rundate2022-03-23,4,otd,494,1379.119258,363.0585475,69.50541818,43.31186014
ex4_otd_rundate2022-03-23,4,otd,495,1141.08042,130.7605024,63.30855679,43.97987556
ex4_otd_rundate2022-03-23,4,otd,496,530.5710777,0,23.72214025,17.72214025
ex4_otd_rundate2022-03-23,4,otd,497,1491.2,1491.2,125.4772587,50.36712208
ex4_otd_rundate2022-03-23,4,otd,498,472.8484031,0,26.19891362,20.19891362
ex4_otd_rundate2022-03-23,4,otd,499,1308.170044,0,56.54504368,43.97987556
ex4_otd_rundate2022-03-23,4,otd,500,223.1457221,0,12.22280836,6.222808362
ex4_otd_rundate2022-03-23,4,otd,501,668.6633192,0,26.7038975,8.7038975
ex4_otd_rundate2022-03-23,4,otd,502,1522.300339,755.9684351,86.17878968,56.13753052
ex4_otd_rundate2022-03-23,4,otd,503,1027.835927,0,65.02906907,35.02906907
ex4_otd_rundate2022-03-23,4,otd,504,385.5142457,0,12.63030335,12.63030335
ex4_otd_rundate2022-03-23,4,otd,505,512.2381445,0,20.90426507,20.90426507
ex4_otd_rundate2022-03-23,4,otd,506,2427.03324,2427.03324,150.4439884,74.18768339
ex4_otd_rundate2022-03-23,4,otd,507,1867.045235,645.6300758,76.20668533,67.67460528
ex4_otd_rundate2022-03-23,4,otd,508,1539.076045,1539.076045,124.5975714,54.30582417
ex4_otd_rundate2022-03-23,4,otd,509,1090.402561,0,43.71961917,43.71961917
ex4_otd_rundate2022-03-23,4,otd,510,1500.559468,1285.108566,100.4387823,35.72214025
ex4_otd_rundate2022-03-23,4,otd,511,2631.273792,2631.273792,154.2066853,77.08206564
ex4_otd_rundate2022-03-23,4,otd,512,785.1591464,0,29.07373004,29.07373004
ex4_otd_rundate2022-03-23,4,otd,513,1625.737829,363.0585475,63.50541818,61.31186014
ex4_otd_rundate2022-03-23,4,otd,514,2955.663553,2955.663553,158.2439884,80.18768339
ex4_otd_rundate2022-03-23,4,otd,515,949.8832767,0,26.18768339,26.18768339
ex4_otd_rundate2022-03-23,4,otd,516,1029.264424,0,43.46773841,43.46773841
ex4_otd_rundate2022-03-23,4,otd,517,2481.166484,1133.496959,112.7106127,45.16200977
ex4_otd_rundate2022-03-23,4,otd,518,852.0552802,0,53.65012186,37.53191459
ex4_otd_rundate2022-03-23,4,otd,519,1539.076045,1539.076045,124.5975714,54.30582417
ex4_otd_rundate2022-03-23,4,otd,520,915.3191413,0,40.30953611,34.30953611
ex4_otd_rundate2022-03-23,4,otd,521,1750.236491,670.741343,73.10541818,61.31186014
ex4_otd_rundate2022-03-23,4,otd,522,644.6837743,0,28.5225,16.06699676
ex4_otd_rundate2022-03-23,4,otd,523,255.3379787,0,12.86057705,6.86057705
ex4_otd_rundate2022-03-23,4,otd,524,259.3275339,0,13.09333885,7.093338847
ex4_otd_rundate2022-03-23,4,otd,525,1089.816859,201.1720978,54.21559246,46.78122497
ex4_otd_rundate2022-03-23,4,otd,526,2478.258248,2478.258248,145.7106127,75.16200977
ex4_otd_rundate2022-03-23,4,otd,527,929.2233509,324.3897604,59.47007061,32.18768339
ex4_otd_rundate2022-03-23,4,otd,528,1836.514771,1202.680789,97.59343319,36.78653828
ex4_otd_rundate2022-03-23,4,otd,529,2676.946263,2676.946263,148.1377898,77.02906907
ex4_otd_rundate2022-03-23,4,otd,530,1776.888225,1776.888225,108.2023969,46.30953611
ex4_otd_rundate2022-03-23,4,otd,531,351.3375202,0,26.00131328,20.00131328
ex4_otd_rundate2022-03-23,4,otd,532,1634.457586,302.0198747,59.9106127,63.16200977
ex4_otd_rundate2022-03-23,4,otd,533,361.2456904,0,16.00760111,10.00760111
ex4_otd_rundate2022-03-23,4,otd,534,1440.099594,250.7948667,57.34196179,55.18612446
ex4_otd_rundate2022-03-23,4,otd,535,470.4131842,0,14.7038975,14.7038975
ex4_otd_rundate2022-03-23,4,otd,536,783.4286109,0,36.57332787,30.35368524
ex4_otd_rundate2022-03-23,4,otd,537,878.5595053,0,35.07373004,35.07373004
ex4_otd_rundate2022-03-23,4,otd,538,1149.886375,0,53.02906907,41.02906907
ex4_otd_rundate2022-03-23,4,otd,539,223.1457221,0,12.22280836,6.222808362
ex4_otd_rundate2022-03-23,4,otd,540,1270.786673,1270.786673,96.17757779,37.05967522
ex4_otd_rundate2022-03-23,4,otd,541,1498.659143,455.7532868,59.79000787,56.83286764
ex4_otd_rundate2022-03-23,4,otd,542,1539.076045,1539.076045,118.5975714,54.30582417
ex4_otd_rundate2022-03-23,4,otd,543,2670.032303,2670.032303,182.8231511,103.7101162
ex4_otd_rundate2022-03-23,4,otd,544,677.9570498,0,25.46773841,25.46773841
ex4_otd_rundate2022-03-23,4,otd,545,1440.099594,250.7948667,57.34196179,55.18612446
ex4_otd_rundate2022-03-23,4,otd,546,761.0791326,0,39.20443652,27.20443652
ex4_otd_rundate2022-03-23,4,otd,547,792.7933717,0,35.47689569,29.47689569
ex4_otd_rundate2022-03-23,4,otd,548,530.5710777,0,23.72214025,17.72214025
ex4_otd_rundate2022-03-23,4,otd,549,538.2591519,0,17.94232708,17.94232708
ex4_otd_rundate2022-03-23,4,otd,550,252.5069702,0,14.13753052,8.137530523
ex4_otd_rundate2022-03-23,4,otd,551,2023.82064,997.5182588,85.1106127,51.16200977
ex4_otd_rundate2022-03-23,4,otd,552,970.0448191,251.4931012,50.54133864,6.570260496
ex4_otd_rundate2022-03-23,4,otd,553,949.8832767,0,26.18768339,26.18768339
ex4_otd_rundate2022-03-23,4,otd,554,1726.790495,1726.790495,148.310303,81.77715618
ex4_otd_rundate2022-03-23,4,otd,555,2353.233371,2353.233371,149.4839058,82.6799275
ex4_otd_rundate2022-03-23,4,otd,556,1677.100147,1677.100147,109.9012449,52.23172685
ex4_otd_rundate2022-03-23,4,otd,557,1354.856832,1048.18502,85.61350495,51.54884996
ex4_otd_rundate2022-03-23,4,otd,558,1925.678558,1925.678558,128.1975714,66.30582417
ex4_otd_rundate2022-03-23,4,otd,559,712.513042,0,33.16200977,33.16200977
ex4_otd_rundate2022-03-23,4,otd,560,651.3577057,0,32.19891362,26.19891362
ex4_otd_rundate2022-03-23,4,otd,561,1928.22334,1928.22334,131.6990009,68.99923149
ex4_otd_rundate2022-03-23,4,otd,562,2219.620056,1479.081581,116.3106127,57.16200977
ex4_otd_rundate2022-03-23,4,otd,563,1432.638417,302.0198747,53.9106127,57.16200977
ex4_otd_rundate2022-03-23,4,otd,564,597.3112412,0,28.92360815,19.79042
ex4_otd_rundate2022-03-23,4,otd,565,853.0403746,0,40.6799275,34.6799275
ex4_otd_rundate2022-03-23,4,otd,566,832.546611,0,29.72214025,29.72214025
ex4_otd_rundate2022-03-23,4,otd,567,245.5998838,0,8.245203931,8.245203931
ex4_otd_rundate2022-03-23,4,otd,568,1037.322359,0,42.86057705,25.19047921
ex4_otd_rundate2022-03-23,4,otd,569,248.6026361,0,7.04443728,7.04443728
ex4_otd_rundate2022-03-23,4,otd,570,422.618976,0,16.6799275,16.6799275
ex4_otd_rundate2022-03-23,4,otd,571,1725.758838,1725.758838,116.6982363,57.46018179
ex4_otd_rundate2022-03-23,4,otd,572,1762.371185,713.2127723,69.5106127,63.16200977
ex4_otd_rundate2022-03-23,4,otd,573,1635.725099,1457.215797,103.4694835,53.28421804
ex4_otd_rundate2022-03-23,4,otd,574,2908.483423,2908.483423,186.2990009,110.9992315
ex4_otd_rundate2022-03-23,4,otd,575,334.3316596,0,8.877460834,8.877460834
ex4_otd_rundate2022-03-23,4,otd,576,1247.269969,424.8282342,57.94666667,48.26666667
ex4_otd_rundate2022-03-23,4,otd,577,748.4083551,0,21.05051833,21.05051833
ex4_otd_rundate2022-03-23,4,otd,578,498.106854,0,21.27975893,21.27975893
ex4_otd_rundate2022-03-23,4,otd,579,230.5080549,0,8.89976935,8.89976935
ex4_otd_rundate2022-03-23,4,otd,580,954.5971547,0,47.72214025,35.72214025
ex4_otd_rundate2022-03-23,4,otd,581,888.6445716,0,41.65012186,37.53191459
ex4_otd_rundate2022-03-23,4,otd,582,878.5595053,0,41.07373004,35.07373004
ex4_otd_rundate2022-03-23,4,otd,583,1063.085384,50.59294937,43.625,39.16200977
ex4_otd_rundate2022-03-23,4,otd,584,1626.841043,852.9145974,70.60988144,58.00760111
ex4_otd_rundate2022-03-23,4,otd,585,1498.659143,455.7532868,53.79000787,56.83286764
ex4_otd_rundate2022-03-23,4,otd,586,2353.566488,2353.566488,129.5054182,67.31186014
ex4_otd_rundate2022-03-23,4,otd,587,954.5971547,0,47.72214025,35.72214025
ex4_otd_rundate2022-03-23,4,otd,588,915.3191413,0,34.30953611,34.30953611
ex4_otd_rundate2022-03-23,4,otd,589,230.5080549,0,9.20443652,9.20443652
ex4_otd_rundate2022-03-23,4,otd,590,1005.377603,312.4040109,43.91969072,30.09206979
ex4_otd_rundate2022-03-23,4,otd,591,1095.705591,827.8687359,75.11969072,42.09206979
ex4_otd_rundate2022-03-23,4,otd,592,1100.062709,0,39.20443652,39.20443652
ex4_otd_rundate2022-03-23,4,otd,593,2010.985675,1156.552622,73.80668533,67.67460528
ex4_otd_rundate2022-03-23,4,otd,594,1282.39438,983.4773022,66.83878233,41.72214025
ex4_otd_rundate2022-03-23,4,otd,595,334.3316596,0,14.87746083,8.877460834
ex4_otd_rundate2022-03-23,4,otd,596,1843.601324,997.5182588,79.1106127,63.16200977
ex4_otd_rundate2022-03-23,4,otd,597,763.9421985,0,26.87746083,20.87746083
ex4_otd_rundate2022-03-23,4,otd,598,864.4023346,267.1908066,43.21073397,26.40658722
ex4_otd_rundate2022-03-23,4,otd,599,2016.785575,2016.785575,157.613505,93.54884996
ex4_otd_rundate2022-03-23,4,otd,600,368.9787907,0,23.73675269,17.73675269
ex4_otd_rundate2022-03-23,4,otd,601,1694.751719,1694.751719,116.2798007,61.75369283
ex4_otd_rundate2022-03-23,4,otd,602,2092.013611,1440.655715,89.40668533,67.67460528
ex4_otd_rundate2022-03-23,4,otd,603,1683.106553,1683.106553,115.9080599,61.46773841
ex4_otd_rundate2022-03-23,4,otd,604,748.4083551,0,27.05051833,21.05051833
ex4_otd_rundate2022-03-23,4,otd,605,248.6026361,0,13.04443728,7.04443728
ex4_otd_rundate2022-03-23,4,otd,606,828.8428699,828.8428699,59.14393888,17.80302991
ex4_otd_rundate2022-03-23,4,otd,607,1005.377603,312.4040109,43.91969072,30.09206979
ex4_otd_rundate2022-03-23,4,otd,608,486.9491113,0,26.17966187,20.17966187
ex4_otd_rundate2022-03-23,4,otd,609,633.093091,633.093091,86.69900093,38.99923149
ex4_otd_rundate2022-03-23,4,otd,610,1639.968405,964.0446542,63.08272793,56.83286764
ex4_otd_rundate2022-03-23,4,otd,611,1539.076045,1539.076045,106.5975714,54.30582417
ex4_otd_rundate2022-03-23,4,otd,612,901.8303735,0,39.05051833,27.05051833
ex4_otd_rundate2022-03-23,4,otd,613,513.436739,0,27.27975893,21.27975893
ex4_otd_rundate2022-03-23,4,otd,614,949.971033,0,41.94232708,29.94232708
ex4_otd_rundate2022-03-23,4,otd,615,1753.206597,1464.694858,82.7250252,53.94232708
ex4_otd_rundate2022-03-23,4,otd,616,1639.968405,964.0446542,63.08272793,56.83286764
ex4_otd_rundate2022-03-23,4,otd,617,878.5595053,0,32.54504368,31.97987556
ex4_otd_rundate2022-03-23,4,otd,618,949.971033,0,29.94232708,29.94232708
ex4_otd_rundate2022-03-23,4,otd,619,677.9570498,0,37.46773841,25.46773841
ex4_otd_rundate2022-03-23,4,otd,620,2694.359394,2694.359394,186.4231511,115.7101162
ex4_otd_rundate2022-03-23,4,otd,621,472.8484031,0,25.18612446,19.18612446
ex4_otd_rundate2022-03-23,4,otd,622,173.9376961,0,5.736752688,5.736752688
ex4_otd_rundate2022-03-23,4,otd,623,1851.855592,1070.643161,77.77878968,68.13753052
ex4_otd_rundate2022-03-23,4,otd,624,1741.767578,1255.157472,80.20988144,58.00760111
ex4_otd_rundate2022-03-23,4,otd,625,341.4649688,0,11.66783867,11.66783867
ex4_otd_rundate2022-03-23,4,otd,626,1528.756595,931.445259,62.90541818,43.31186014
ex4_otd_rundate2022-03-23,4,otd,627,1261.281858,405.4506414,48.17383823,37.97987556
ex4_otd_rundate2022-03-23,4,otd,628,1928.22334,1928.22334,119.6990009,68.99923149
ex4_otd_rundate2022-03-23,4,otd,629,507.4415216,0,21.20443652,21.20443652
ex4_otd_rundate2022-03-23,4,otd,630,249.8648853,0,7.49482566,7.49482566
ex4_otd_rundate2022-03-23,4,otd,631,1539.076045,1539.076045,100.5975714,54.30582417
ex4_otd_rundate2022-03-23,4,otd,632,1421.777646,1421.777646,81.29823633,39.46018179
ex4_otd_rundate2022-03-23,4,otd,633,1113.629679,1113.629679,60.94393888,23.80302991
ex4_otd_rundate2022-03-23,4,otd,634,949.971033,0,35.94232708,29.94232708
ex4_otd_rundate2022-03-23,4,otd,635,339.7397,0,20.24520393,14.24520393
ex4_otd_rundate2022-03-23,4,otd,636,252.5069702,0,14.10965128,8.109651283
ex4_otd_rundate2022-03-23,4,otd,637,1833.17141,997.5182588,67.1106127,63.16200977
ex4_otd_rundate2022-03-23,4,otd,638,472.5859265,0,26.82313124,20.82313124
ex4_otd_rundate2022-03-23,4,otd,639,1977.11185,1508.440805,82.7106127,63.16200977
ex4_otd_rundate2022-03-23,4,otd,640,1144.936502,648.1519418,51.86442967,27.20443652
ex4_otd_rundate2022-03-23,4,otd,641,1838.240231,1659.101041,82.28272793,56.83286764
ex4_otd_rundate2022-03-23,4,otd,642,1928.22334,1928.22334,113.6990009,68.99923149
ex4_otd_rundate2022-03-23,4,otd,643,1677.100147,1677.100147,91.90124491,52.23172685
ex4_otd_rundate2022-03-23,4,otd,644,579.6426963,0,23.07373004,17.07373004
ex4_otd_rundate2022-03-23,4,otd,645,1748.449323,1144.456461,67.49823633,57.46018179
ex4_otd_rundate2022-03-23,4,otd,646,1634.774488,1634.774488,103.4478474,61.11372879
ex4_otd_rundate2022-03-23,4,otd,647,334.3316596,0,14.7038975,8.7038975
ex4_otd_rundate2022-03-23,4,otd,648,615.3632822,0,17.94232708,17.94232708
ex4_otd_rundate2022-03-23,4,otd,649,856.2389682,314.6747255,36.41350495,33.54884996
ex4_otd_rundate2022-03-23,4,otd,650,509.4376945,0,26.19891362,20.19891362
ex4_otd_rundate2022-03-23,4,otd,651,1579.850312,1110.273599,64.70541818,43.31186014
ex4_otd_rundate2022-03-23,4,otd,652,1925.678558,1925.678558,110.1975714,66.30582417
ex4_otd_rundate2022-03-23,4,otd,653,245.5998838,0,14.24520393,8.245203931
ex4_otd_rundate2022-03-23,4,otd,654,334.3316596,0,14.7038975,8.7038975
ex4_otd_rundate2022-03-23,4,otd,655,1350.28257,1256.882211,61.73778979,35.02906907
ex4_otd_rundate2022-03-23,4,otd,656,1336.627286,1070.643161,65.77878968,44.13753052
ex4_otd_rundate2022-03-23,4,otd,657,472.2198346,0,15.05051833,15.05051833
ex4_otd_rundate2022-03-23,4,otd,658,479.1009593,0,25.31186014,19.31186014
ex4_otd_rundate2022-03-23,4,otd,659,2507.080761,2507.080761,145.1657675,93.20443652
ex4_otd_rundate2022-03-23,4,otd,660,249.8648853,0,13.49482566,7.49482566
ex4_otd_rundate2022-03-23,4,otd,661,2694.359394,2694.359394,174.4231511,115.7101162
ex4_otd_rundate2022-03-23,4,otd,662,1558.095754,1464.694858,70.7250252,41.94232708
ex4_otd_rundate2022-03-23,4,otd,663,509.4376945,0,26.19891362,20.19891362
ex4_otd_rundate2022-03-23,4,otd,664,334.3316596,0,14.87746083,8.877460834
ex4_otd_rundate2022-03-23,4,otd,665,255.3379787,0,13.46773841,7.467738413
ex4_otd_rundate2022-03-23,4,otd,666,1414.897105,1155.569571,68.75016857,46.42320659
ex4_otd_rundate2022-03-23,4,otd,667,1003.296034,530.4476306,41.59148897,37.53191459
ex4_otd_rundate2022-03-23,4,otd,668,1500.559468,1285.108566,70.43878233,35.72214025
ex4_otd_rundate2022-03-23,4,otd,669,932.6737816,385.8121643,36.29823633,33.46018179
ex4_otd_rundate2022-03-23,4,otd,670,659.5216215,0,23.54671844,20.83286764
ex4_otd_rundate2022-03-23,4,otd,671,723.3459441,470.838974,45.69240479,28.68646522
ex4_otd_rundate2022-03-23,4,otd,672,2353.566488,2353.566488,111.5054182,67.31186014
ex4_otd_rundate2022-03-23,4,otd,673,215.7284819,0,15.16200977,9.162009769
ex4_otd_rundate2022-03-23,4,otd,674,176.1315296,0,5.650121865,5.650121865
ex4_otd_rundate2022-03-23,4,otd,675,1415.865658,1144.456461,67.49823633,45.46018179
ex4_otd_rundate2022-03-23,4,otd,676,579.6426963,0,23.07373004,17.07373004
ex4_otd_rundate2022-03-23,4,otd,677,1987.541764,1508.440805,82.7106127,63.16200977
ex4_otd_rundate2022-03-23,4,otd,678,248.6026361,0,6.98912993,6.98912993
ex4_otd_rundate2022-03-23,4,otd,679,1605.634,1176.971828,49.1250252,47.94232708
ex4_otd_rundate2022-03-23,4,otd,680,1271.111644,1176.971828,49.1250252,29.94232708
ex4_otd_rundate2022-03-23,4,otd,681,1113.629679,1113.629679,48.94393888,23.80302991
ex4_otd_rundate2022-03-23,4,otd,682,2427.03324,2427.03324,114.4439884,74.18768339
ex4_otd_rundate2022-03-23,4,otd,683,615.3632822,0,23.94232708,17.94232708
ex4_otd_rundate2022-03-23,4,otd,684,334.3316596,0,8.877460834,8.877460834
ex4_otd_rundate2022-03-23,4,otd,685,1009.936634,1009.936634,76.27546084,44.82727757
ex4_otd_rundate2022-03-23,4,otd,686,1232.045218,661.9877643,42.94196179,43.18612446
ex4_otd_rundate2022-03-23,4,otd,687,385.5142457,0,18.63030335,12.63030335
ex4_otd_rundate2022-03-23,4,otd,688,1089.051287,790.1344779,40.19584905,35.07373004
ex4_otd_rundate2022-03-23,4,otd,689,2450.179202,1956.486886,109.6319524,70.48611722
ex4_otd_rundate2022-03-23,4,otd,690,1897.946952,1388.509258,66.50541818,61.31186014
ex4_otd_rundate2022-03-23,4,otd,691,265.9841254,0,9.297454803,9.297454803
ex4_otd_rundate2022-03-23,4,otd,692,1133.496959,1133.496959,76.00611979,44.62009215
ex4_otd_rundate2022-03-23,4,otd,693,857.3826688,252.7823282,24.59584905,29.07373004
ex4_otd_rundate2022-03-23,4,otd,694,1357.589761,1357.589761,74.50805994,43.46773841
ex4_otd_rundate2022-03-23,4,otd,695,735.861852,267.1908066,25.21073397,20.83286764
ex4_otd_rundate2022-03-23,4,otd,696,259.3275339,0,7.093338847,7.093338847
ex4_otd_rundate2022-03-23,4,otd,697,259.3275339,0,7.093338847,7.093338847
ex4_otd_rundate2022-03-23,4,otd,698,1508.440805,1508.440805,79.46948345,47.28421804
ex4_otd_rundate2022-03-23,4,otd,699,1997.991017,1738.663483,84.5106127,63.16200977
ex4_otd_rundate2022-03-23,4,otd,700,334.3316596,0,8.877460834,8.877460834
ex4_otd_rundate2022-03-23,4,otd,701,252.5069702,0,8.137530523,8.137530523
ex4_otd_rundate2022-03-23,4,otd,702,1144.936502,648.1519418,45.86442967,27.20443652
ex4_otd_rundate2022-03-23,4,otd,703,1720.756546,1247.908143,60.68272793,56.83286764
ex4_otd_rundate2022-03-23,4,otd,704,1605.634,1176.971828,49.1250252,47.94232708
ex4_otd_rundate2022-03-23,4,otd,705,615.3632822,0,23.94232708,17.94232708
ex4_otd_rundate2022-03-23,4,otd,706,580.0055234,130.7605024,21.30855679,25.97987556
ex4_otd_rundate2022-03-23,4,otd,707,509.4376945,0,20.19891362,20.19891362
ex4_otd_rundate2022-03-23,4,otd,708,249.8648853,0,7.49482566,7.49482566
ex4_otd_rundate2022-03-23,4,otd,709,65.96499424,0,6,1.75
ex4_otd_rundate2022-03-23,4,otd,710,334.3316596,0,8.877460834,8.877460834
ex4_otd_rundate2022-03-23,4,otd,711,1508.440805,1508.440805,79.46948345,47.28421804
ex4_otd_rundate2022-03-23,4,otd,712,470.4131842,0,20.7038975,14.7038975
ex4_otd_rundate2022-03-23,4,otd,713,1092.300468,717.4605127,37.28272793,32.83286764
ex4_otd_rundate2022-03-23,4,otd,714,610.7689601,251.4931012,26.54133864,6.570260496
ex4_otd_rundate2022-03-23,4,otd,715,629.9025967,131.7957427,24.09240479,28.68646522
ex4_otd_rundate2022-03-23,4,otd,716,580.0055234,130.7605024,21.30855679,25.97987556
ex4_otd_rundate2022-03-23,4,otd,717,865.7479028,353.5097583,28.57878968,32.13753052
ex4_otd_rundate2022-03-23,4,otd,718,1215.772659,1000.321756,50.65777849,29.73675269
ex4_otd_rundate2022-03-23,4,otd,719,2427.03324,2427.03324,108.4439884,74.18768339
ex4_otd_rundate2022-03-23,4,otd,720,1782.753859,1457.215797,68.14196179,55.18612446
ex4_otd_rundate2022-03-23,4,otd,721,698.7025397,243.5127745,19.45777849,23.73675269
ex4_otd_rundate2022-03-23,4,otd,722,1285.108566,1285.108566,58.43878233,35.72214025
ex4_otd_rundate2022-03-23,4,otd,723,1179.311606,923.9736276,41.00239694,34.30953611
ex4_otd_rundate2022-03-23,4,otd,724,2254.378663,2254.378663,91.70541818,61.31186014
ex4_otd_rundate2022-03-23,4,otd,725,334.3316596,0,14.87746083,8.877460834
ex4_otd_rundate2022-03-23,4,otd,726,2015.430637,1799.702155,76.10541818,61.31186014
ex4_otd_rundate2022-03-23,4,otd,727,270.9805777,0,14.53785967,8.187683389
ex4_otd_rundate2022-03-23,4,otd,728,1588.296494,1131.549168,51.11969072,42.09206979
ex4_otd_rundate2022-03-23,4,otd,729,590.3320881,411.1928977,22.6585877,20.19891362
ex4_otd_rundate2022-03-23,4,otd,730,271.7612976,271.7612976,28.18731036,12.4517772
ex4_otd_rundate2022-03-23,4,otd,731,828.8428699,828.8428699,35.14393888,17.80302991
ex4_otd_rundate2022-03-23,4,otd,732,1271.111644,1176.971828,43.1250252,29.94232708
ex4_otd_rundate2022-03-23,4,otd,733,967.5688984,967.5688984,56.95597842,34.58152186
ex4_otd_rundate2022-03-23,4,otd,734,377.3568457,0,11.47689569,11.47689569
ex4_otd_rundate2022-03-23,4,otd,735,1620.955898,1390.447843,68.30541818,43.31186014
ex4_otd_rundate2022-03-23,4,otd,736,2676.946263,2676.946263,112.1377898,77.02906907
ex4_otd_rundate2022-03-23,4,otd,737,532.1882197,159.5233958,22.40170726,20.00131328
ex4_otd_rundate2022-03-23,4,otd,738,1050.16056,761.6488203,35.03878233,29.72214025
ex4_otd_rundate2022-03-23,4,otd,739,1132.380868,759.7160443,37.30805994,31.46773841
ex4_otd_rundate2022-03-23,4,otd,740,2355.933755,2355.933755,112.8668351,77.58987319
ex4_otd_rundate2022-03-23,4,otd,741,1226.166641,932.4574282,55.46442967,27.20443652
ex4_otd_rundate2022-03-23,4,otd,742,334.3316596,0,14.87746083,8.877460834
ex4_otd_rundate2022-03-23,4,otd,743,339.7397,0,14.24520393,14.24520393
ex4_otd_rundate2022-03-23,4,otd,744,633.093091,633.093091,62.69900093,38.99923149
ex4_otd_rundate2022-03-23,4,otd,745,457.3826858,233.4856709,19.53289286,12.30582417
ex4_otd_rundate2022-03-23,4,otd,746,1034.974027,1034.974027,55.97175113,33.82442395
ex4_otd_rundate2022-03-23,4,otd,747,2478.258248,2478.258248,109.7106127,75.16200977
ex4_otd_rundate2022-03-23,4,otd,748,1539.076045,1539.076045,82.59757142,54.30582417
ex4_otd_rundate2022-03-23,4,otd,749,2955.663553,2955.663553,110.2439884,80.18768339
ex4_otd_rundate2022-03-23,4,otd,750,1792.576738,1362.966199,52.91969072,48.09206979
ex4_otd_rundate2022-03-23,4,otd,751,651.8662186,252.7823282,12.59584905,17.07373004
ex4_otd_rundate2022-03-23,4,otd,752,1776.888225,1776.888225,66.20239694,46.30953611
ex4_otd_rundate2022-03-23,4,otd,753,651.7962897,385.8121643,18.29823633,21.46018179
ex4_otd_rundate2022-03-23,4,otd,754,287.3163387,0,10.5722728,10.5722728
ex4_otd_rundate2022-03-23,4,otd,755,1978.841346,1799.702155,70.10541818,61.31186014
ex4_otd_rundate2022-03-23,4,otd,756,1124.685867,1030.633808,33.36567383,27.05051833
ex4_otd_rundate2022-03-23,4,otd,757,200.0519363,0,6.872102929,6.872102929
ex4_otd_rundate2022-03-23,4,otd,758,1387.034588,1387.034588,51.53778979,35.02906907
ex4_otd_rundate2022-03-23,4,otd,759,1030.633808,1030.633808,27.36567383,21.05051833
ex4_otd_rundate2022-03-23,4,otd,760,854.9016732,854.9016732,20.77381231,15.97985562
ex4_otd_rundate2022-03-23,4,otd,761,505.7439665,505.7439665,13.00988144,10.00760111
ex4_otd_rundate2022-03-23,4,otd,762,1387.034588,1387.034588,45.53778979,35.02906907
ex4_otd_rundate2022-03-23,4,otd,763,632.1049023,632.1049023,25.04895741,19.26842878
ex4_otd_rundate2022-03-23,4,otd,764,1387.034588,1387.034588,45.53778979,35.02906907
ex4_otd_rundate2022-03-23,4,otd,765,735.7505439,735.7505439,23.03878233,17.72214025
ex4_otd_rundate2022-03-23,4,otd,766,1939.882868,1939.882868,74.69823633,57.46018179
ex4_otd_rundate2022-03-23,4,otd,767,1702.463405,1702.463405,84.97434888,65.36488375
ex4_otd_rundate2022-03-23,4,otd,768,1397.271506,1206.42093,41.96392486,32.2799422
ex4_otd_rundate2022-03-23,4,otd,769,631.4659772,631.4659772,25.49610029,19.61238484
ex4_otd_rundate2022-03-23,4,otd,770,1474.265737,1474.265737,57.80673529,44.46671945
ex4_otd_rundate2022-03-23,4,otd,771,312.4040109,312.4040109,8.089650871,6.222808362
ex4_otd_rundate2022-03-23,4,otd,772,544.3826593,544.3826593,15.99757142,12.30582417
ex4_otd_rundate2022-03-23,4,otd,773,1176.971828,1176.971828,31.1250252,23.94232708
ex4_otd_rundate2022-03-23,4,otd,774,825.1355716,689.054047,30.41128602,23.39329694
ex4_otd_rundate2022-03-23,4,otd,775,732.1294143,558.1917183,14.33778979,17.02906907
ex4_otd_rundate2022-03-23,4,otd,776,1270.786673,1270.786673,48.17757779,37.05967522
ex4_otd_rundate2022-03-23,4,otd,777,1837.871841,1837.871841,62.51969072,48.09206979
ex4_otd_rundate2022-03-23,4,otd,778,1582.422469,1582.422469,54.5250252,41.94232708
ex4_otd_rundate2022-03-23,4,otd,779,941.6405283,941.6405283,34.16392486,26.2799422
ex4_otd_rundate2022-03-23,4,otd,780,831.4770845,831.4770845,42.40611979,32.62009215
ex4_otd_rundate2022-03-23,4,otd,781,1539.076045,1539.076045,70.59757142,54.30582417
ex4_otd_rundate2022-03-23,4,otd,782,348.0436905,348.0436905,9.085868909,6.98912993
ex4_otd_rundate2022-03-23,4,otd,783,643.7964578,643.7964578,19.56567383,15.05051833
ex4_otd_rundate2022-03-23,4,otd,784,895.635327,895.635327,35.36576748,27.20443652
ex4_otd_rundate2022-03-23,4,otd,785,2352.556503,2352.556503,87.97698686,67.67460528
ex4_otd_rundate2022-03-23,4,otd,786,1683.106553,1683.106553,81.89900093,62.99923149
ex4_otd_rundate2022-03-23,4,otd,787,1206.42093,1206.42093,41.96392486,32.2799422
ex4_otd_rundate2022-03-23,4,otd,788,1954.238403,1954.238403,87.70805994,67.46773841
ex4_otd_rundate2022-03-23,4,otd,789,917.0153507,917.0153507,29.99584905,23.07373004
ex4_otd_rundate2022-03-23,4,otd,790,1928.22334,1928.22334,89.69900093,68.99923149
ex4_otd_rundate2022-03-23,4,otd,791,357.4731702,357.4731702,9.708059937,7.467738413
ex4_otd_rundate2022-03-23,4,otd,792,1804.153455,1804.153455,72.97878968,56.13753052
ex4_otd_rundate2022-03-23,4,otd,793,1307.231222,1307.231222,46.4944919,35.76499377
ex4_otd_rundate2022-03-23,4,otd,794,544.3826593,544.3826593,15.99757142,12.30582417
ex4_otd_rundate2022-03-23,4,otd,795,1357.589761,1357.589761,56.50805994,43.46773841
ex4_otd_rundate2022-03-23,4,otd,796,716.0757972,716.0757972,26.60673529,20.46671945
ex4_otd_rundate2022-03-23,4,otd,797,1909.895908,1909.895908,73.88272793,56.83286764
ex4_otd_rundate2022-03-23,4,otd,798,828.8428699,828.8428699,23.14393888,17.80302991
ex4_otd_rundate2022-03-23,4,otd,799,643.7964578,643.7964578,19.56567383,15.05051833
ex4_otd_rundate2022-03-23,4,otd,800,1206.42093,1206.42093,41.96392486,32.2799422
ex4_otd_rundate2022-03-23,4,otd,801,895.635327,895.635327,35.36576748,27.20443652
ex4_otd_rundate2022-03-23,4,otd,802,402.2428741,402.2428741,13.74395464,10.5722728
ex4_otd_rundate2022-03-23,4,otd,803,1058.461821,1058.461821,35.36576748,27.20443652
ex4_otd_rundate2022-03-23,4,otd,804,1206.42093,1206.42093,41.96392486,32.2799422
ex4_otd_rundate2022-03-23,4,otd,805,271.7612976,271.7612976,16.18731036,12.4517772
ex4_otd_rundate2022-03-23,4,otd,806,2507.080761,2507.080761,121.1657675,93.20443652
ex4_otd_rundate2022-03-23,4,otd,807,1176.971828,1176.971828,31.1250252,23.94232708
ex4_otd_rundate2022-03-23,4,otd,808,1539.076045,1539.076045,70.59757142,54.30582417
ex4_otd_rundate2022-03-23,4,otd,809,1878.086959,1878.086959,91.3116827,70.23975592
ex4_otd_rundate2022-03-23,4,otd,810,337.2305367,337.2305367,8.840421706,6.800324389
ex4_otd_rundate2022-03-23,4,otd,811,1694.751719,1694.751719,80.27980068,61.75369283
ex4_otd_rundate2022-03-23,4,otd,812,2579.127335,2579.127335,95.30541818,73.31186014
ex4_otd_rundate2022-03-23,4,otd,813,2438.52622,2438.52622,89.48272793,68.83286764
ex4_otd_rundate2022-03-23,4,otd,814,1023.757393,1023.757393,37.28390575,28.6799275
ex4_otd_rundate2022-03-23,4,otd,815,1000.116591,1000.116591,44.94395464,34.5722728
ex4_otd_rundate2022-03-23,4,otd,816,379.3728088,379.3728088,10.64398841,8.187683389
ex4_otd_rundate2022-03-23,4,otd,817,343.8398373,343.8398373,10.71876511,8.245203931
ex4_otd_rundate2022-03-23,4,otd,818,343.8398373,343.8398373,10.71876511,8.245203931
ex4_otd_rundate2022-03-23,4,otd,819,1444.577216,1444.577216,52.00988144,40.00760111
ex4_otd_rundate2022-03-23,4,otd,820,690.1309701,690.1309701,47.77455895,36.74966073
ex4_otd_rundate2022-03-23,4,otd,821,949.1357891,949.1357891,33.10805994,25.46773841
ex4_otd_rundate2022-03-23,4,otd,822,2676.946263,2676.946263,88.64398841,68.18768339
ex4_otd_rundate2022-03-23,4,otd,823,643.7964578,643.7964578,19.11506675,14.7038975
ex4_otd_rundate2022-03-23,4,otd,824,1707.12882,1707.12882,68.61559246,52.78122497
ex4_otd_rundate2022-03-23,4,otd,825,1481.551238,1481.551238,50.20611979,38.62009215
ex4_otd_rundate2022-03-23,4,otd,826,801.7044928,801.7044928,22.13778979,17.02906907
ex4_otd_rundate2022-03-23,4,otd,827,399.6364887,399.6364887,18.66744591,14.35957378
ex4_otd_rundate2022-03-23,4,otd,828,1000.321756,1000.321756,38.65777849,29.73675269
ex4_otd_rundate2022-03-23,4,otd,829,758.6442963,758.6442963,26.57723611,20.44402778
ex4_otd_rundate2022-03-23,4,otd,830,1966.403241,1966.403241,82.49823633,63.46018179
ex4_otd_rundate2022-03-23,4,otd,831,2427.03324,2427.03324,96.44398841,74.18768339
