ex4_abcg_rundate2021-09-04_ctd4,4,72,6,66,3316,2495,5777,500,126,370,40,347,1,0,,-1,,526931.0164839927,2.034422179579876e9,8596.396137562211,2.0301239815110958e9,203.0,0,1982,2302.0,338389.32259887905,38984.37637469522,63045.97854683956,0,0.4692558862689603,3.1348654610723155,11028.166666666666,596.8333333333339,,73.16777300834656,0.0,0.0,11769
ex4_abcg_rundate2021-09-04_ctd4,4,72,6,66,3316,2495,5777,500,126,370,40,347,2,0,,-1.028007042857143e7,,526931.0164839927,1.2919046949595566e9,3440.300979026578,1.290184544470043e9,129.0,0.0,1982,2302.0,338389.32259887905,38984.37637469522,63045.97854683956,0,0.4692558862689603,3.1348654610723155,10850.0,775.0,,9.55432391166687,71.63610816001892,23.83876919746399,13837
ex4_abcg_rundate2021-09-04_ctd4,4,72,6,66,3316,2495,5777,500,126,370,40,347,3,0,,-1.0060025373701883e7,,526931.0164839927,6.309206696353564e8,1330.265537041018,6.302555368668383e8,63.0,35.0,1982,2302.0,338389.32259887905,38984.37637469522,63045.97854683956,0,0.4692558862689603,3.1348654610723155,10768.5,856.5,,14.401929140090942,70.7315034866333,23.39810061454773,15537
ex4_abcg_rundate2021-09-04_ctd4,4,72,6,66,3316,2495,5777,500,126,370,40,347,4,0,,-1.0023224632151162e7,,526931.0164839927,2.906502899172452e8,700.9379409747629,2.902998209467596e8,29.0,61.83333333333333,1982,2302.0,338389.32259887905,38984.37637469522,63045.97854683956,0,0.4692558862689603,3.1348654610723155,10703.166666666664,921.8333333333358,,22.15417790412903,70.92601203918457,28.336554527282715,16831
ex4_abcg_rundate2021-09-04_ctd4,4,72,6,66,3316,2495,5777,500,126,370,40,347,5,0,,-1.0015183427464422e7,,526931.0164839927,1.4054015047885907e8,450.2581662659636,1.403150213957266e8,14.0,75.75,1982,2302.0,338389.32259887905,38984.37637469522,63045.97854683956,0,0.4692558862689603,3.1348654610723155,10683.791666666666,941.2083333333339,,28.612530946731567,70.52636241912842,23.716654300689697,17993
ex4_abcg_rundate2021-09-04_ctd4,4,72,6,66,3316,2495,5777,500,126,370,40,347,6,0,,-1.0012216081547081e7,,526931.0164839927,1.0051735157057905e8,397.81017433894436,1.0031844648340991e8,10.0,77.23863636363637,1982,2302.0,338389.32259887905,38984.37637469522,63045.97854683956,0,0.4692558862689603,3.1348654610723155,10682.334280303032,942.6657196969682,,26.74000096321106,70.18737936019897,18.947088479995728,18920
ex4_abcg_rundate2021-09-04_ctd4,4,72,6,66,3316,2495,5777,500,126,370,40,347,7,0,,-1.0012001687436013e7,,526931.0164839927,7.050102160166399e7,357.4024031471317,7.032232040009099e7,7.0,82.0,1982,2302.0,338389.32259887905,38984.37637469522,63045.97854683956,0,0.4692558862689603,3.1348654610723155,10684.25,940.75,,19.598777055740356,70.85031318664551,24.17056393623352,19617
ex4_abcg_rundate2021-09-04_ctd4,4,72,6,66,3316,2495,5777,500,126,370,40,347,8,0,,-1.0012001687436013e7,,526931.0164839927,6.049333265056034e7,343.6929453151085,6.032148617790291e7,6.0,83.0,1982,2302.0,338389.32259887905,38984.37637469522,63045.97854683956,0,0.4692558862689603,3.1348654610723155,10683.041666666666,941.9583333333339,,28.788712978363037,70.59135866165161,23.49777889251709,20091
ex4_abcg_rundate2021-09-04_ctd4,4,72,6,66,3316,2495,5777,500,126,370,40,347,9,0,,-1.0012001687436013e7,,526931.0164839927,6.049247072063296e7,344.0416980895383,6.032044987158825e7,6.0,84.0,1982,2302.0,338389.32259887905,38984.37637469522,63045.97854683956,0,0.4692558862689603,3.1348654610723155,10687.395833333334,937.6041666666661,,21.46009612083435,70.27035164833069,18.945666313171387,20461
ex4_abcg_rundate2021-09-04_ctd4,4,72,6,66,3316,2495,5777,500,126,370,40,347,10,0,,-1.0012001687436013e7,,526931.0164839927,6.049188553865345e7,344.35148618388894,6.031970979556166e7,6.0,83.5,1982,2302.0,338389.32259887905,38984.37637469522,63045.97854683956,0,0.4692558862689603,3.1348654610723155,10686.5,938.5,,20.33723211288452,69.77111220359802,23.5799503326416,20794
ex4_abcg_rundate2021-09-04_ctd4,4,72,6,66,3316,2495,5777,500,126,370,40,347,11,0,,-1.0012001687436013e7,,526931.0164839927,4.0475741630330905e7,310.9215061197088,4.032028087727113e7,4.0,85.58333333333334,1982,2302.0,338389.32259887905,38984.37637469522,63045.97854683956,0,0.4692558862689603,3.1348654610723155,10696.158333333335,928.8416666666653,,16.07102680206299,69.73630046844482,23.047447204589844,21065
ex4_abcg_rundate2021-09-04_ctd4,4,72,6,66,3316,2495,5777,500,126,370,40,347,12,0,,-1.0011284835930863e7,,526931.0164839927,1.0456540126338677e7,262.6690489428246,1.0325205601867205e7,1.0,87.0,1982,2302.0,338389.32259887905,38984.37637469522,63045.97854683956,0,0.4692558862689603,3.1348654610723155,10702.166666666666,922.8333333333339,,26.64182686805725,66.70831346511841,18.466753005981445,21198
ex4_abcg_rundate2021-09-04_ctd4,4,72,6,66,3316,2495,5777,500,126,370,40,347,13,0,,-1.0004726024887525e7,,526931.0164839927,1.0456408358734448e7,262.3753926337993,1.0325220662417505e7,1.0,87.0,1982,2302.0,338389.32259887905,38984.37637469522,63045.97854683956,0,0.4692558862689603,3.1348654610723155,10700.833333333332,924.1666666666679,,13.266252040863037,69.38606190681458,22.608080625534058,21395
ex4_abcg_rundate2021-09-04_ctd4,4,72,6,66,3316,2495,5777,500,126,370,40,347,14,0,,-1.0004665636324124e7,,526931.0164839927,451756.163354369,250.1998040928064,326656.26130796655,0.0,89.32142857142857,1982,2302.0,338389.32259887905,38984.37637469522,63045.97854683956,0,0.4692558862689603,3.1348654610723155,10700.946428571428,924.0535714285725,,11.901390075683594,69.41820526123047,22.84183144569397,21487
ex4_abcg_rundate2021-09-04_ctd4,4,72,6,66,3316,2495,5777,500,126,370,40,347,15,0,,-772.3706093508866,,526931.0164839927,451434.78633306036,249.16746826605475,326851.05220003397,0.0,88.88888888888889,1982,2302.0,338389.32259887905,38984.37637469522,63045.97854683956,0,0.4692558862689603,3.1348654610723155,10701.222222222223,923.7777777777774,,22.592560052871704,69.55764079093933,18.89799690246582,21591
ex4_abcg_rundate2021-09-04_ctd4,4,72,6,66,3316,2495,5777,500,126,370,40,347,16,0,,-426.9671179169525,,526931.0164839927,451416.40929367,249.0701260334719,326881.34627693484,0.0,88.5,1982,2302.0,338389.32259887905,38984.37637469522,63045.97854683956,0,0.4692558862689603,3.1348654610723155,10708.166666666666,916.8333333333339,,11.655089855194092,66.71112632751465,18.816254138946533,21699
ex4_abcg_rundate2021-09-04_ctd4,4,72,6,66,3316,2495,5777,500,126,370,40,347,17,0,,-385.5895167897527,,526931.0164839927,451257.7647216701,248.5163984168317,326999.5655132544,0.0,88.5,1982,2302.0,338389.32259887905,38984.37637469522,63045.97854683956,0,0.4692558862689603,3.1348654610723155,10701.083333333334,923.9166666666661,,11.097146987915039,66.71294617652893,24.64718770980835,21766
ex4_abcg_rundate2021-09-04_ctd4,4,72,6,66,3316,2495,5777,500,126,370,40,347,18,0,,-362.7818639992739,,526931.0164839927,451252.3815732724,248.50563212003664,326999.5655132544,0.0,88.5,1982,2302.0,338389.32259887905,38984.37637469522,63045.97854683956,0,0.4692558862689603,3.1348654610723155,10701.75,923.25,,3.6354150772094727,66.57612705230713,19.499349355697632,21824
ex4_abcg_rundate2021-09-04_ctd4,4,72,6,66,3316,2495,5777,500,126,370,40,347,19,0,,-397.2293528842183,,526931.0164839927,451252.3815732723,248.50563212003664,326999.56551325443,0.0,88.5,1982,2302.0,338389.32259887905,38984.37637469522,63045.97854683956,0,0.4692558862689603,3.1348654610723155,10702.25,922.75,,3.8613200187683105,66.54951429367065,20.36873984336853,21860
ex4_abcg_rundate2021-09-04_ctd4,4,72,6,66,3316,2495,5777,500,126,370,40,347,20,0,,-334.561924877853,,526931.0164839927,451234.96289932565,248.50563212003664,326982.1468393078,0.0,88.5,1982,2302.0,338389.32259887905,38984.37637469522,63045.97854683956,0,0.4692558862689603,3.1348654610723155,10703.25,921.75,,3.4119319915771484,69.54151821136475,18.847917556762695,21879
ex4_abcg_rundate2021-09-04_ctd4,4,72,6,66,3316,2495,5777,500,126,370,40,347,21,0,,-292.79638330356806,,526931.0164839927,451234.96289932565,248.50563212003664,326982.1468393078,0.0,88.5,1982,2302.0,338389.32259887905,38984.37637469522,63045.97854683956,0,0.4692558862689603,3.1348654610723155,10703.25,921.75,,2.924226999282837,69.57746505737305,23.44355797767639,21901
ex4_abcg_rundate2021-09-04_ctd4,4,72,6,66,3316,2495,5777,500,126,370,40,347,22,0,,-276.6593540761691,,526931.0164839927,451163.40517371695,248.64349377068544,326841.65828837454,0.0,88.5,1982,2302.0,338389.32259887905,38984.37637469522,63045.97854683956,0,0.4692558862689603,3.1348654610723155,10703.25,921.75,,3.1054880619049072,69.60276222229004,22.951515436172485,21925
ex4_abcg_rundate2021-09-04_ctd4,4,72,6,66,3316,2495,5777,500,126,370,40,347,23,0,,-229.1239651060389,,526931.0164839927,451163.40517371683,248.6434937706855,326841.65828837454,0.0,88.5,1982,2302.0,338389.32259887905,38984.37637469522,63045.97854683956,0,0.4692558862689603,3.1348654610723155,10705.25,919.75,,2.9388599395751953,69.61314153671265,19.233597993850708,21948
ex4_abcg_rundate2021-09-04_ctd4,4,72,6,66,3316,2495,5777,500,126,370,40,347,24,0,,-221.6755720179387,,526931.0164839927,451163.40517371683,248.6434937706855,326841.65828837454,0.0,88.5,1982,2302.0,338389.32259887905,38984.37637469522,63045.97854683956,0,0.4692558862689603,3.1348654610723155,10705.25,919.75,,2.9352850914001465,69.64673376083374,22.624892950057983,21961
ex4_abcg_rundate2021-09-04_ctd4,4,72,6,66,3316,2495,5777,500,126,370,40,347,25,0,,-220.87992076284374,,526931.0164839927,451103.63853380445,248.42371364171845,326891.7817129456,0.0,88.5,1982,2302.0,338389.32259887905,38984.37637469522,63045.97854683956,0,0.4692558862689603,3.1348654610723155,10702.75,922.25,,8.630252122879028,69.57882761955261,27.274179220199585,21969
ex4_abcg_rundate2021-09-04_ctd4,4,72,6,66,3316,2495,5777,500,126,370,40,347,26,0,,-545.7664887786094,,526931.0164839927,450903.110356019,248.2452192713223,326780.50072035816,0.0,88.5,1982,2302.0,338389.32259887905,38984.37637469522,63045.97854683956,0,0.4692558862689603,3.1348654610723155,10703.25,921.75,,4.718813896179199,69.65588307380676,18.91377830505371,22029
ex4_abcg_rundate2021-09-04_ctd4,4,72,6,66,3316,2495,5777,500,126,370,40,347,27,0,,-91.94321617685245,,526931.0164839927,450903.110356019,248.2452192713223,326780.50072035816,0.0,88.5,1982,2302.0,338389.32259887905,38984.37637469522,63045.97854683956,0,0.4692558862689603,3.1348654610723155,10703.25,921.75,,2.9083499908447266,66.48125433921814,19.505850553512573,22040
ex4_abcg_rundate2021-09-04_ctd4,4,72,6,66,3316,2495,5777,500,126,370,40,347,28,0,,-77.79121639943452,,526931.0164839927,450903.110356019,248.2452192713223,326780.50072035816,0.0,88.5,1982,2302.0,338389.32259887905,38984.37637469522,63045.97854683956,0,0.4692558862689603,3.1348654610723155,10703.25,921.75,,2.900270938873291,69.77196288108826,23.444912433624268,22054
ex4_abcg_rundate2021-09-04_ctd4,4,72,6,66,3316,2495,5777,500,126,370,40,347,29,0,,-42.03984418038948,,526931.0164839927,450861.07051183854,248.27978964867918,326721.1756874993,0.0,88.5,1982,2302.0,338389.32259887905,38984.37637469522,63045.97854683956,0,0.4692558862689603,3.1348654610723155,10703.25,921.75,,2.938767194747925,69.80998682975769,18.90851140022278,22061
ex4_abcg_rundate2021-09-04_ctd4,4,72,6,66,3316,2495,5777,500,126,370,40,347,30,0,,-7.494904557306768,,526931.0164839927,450861.07051183854,248.27978964867918,326721.1756874993,0.0,88.5,1982,2302.0,338389.32259887905,38984.37637469522,63045.97854683956,0,0.4692558862689603,3.1348654610723155,10703.25,921.75,,2.4787728786468506,69.79671955108643,27.778961896896362,22065
ex4_abcg_rundate2021-09-04_ctd4,4,72,6,66,3316,2495,5777,500,126,370,40,347,31,0,,-104.99793366912127,,526931.0164839927,450861.07051183854,248.27978964867918,326721.1756874993,0.0,88.5,1982,2302.0,338389.32259887905,38984.37637469522,63045.97854683956,0,0.4692558862689603,3.1348654610723155,10703.25,921.75,,1.0513129234313965,69.31454539299011,18.926475286483765,22073
ex4_abcg_rundate2021-09-04_ctd4,4,72,6,66,3316,2495,5777,500,126,370,40,347,32,0,,-7.0246823257124476,,526931.0164839927,450861.07051183854,248.27978964867918,326721.1756874993,0.0,88.5,1982,2302.0,338389.32259887905,38984.37637469522,63045.97854683956,0,0.4692558862689603,3.1348654610723155,10703.25,921.75,,1.046234130859375,69.49466848373413,18.59937047958374,22074
ex4_abcg_rundate2021-09-04_ctd4,4,72,6,66,3316,2495,5777,500,126,370,40,347,33,0,,-5.825442543478843,,526931.0164839927,450861.07051183854,248.27978964867918,326721.1756874993,0.0,88.5,1982,2302.0,338389.32259887905,38984.37637469522,63045.97854683956,0,0.4692558862689603,3.1348654610723155,10703.25,921.75,,1.0449531078338623,69.61185598373413,27.629044771194458,22075
ex4_abcg_rundate2021-09-04_ctd4,4,72,6,66,3316,2495,5777,500,126,370,40,347,34,0,,-5.823829569762225,,526931.0164839927,450861.07051183854,248.27978964867918,326721.1756874993,0.0,88.5,1982,2302.0,338389.32259887905,38984.37637469522,63045.97854683956,0,0.4692558862689603,3.1348654610723155,10703.25,921.75,,2.5024149417877197,69.44075679779053,22.559171199798584,22077
ex4_abcg_rundate2021-09-04_ctd4,4,72,6,66,3316,2495,5777,500,126,370,40,347,35,0,,-0.06652313070375726,,526931.0164839927,450861.07051183854,248.27978964867918,326721.1756874993,0.0,88.5,1982,2302.0,338389.32259887905,38984.37637469522,63045.97854683956,0,0.4692558862689603,3.1348654610723155,10703.25,921.75,,1.061331033706665,69.51847457885742,19.06765580177307,22078
ex4_abcg_rundate2021-09-04_ctd4,4,72,6,66,3316,2495,5777,500,126,370,40,347,36,0,,-0.06652313070378568,,526931.0164839927,450861.07051183854,248.27978964867918,326721.1756874993,0.0,88.5,1982,2302.0,338389.32259887905,38984.37637469522,63045.97854683956,0,0.4692558862689603,3.1348654610723155,10703.25,921.75,,2.8741888999938965,66.41674447059631,22.8449285030365,22080
ex4_abcg_rundate2021-09-04_ctd4,4,72,6,66,3316,2495,5777,500,126,370,40,347,IP,0,36,,,526931.0164839927,458943.9120252888,252.6024546720494,332642.68468926405,0.0,91.0,1982,2302.0,338389.32259887905,38984.37637469522,63045.97854683956,0,0.4692558862689603,3.1348654610723155,10943.0,682.0,23074.433830022812,435.00903606414795,2493.4685566425323,793.0234658718109,22080
ex4_abcg_rundate2021-09-04_ctd4,4,72,6,66,3316,2495,5777,500,132,375,31,373,1,0,,-1,,536352.850838471,1.2820345604787533e9,3663.8770719570907,1.280202621942781e9,128.0,0,2055,2307.999999992286,338389.32259887905,45996.36300016821,64004.203079430255,0,0.4707411314995868,3.1348654610723155,9326.388888888889,621.6111111111113,,57.02367806434631,0.0,0.0,15855
ex4_abcg_rundate2021-09-04_ctd4,4,72,6,66,3316,2495,5777,500,132,375,31,373,2,0,,-1.0065522145911742e7,,536352.850838471,5.510254497450109e8,1464.3570637822904,5.502932712131233e8,55.0,37.5,2055,2307.999999992286,338389.32259887905,45996.36300016821,64004.203079430255,0,0.4707411314995868,3.1348654610723155,9202.0,746.0,,39.91951894760132,86.66141510009766,30.511024236679077,17718
ex4_abcg_rundate2021-09-04_ctd4,4,72,6,66,3316,2495,5777,500,132,375,31,373,3,0,,-1.0065427116883475e7,,536352.850838471,2.4064876361474556e8,652.4349994737361,2.4032254611500892e8,24.0,61.785714285714285,2055,2307.999999992286,338389.32259887905,45996.36300016821,64004.203079430255,0,0.4707411314995868,3.1348654610723155,9198.392857142857,749.6071428571431,,36.87698221206665,89.92747402191162,32.23982048034668,19244
ex4_abcg_rundate2021-09-04_ctd4,4,72,6,66,3316,2495,5777,500,132,375,31,373,4,0,,-1.0016155958652223e7,,536352.850838471,1.0053965107827371e8,395.55122153112086,1.0034187546750867e8,10.0,72.5,2055,2307.999999992286,338389.32259887905,45996.36300016821,64004.203079430255,0,0.4707411314995868,3.1348654610723155,9213.916666666668,734.0833333333321,,67.08090400695801,89.89547801017761,25.116493225097656,20353
ex4_abcg_rundate2021-09-04_ctd4,4,72,6,66,3316,2495,5777,500,132,375,31,373,5,0,,-1.0012216081547081e7,,536352.850838471,8.052824628008588e7,367.0981546193749,8.034469720277652e7,8.0,75.25,2055,2307.999999992286,338389.32259887905,45996.36300016821,64004.203079430255,0,0.4707411314995868,3.1348654610723155,9221.09375,726.90625,,48.13038420677185,90.18963241577148,31.44654679298401,21237
ex4_abcg_rundate2021-09-04_ctd4,4,72,6,66,3316,2495,5777,500,132,375,31,373,6,0,,-1.0012216081547081e7,,536352.850838471,7.052562236757001e7,359.025286420325,7.03461097243599e7,7.0,75.3125,2055,2307.999999992286,338389.32259887905,45996.36300016821,64004.203079430255,0,0.4707411314995868,3.1348654610723155,9221.015625,726.984375,,57.480249881744385,89.67045593261719,31.271623134613037,21779
ex4_abcg_rundate2021-09-04_ctd4,4,72,6,66,3316,2495,5777,500,132,375,31,373,7,0,,-1.0012216081547081e7,,536352.850838471,7.052411330985186e7,358.5890946374829,7.034481876253343e7,7.0,77.14814814814815,2055,2307.999999992286,338389.32259887905,45996.36300016821,64004.203079430255,0,0.4707411314995868,3.1348654610723155,9229.867283950618,718.132716049382,,70.6409969329834,90.00400233268738,30.174166917800903,22152
ex4_abcg_rundate2021-09-04_ctd4,4,72,6,66,3316,2495,5777,500,132,375,31,373,8,0,,-1.0012216081547083e7,,536352.850838471,4.050696931598745e7,316.72295907880454,4.034860783644817e7,4.0,80.74999999999999,2055,2307.999999992286,338389.32259887905,45996.36300016821,64004.203079430255,0,0.4707411314995868,3.1348654610723155,9234.5,713.5,,90.10127520561218,89.9467511177063,24.76235270500183,22477
ex4_abcg_rundate2021-09-04_ctd4,4,72,6,66,3316,2495,5777,500,132,375,31,373,9,0,,-1.0012001687436013e7,,536352.850838471,4.0506729766273335e7,316.82714154421046,4.034831619550136e7,4.0,79.93827160493828,2055,2307.999999992286,338389.32259887905,45996.36300016821,64004.203079430255,0,0.4707411314995868,3.1348654610723155,9235.282407407405,712.7175925925949,,44.14834904670715,90.07938957214355,24.855375051498413,22768
ex4_abcg_rundate2021-09-04_ctd4,4,72,6,66,3316,2495,5777,500,132,375,31,373,10,0,,-1.0012001687436013e7,,536352.850838471,4.050513260805584e7,320.6600375134845,4.034480258929926e7,4.0,80.54905312993162,2055,2307.999999992286,338389.32259887905,45996.36300016821,64004.203079430255,0,0.4707411314995868,3.1348654610723155,9247.819042609153,700.1809573908467,,66.29024910926819,90.39320373535156,24.60707449913025,22962
ex4_abcg_rundate2021-09-04_ctd4,4,72,6,66,3316,2495,5777,500,132,375,31,373,11,0,,-1.0012001687436013e7,,536352.850838471,3.050123255348412e7,308.96247808181397,3.0346751314443417e7,3.0,82.59420289855073,2055,2307.999999992286,338389.32259887905,45996.36300016821,64004.203079430255,0,0.4707411314995868,3.1348654610723155,9239.065217391304,708.934782608696,,65.50339603424072,89.83687043190002,31.306965112686157,23058
ex4_abcg_rundate2021-09-04_ctd4,4,72,6,66,3316,2495,5777,500,132,375,31,373,12,0,,-1.0011284835930863e7,,536352.850838471,1.0488420346876817e7,275.3388582000324,1.0350750917776737e7,1.0,84.9922480620155,2055,2307.999999992286,338389.32259887905,45996.36300016821,64004.203079430255,0,0.4707411314995868,3.1348654610723155,9232.085976039467,715.9140239605331,,62.90706205368042,89.5934956073761,31.128462076187134,23150
ex4_abcg_rundate2021-09-04_ctd4,4,72,6,66,3316,2495,5777,500,132,375,31,373,13,0,,-1.0003526975992618e7,,536352.850838471,484966.694294453,264.400175579916,352766.606504495,0.0,86.125,2055,2307.999999992286,338389.32259887905,45996.36300016821,64004.203079430255,0,0.4707411314995868,3.1348654610723155,9232.670454545454,715.329545454546,,37.90032386779785,89.86602401733398,31.4091157913208,23218
ex4_abcg_rundate2021-09-04_ctd4,4,72,6,66,3316,2495,5777,500,132,375,31,373,14,0,,-368.8470873068951,,536352.850838471,484966.6942944529,264.400175579916,352766.606504495,0.0,86.125,2055,2307.999999992286,338389.32259887905,45996.36300016821,64004.203079430255,0,0.4707411314995868,3.1348654610723155,9237.579545454546,710.420454545454,,7.24220609664917,89.81302905082703,24.64856195449829,23271
ex4_abcg_rundate2021-09-04_ctd4,4,72,6,66,3316,2495,5777,500,132,375,31,373,15,0,,-355.81861948692676,,536352.850838471,484863.5847336976,264.4706122884188,352628.27858948935,0.0,86.34782608695653,2055,2307.999999992286,338389.32259887905,45996.36300016821,64004.203079430255,0,0.4707411314995868,3.1348654610723155,9247.028985507246,700.971014492754,,25.635091066360474,89.69521737098694,31.315258264541626,23302
ex4_abcg_rundate2021-09-04_ctd4,4,72,6,66,3316,2495,5777,500,132,375,31,373,16,0,,-361.97294030901907,,536352.850838471,484863.5845992833,264.4706122884188,352628.2784550749,0.0,86.34782608695653,2055,2307.999999992286,338389.32259887905,45996.36300016821,64004.203079430255,0,0.4707411314995868,3.1348654610723155,9243.898550724638,704.101449275362,,4.675134897232056,89.71936178207397,31.591917514801025,23363
ex4_abcg_rundate2021-09-04_ctd4,4,72,6,66,3316,2495,5777,500,132,375,31,373,17,0,,-361.97294030901884,,536352.850838471,484785.1637530932,264.01968798001474,352775.3197630872,0.0,86.34782608695653,2055,2307.999999992286,338389.32259887905,45996.36300016821,64004.203079430255,0,0.4707411314995868,3.1348654610723155,9236.065217391306,711.9347826086941,,39.15650796890259,89.65115571022034,25.148662567138672,23395
ex4_abcg_rundate2021-09-04_ctd4,4,72,6,66,3316,2495,5777,500,132,375,31,373,18,0,,-368.94187642747715,,536352.850838471,484769.59908444004,264.15521772906294,352691.9902199088,0.0,86.23529411764706,2055,2307.999999992286,338389.32259887905,45996.36300016821,64004.203079430255,0,0.4707411314995868,3.1348654610723155,9242.29411764706,705.7058823529405,,13.716590881347656,90.19965171813965,24.739946842193604,23439
ex4_abcg_rundate2021-09-04_ctd4,4,72,6,66,3316,2495,5777,500,132,375,31,373,19,0,,-358.78907077031886,,536352.850838471,484593.25978159904,264.5708991983419,352307.81018242915,0.0,86.77777777777777,2055,2307.999999992286,338389.32259887905,45996.36300016821,64004.203079430255,0,0.4707411314995868,3.1348654610723155,9237.203703703704,710.7962962962956,,29.54427719116211,90.0272490978241,31.25441265106201,23475
ex4_abcg_rundate2021-09-04_ctd4,4,72,6,66,3316,2495,5777,500,132,375,31,373,20,0,,-291.27240762024473,,536352.850838471,484592.7212722249,264.5708991983419,352307.2716730551,0.0,86.77777777777777,2055,2307.999999992286,338389.32259887905,45996.36300016821,64004.203079430255,0,0.4707411314995868,3.1348654610723155,9235.648148148148,712.3518518518522,,8.576328039169312,89.71046137809753,30.106433629989624,23511
ex4_abcg_rundate2021-09-04_ctd4,4,72,6,66,3316,2495,5777,500,132,375,31,373,21,0,,-310.7566480843228,,536352.850838471,484592.7212722249,264.5708991983419,352307.2716730551,0.0,86.77777777777777,2055,2307.999999992286,338389.32259887905,45996.36300016821,64004.203079430255,0,0.4707411314995868,3.1348654610723155,9235.648148148148,712.3518518518522,,2.963895797729492,89.80961203575134,31.56842613220215,23527
ex4_abcg_rundate2021-09-04_ctd4,4,72,6,66,3316,2495,5777,500,132,375,31,373,22,0,,-245.7887615294093,,536352.850838471,484592.721272225,264.5708991983419,352307.2716730551,0.0,86.77777777777777,2055,2307.999999992286,338389.32259887905,45996.36300016821,64004.203079430255,0,0.4707411314995868,3.1348654610723155,9235.648148148148,712.3518518518522,,2.9519989490509033,90.1363742351532,31.544666051864624,23540
ex4_abcg_rundate2021-09-04_ctd4,4,72,6,66,3316,2495,5777,500,132,375,31,373,23,0,,-206.25080729893784,,536352.850838471,484592.7205118621,264.5708991983419,352307.2709126919,0.0,86.77777777777777,2055,2307.999999992286,338389.32259887905,45996.36300016821,64004.203079430255,0,0.4707411314995868,3.1348654610723155,9235.64814814815,712.3518518518504,,11.038699865341187,89.71327614784241,38.21760535240173,23550
ex4_abcg_rundate2021-09-04_ctd4,4,72,6,66,3316,2495,5777,500,132,375,31,373,24,0,,-143.23123898234593,,536352.850838471,484591.4141734245,264.5708991983419,352305.9645742543,0.0,86.77777777777777,2055,2307.999999992286,338389.32259887905,45996.36300016821,64004.203079430255,0,0.4707411314995868,3.1348654610723155,9237.981481481482,710.0185185185182,,5.465526103973389,89.46068143844604,25.120667695999146,23565
ex4_abcg_rundate2021-09-04_ctd4,4,72,6,66,3316,2495,5777,500,132,375,31,373,25,0,,-110.35393095051066,,536352.850838471,484591.41417342436,264.5708991983419,352305.9645742543,0.0,86.77777777777777,2055,2307.999999992286,338389.32259887905,45996.36300016821,64004.203079430255,0,0.4707411314995868,3.1348654610723155,9237.537037037036,710.4629629629635,,4.196361064910889,89.4461441040039,24.42657709121704,23582
ex4_abcg_rundate2021-09-04_ctd4,4,72,6,66,3316,2495,5777,500,132,375,31,373,26,0,,-82.71496056159481,,536352.850838471,484538.67550510017,264.65343852439736,352211.9562429026,0.0,86.66666666666666,2055,2307.999999992286,338389.32259887905,45996.36300016821,64004.203079430255,0,0.4707411314995868,3.1348654610723155,9240.513071895426,707.486928104574,,12.536983966827393,89.48362159729004,29.950605630874634,23601
ex4_abcg_rundate2021-09-04_ctd4,4,72,6,66,3316,2495,5777,500,132,375,31,373,27,0,,-61.640888748848624,,536352.850838471,484535.52053995244,264.5438123473419,352263.61436628236,0.0,86.77777777777777,2055,2307.999999992286,338389.32259887905,45996.36300016821,64004.203079430255,0,0.4707411314995868,3.1348654610723155,9238.796296296296,709.2037037037044,,11.631288766860962,89.11742877960205,24.559305906295776,23618
ex4_abcg_rundate2021-09-04_ctd4,4,72,6,66,3316,2495,5777,500,132,375,31,373,28,0,,-60.38028977839654,,536352.850838471,484535.5205399523,264.5438123473419,352263.61436628236,0.0,86.77777777777777,2055,2307.999999992286,338389.32259887905,45996.36300016821,64004.203079430255,0,0.4707411314995868,3.1348654610723155,9238.796296296296,709.2037037037044,,3.0082080364227295,88.98900866508484,31.18843173980713,23628
ex4_abcg_rundate2021-09-04_ctd4,4,72,6,66,3316,2495,5777,500,132,375,31,373,29,0,,-48.88966535861655,,536352.850838471,484535.5205399523,264.5438123473419,352263.61436628236,0.0,86.77777777777777,2055,2307.999999992286,338389.32259887905,45996.36300016821,64004.203079430255,0,0.4707411314995868,3.1348654610723155,9238.796296296296,709.2037037037044,,2.9272730350494385,89.10223960876465,30.531960248947144,23630
ex4_abcg_rundate2021-09-04_ctd4,4,72,6,66,3316,2495,5777,500,132,375,31,373,30,0,,-47.47795806597341,,536352.850838471,484535.5205399523,264.5438123473419,352263.61436628236,0.0,86.77777777777777,2055,2307.999999992286,338389.32259887905,45996.36300016821,64004.203079430255,0,0.4707411314995868,3.1348654610723155,9238.796296296296,709.2037037037044,,1.0449941158294678,89.24374723434448,30.72860288619995,23631
ex4_abcg_rundate2021-09-04_ctd4,4,72,6,66,3316,2495,5777,500,132,375,31,373,31,0,,-38.65027430957822,,536352.850838471,484535.5205399527,264.5438123473419,352263.61436628236,0.0,86.77777777777777,2055,2307.999999992286,338389.32259887905,45996.36300016821,64004.203079430255,0,0.4707411314995868,3.1348654610723155,9240.351851851852,707.6481481481478,,7.9749109745025635,88.97893500328064,30.577971935272217,23633
ex4_abcg_rundate2021-09-04_ctd4,4,72,6,66,3316,2495,5777,500,132,375,31,373,32,0,,-25.863381458750283,,536352.850838471,484535.5205399527,264.5438123473419,352263.6143662824,0.0,86.77777777777777,2055,2307.999999992286,338389.32259887905,45996.36300016821,64004.203079430255,0,0.4707411314995868,3.1348654610723155,9240.351851851852,707.6481481481478,,3.114572048187256,89.23134255409241,30.79754066467285,23637
ex4_abcg_rundate2021-09-04_ctd4,4,72,6,66,3316,2495,5777,500,132,375,31,373,33,0,,-14.139415733958941,,536352.850838471,484535.5205399527,264.5438123473419,352263.61436628236,0.0,86.77777777777777,2055,2307.999999992286,338389.32259887905,45996.36300016821,64004.203079430255,0,0.4707411314995868,3.1348654610723155,9239.018518518518,708.9814814814818,,5.43651819229126,89.26900053024292,31.299343824386597,23642
ex4_abcg_rundate2021-09-04_ctd4,4,72,6,66,3316,2495,5777,500,132,375,31,373,34,0,,-0.0674825731494899,,536352.850838471,484535.5205399527,264.5438123473419,352263.61436628236,0.0,86.77777777777777,2055,2307.999999992286,338389.32259887905,45996.36300016821,64004.203079430255,0,0.4707411314995868,3.1348654610723155,9239.018518518516,708.9814814814836,,3.3747758865356445,89.00639772415161,24.408596515655518,23643
ex4_abcg_rundate2021-09-04_ctd4,4,72,6,66,3316,2495,5777,500,132,375,31,373,IP,0,34,,,536352.850838471,489928.1472092412,266.11693711616454,356869.67865115876,0.0,86.0,2055,2307.999999992286,338389.32259887905,45996.36300016821,64004.203079430255,0,0.4707411314995868,3.1348654610723155,9364.0,584.0,10429.399940013885,950.2155125141144,3044.8869071006775,993.6869466304779,23643
ex4_abcg_rundate2021-09-04_ctd4,4,72,6,66,3316,2495,5777,500,138,418,10,340,1,0,,-1,,606417.0683662792,1.071648821757715e9,2927.573405601927,1.0701850350549177e9,107.0,0,2285,2341.999999992286,338389.32259887905,96174.25690488816,71011.00657650133,0,0.4839401066133496,3.1348654610723155,10707.0,880.0,,82.09636998176575,0.0,0.0,13839
ex4_abcg_rundate2021-09-04_ctd4,4,72,6,66,3316,2495,5777,500,138,418,10,340,2,0,,-1.0070947289566211e7,,606417.0683662792,8.610993062127095e8,1795.1512065569666,8.602017306094365e8,86.0,1.0,2285,2341.999999992286,338389.32259887905,96174.25690488816,71011.00657650133,0,0.4839401066133496,3.1348654610723155,10733.499999999998,853.5000000000018,,11.071495056152344,83.75400876998901,29.351297616958618,15782
ex4_abcg_rundate2021-09-04_ctd4,4,72,6,66,3316,2495,5777,500,138,418,10,340,3,0,,-1.0060813219762068e7,,606417.0683662792,4.607391233269512e8,970.257453278296,4.6025399460031414e8,46.0,37.5,2285,2341.999999992286,338389.32259887905,96174.25690488816,71011.00657650133,0,0.4839401066133496,3.1348654610723155,10729.0,858.0,,15.32170581817627,81.10415029525757,28.806992053985596,17216
ex4_abcg_rundate2021-09-04_ctd4,4,72,6,66,3316,2495,5777,500,138,418,10,340,4,0,,-1.0036340995718542e7,,606417.0683662792,3.206057450907907e8,677.9210923008113,3.2026678454464155e8,32.0,52.0,2285,2341.999999992286,338389.32259887905,96174.25690488816,71011.00657650133,0,0.4839401066133496,3.1348654610723155,10731.5625,855.4375,,11.539108037948608,80.52896332740784,27.953789949417114,18298
ex4_abcg_rundate2021-09-04_ctd4,4,72,6,66,3316,2495,5777,500,138,418,10,340,5,0,,-1.0012216081547081e7,,606417.0683662792,1.8053171820972306e8,491.98229780521893,1.8028572706082076e8,18.0,67.0,2285,2341.999999992286,338389.32259887905,96174.25690488816,71011.00657650133,0,0.4839401066133496,3.1348654610723155,10712.300000000001,874.6999999999989,,17.00282096862793,80.72371506690979,28.507483959197998,19108
ex4_abcg_rundate2021-09-04_ctd4,4,72,6,66,3316,2495,5777,500,138,418,10,340,6,0,,-1.0012001687436013e7,,606417.0683662792,1.2049106785870552e8,400.87328802679605,1.2029063121469213e8,12.0,72.0,2285,2341.999999992286,338389.32259887905,96174.25690488816,71011.00657650133,0,0.4839401066133496,3.1348654610723155,10722.611111111113,864.3888888888869,,13.862614870071411,80.94876313209534,22.46811604499817,19726
ex4_abcg_rundate2021-09-04_ctd4,4,72,6,66,3316,2495,5777,500,138,418,10,340,7,0,,-1.0012001687436013e7,,606417.0683662792,1.0048169982028835e8,382.0993086659114,1.0029065016595553e8,10.0,75.0,2285,2341.999999992286,338389.32259887905,96174.25690488816,71011.00657650133,0,0.4839401066133496,3.1348654610723155,10738.875,848.125,,5.486982107162476,80.55902075767517,28.4589786529541,20233
ex4_abcg_rundate2021-09-04_ctd4,4,72,6,66,3316,2495,5777,500,138,418,10,340,8,0,,-1.0012001687436013e7,,606417.0683662792,9.047530477156873e7,368.5951057179109,9.029100721871027e7,9.0,75.5,2285,2341.999999992286,338389.32259887905,96174.25690488816,71011.00657650133,0,0.4839401066133496,3.1348654610723155,10736.25,850.75,,10.922795057296753,80.5425500869751,22.064196348190308,20573
ex4_abcg_rundate2021-09-04_ctd4,4,72,6,66,3316,2495,5777,500,138,418,10,340,9,0,,-1.0012001687436013e7,,606417.0683662792,8.047086063156296e7,356.33181701848895,8.02926947230542e7,8.0,77.0,2285,2341.999999992286,338389.32259887905,96174.25690488816,71011.00657650133,0,0.4839401066133496,3.1348654610723155,10739.5,847.5,,11.64873194694519,80.30265164375305,28.952082872390747,20801
ex4_abcg_rundate2021-09-04_ctd4,4,72,6,66,3316,2495,5777,500,138,418,10,340,10,0,,-1.0012001687436013e7,,606417.0683662792,4.0451892022119164e7,302.6444099675563,4.03005698171355e7,4.0,82.0,2285,2341.999999992286,338389.32259887905,96174.25690488816,71011.00657650133,0,0.4839401066133496,3.1348654610723155,10722.366666666667,864.6333333333332,,13.019781827926636,80.27296209335327,28.47971248626709,20998
ex4_abcg_rundate2021-09-04_ctd4,4,72,6,66,3316,2495,5777,500,138,418,10,340,11,0,,-1.0012001687436013e7,,606417.0683662792,4.045143856908485e7,303.50062334400843,4.0299688257412955e7,4.0,83.0,2285,2341.999999992286,338389.32259887905,96174.25690488816,71011.00657650133,0,0.4839401066133496,3.1348654610723155,10717.916666666666,869.0833333333339,,10.844630002975464,80.51424217224121,28.729900121688843,21199
ex4_abcg_rundate2021-09-04_ctd4,4,72,6,66,3316,2495,5777,500,138,418,10,340,12,0,,-1.0011284835930863e7,,606417.0683662792,1.043482570660984e7,259.4107666965222,1.0305120323261494e7,1.0,87.66666666666667,2285,2341.999999992286,338389.32259887905,96174.25690488816,71011.00657650133,0,0.4839401066133496,3.1348654610723155,10723.937500000002,863.0624999999982,,14.06355905532837,80.49772810935974,28.171923637390137,21341
ex4_abcg_rundate2021-09-04_ctd4,4,72,6,66,3316,2495,5777,500,138,418,10,340,13,0,,-1.0003103506741362e7,,606417.0683662792,432297.53948505316,249.0580611615031,307768.50890430046,0.0,88.5625,2285,2341.999999992286,338389.32259887905,96174.25690488816,71011.00657650133,0,0.4839401066133496,3.1348654610723155,10724.75,862.25,,4.614043235778809,80.12765431404114,28.133235692977905,21469
ex4_abcg_rundate2021-09-04_ctd4,4,72,6,66,3316,2495,5777,500,138,418,10,340,14,0,,-602.6768320454751,,606417.0683662792,432246.21870858036,249.05094849910398,307720.74445902754,0.0,88.5,2285,2341.999999992286,338389.32259887905,96174.25690488816,71011.00657650133,0,0.4839401066133496,3.1348654610723155,10728.9375,858.0625,,3.583853006362915,80.69878816604614,28.59467625617981,21548
ex4_abcg_rundate2021-09-04_ctd4,4,72,6,66,3316,2495,5777,500,138,418,10,340,15,0,,-616.4059406777618,,606417.0683662792,431688.9359808923,248.93185362772076,307223.0091670314,0.0,89.07142857142857,2285,2341.999999992286,338389.32259887905,96174.25690488816,71011.00657650133,0,0.4839401066133496,3.1348654610723155,10727.0,860.0,,8.181411981582642,80.23309254646301,29.01719832420349,21592
ex4_abcg_rundate2021-09-04_ctd4,4,72,6,66,3316,2495,5777,500,138,418,10,340,16,0,,-586.8922412959967,,606417.0683662792,431682.0662070111,249.02300028817587,307170.566062923,0.0,89.16666666666667,2285,2341.999999992286,338389.32259887905,96174.25690488816,71011.00657650133,0,0.4839401066133496,3.1348654610723155,10727.833333333332,859.1666666666679,,4.968750953674316,80.31281852722168,21.90008044242859,21630
ex4_abcg_rundate2021-09-04_ctd4,4,72,6,66,3316,2495,5777,500,138,418,10,340,17,0,,-588.2551442684671,,606417.0683662792,431651.4207969514,248.42839647246737,307437.2225607174,0.0,88.83333333333333,2285,2341.999999992286,338389.32259887905,96174.25690488816,71011.00657650133,0,0.4839401066133496,3.1348654610723155,10726.833333333332,860.1666666666679,,13.915594100952148,80.71940541267395,29.015205144882202,21675
ex4_abcg_rundate2021-09-04_ctd4,4,72,6,66,3316,2495,5777,500,138,418,10,340,18,0,,-559.9586632055187,,606417.0683662792,431630.95561142394,248.35499061080426,307453.4603060216,0.0,88.75,2285,2341.999999992286,338389.32259887905,96174.25690488816,71011.00657650133,0,0.4839401066133496,3.1348654610723155,10733.5625,853.4375,,12.03787612915039,80.24962258338928,28.4502272605896,21724
ex4_abcg_rundate2021-09-04_ctd4,4,72,6,66,3316,2495,5777,500,138,418,10,340,19,0,,-545.2112820820292,,606417.0683662792,431630.95561142394,248.35499061080426,307453.4603060216,0.0,88.75,2285,2341.999999992286,338389.32259887905,96174.25690488816,71011.00657650133,0,0.4839401066133496,3.1348654610723155,10732.5625,854.4375,,7.0668182373046875,80.37820863723755,28.377106189727783,21770
ex4_abcg_rundate2021-09-04_ctd4,4,72,6,66,3316,2495,5777,500,138,418,10,340,20,0,,-529.822961488256,,606417.0683662792,431495.1189617681,248.81161346751435,307089.31222801027,0.0,88.0,2285,2341.999999992286,338389.32259887905,96174.25690488816,71011.00657650133,0,0.4839401066133496,3.1348654610723155,10733.111111111111,853.8888888888887,,7.157283067703247,80.30763411521912,28.4512882232666,21789
ex4_abcg_rundate2021-09-04_ctd4,4,72,6,66,3316,2495,5777,500,138,418,10,340,21,0,,-421.126600462646,,606417.0683662792,431435.3306705882,248.8831239520543,306993.7686945603,0.0,88.625,2285,2341.999999992286,338389.32259887905,96174.25690488816,71011.00657650133,0,0.4839401066133496,3.1348654610723155,10741.895833333334,845.1041666666661,,3.8711090087890625,80.70861291885376,28.727365970611572,21853
ex4_abcg_rundate2021-09-04_ctd4,4,72,6,66,3316,2495,5777,500,138,418,10,340,22,0,,-378.7252663576762,,606417.0683662792,431173.87909035943,248.78191520628377,306782.9214872167,0.0,89.125,2285,2341.999999992286,338389.32259887905,96174.25690488816,71011.00657650133,0,0.4839401066133496,3.1348654610723155,10737.270833333334,849.7291666666661,,6.086489915847778,80.34206867218018,28.887778520584106,21885
ex4_abcg_rundate2021-09-04_ctd4,4,72,6,66,3316,2495,5777,500,138,418,10,340,23,0,,-233.76124067671913,,606417.0683662792,431173.87909035943,248.78191520628377,306782.9214872167,0.0,89.125,2285,2341.999999992286,338389.32259887905,96174.25690488816,71011.00657650133,0,0.4839401066133496,3.1348654610723155,10737.145833333334,849.8541666666661,,2.9626989364624023,80.60037350654602,35.23723125457764,21915
ex4_abcg_rundate2021-09-04_ctd4,4,72,6,66,3316,2495,5777,500,138,418,10,340,24,0,,-210.47598049422663,,606417.0683662792,431173.87909035967,248.78191520628377,306782.92148721666,0.0,89.125,2285,2341.999999992286,338389.32259887905,96174.25690488816,71011.00657650133,0,0.4839401066133496,3.1348654610723155,10737.145833333334,849.8541666666661,,3.185478925704956,80.2562141418457,35.05057740211487,21929
ex4_abcg_rundate2021-09-04_ctd4,4,72,6,66,3316,2495,5777,500,138,418,10,340,25,0,,-202.48139681638747,,606417.0683662792,431155.06753291725,248.66117480612115,306824.48012985603,0.0,88.66666666666667,2285,2341.999999992286,338389.32259887905,96174.25690488816,71011.00657650133,0,0.4839401066133496,3.1348654610723155,10738.444444444443,848.5555555555566,,4.316506862640381,80.52288174629211,28.679877519607544,21940
ex4_abcg_rundate2021-09-04_ctd4,4,72,6,66,3316,2495,5777,500,138,418,10,340,26,0,,-191.338952496506,,606417.0683662792,431155.06753291714,248.66117480612115,306824.48012985603,0.0,88.66666666666667,2285,2341.999999992286,338389.32259887905,96174.25690488816,71011.00657650133,0,0.4839401066133496,3.1348654610723155,10736.444444444443,850.5555555555566,,2.631013870239258,80.2037889957428,21.914550304412842,21956
ex4_abcg_rundate2021-09-04_ctd4,4,72,6,66,3316,2495,5777,500,138,418,10,340,27,0,,-184.41407326134916,,606417.0683662792,431155.06753291714,248.66117480612115,306824.480129856,0.0,88.66666666666667,2285,2341.999999992286,338389.32259887905,96174.25690488816,71011.00657650133,0,0.4839401066133496,3.1348654610723155,10736.444444444443,850.5555555555566,,3.1547000408172607,80.41680717468262,21.74917769432068,21970
ex4_abcg_rundate2021-09-04_ctd4,4,72,6,66,3316,2495,5777,500,138,418,10,340,28,0,,-168.87811920664973,,606417.0683662792,431153.6930533793,248.6942340188869,306806.576043935,0.0,88.66666666666667,2285,2341.999999992286,338389.32259887905,96174.25690488816,71011.00657650133,0,0.4839401066133496,3.1348654610723155,10733.194444444445,853.8055555555547,,3.742353916168213,80.36567854881287,22.25847029685974,21975
ex4_abcg_rundate2021-09-04_ctd4,4,72,6,66,3316,2495,5777,500,138,418,10,340,29,0,,-153.65948095567853,,606417.0683662792,431153.6930533792,248.6942340188869,306806.576043935,0.0,88.66666666666667,2285,2341.999999992286,338389.32259887905,96174.25690488816,71011.00657650133,0,0.4839401066133496,3.1348654610723155,10733.194444444445,853.8055555555547,,2.882327079772949,80.65739369392395,28.444578409194946,21988
ex4_abcg_rundate2021-09-04_ctd4,4,72,6,66,3316,2495,5777,500,138,418,10,340,30,0,,-142.26184980668413,,606417.0683662792,431153.6930533792,248.6942340188869,306806.576043935,0.0,88.66666666666667,2285,2341.999999992286,338389.32259887905,96174.25690488816,71011.00657650133,0,0.4839401066133496,3.1348654610723155,10733.194444444445,853.8055555555547,,3.2791950702667236,80.22443103790283,29.29720163345337,21996
ex4_abcg_rundate2021-09-04_ctd4,4,72,6,66,3316,2495,5777,500,138,418,10,340,31,0,,-208.54256097602783,,606417.0683662792,431153.6930533792,248.6942340188869,306806.576043935,0.0,88.66666666666667,2285,2341.999999992286,338389.32259887905,96174.25690488816,71011.00657650133,0,0.4839401066133496,3.1348654610723155,10733.194444444445,853.8055555555547,,2.4721059799194336,80.76397347450256,28.95445990562439,22000
ex4_abcg_rundate2021-09-04_ctd4,4,72,6,66,3316,2495,5777,500,138,418,10,340,32,0,,-146.38786484772365,,606417.0683662792,431153.6930533792,248.6942340188869,306806.576043935,0.0,88.66666666666667,2285,2341.999999992286,338389.32259887905,96174.25690488816,71011.00657650133,0,0.4839401066133496,3.1348654610723155,10733.194444444445,853.8055555555547,,1.0122931003570557,80.30176663398743,22.57521891593933,22005
ex4_abcg_rundate2021-09-04_ctd4,4,72,6,66,3316,2495,5777,500,138,418,10,340,33,0,,-142.2616597159086,,606417.0683662792,431144.5335451006,249.09759362215576,306595.73673402186,0.0,88.66666666666667,2285,2341.999999992286,338389.32259887905,96174.25690488816,71011.00657650133,0,0.4839401066133496,3.1348654610723155,10734.194444444445,852.8055555555547,,2.865669012069702,80.42788481712341,28.865073204040527,22014
ex4_abcg_rundate2021-09-04_ctd4,4,72,6,66,3316,2495,5777,500,138,418,10,340,34,0,,-102.46894567503762,,606417.0683662792,431126.348134281,248.86885226202764,306691.9220032668,0.0,88.0,2285,2341.999999992286,338389.32259887905,96174.25690488816,71011.00657650133,0,0.4839401066133496,3.1348654610723155,10735.208333333334,851.7916666666661,,3.519697904586792,80.23605465888977,28.861199617385864,22022
ex4_abcg_rundate2021-09-04_ctd4,4,72,6,66,3316,2495,5777,500,138,418,10,340,35,0,,-112.04321190614618,,606417.0683662792,431126.348134281,248.86885226202764,306691.9220032668,0.0,88.0,2285,2341.999999992286,338389.32259887905,96174.25690488816,71011.00657650133,0,0.4839401066133496,3.1348654610723155,10735.208333333334,851.7916666666661,,2.9030978679656982,80.58088636398315,29.296555042266846,22047
ex4_abcg_rundate2021-09-04_ctd4,4,72,6,66,3316,2495,5777,500,138,418,10,340,36,0,,-123.22889991790305,,606417.0683662792,431126.348134281,248.86885226202764,306691.9220032668,0.0,88.0,2285,2341.999999992286,338389.32259887905,96174.25690488816,71011.00657650133,0,0.4839401066133496,3.1348654610723155,10735.208333333334,851.7916666666661,,2.4699997901916504,80.28429341316223,29.586724519729614,22050
ex4_abcg_rundate2021-09-04_ctd4,4,72,6,66,3316,2495,5777,500,138,418,10,340,37,0,,-75.30182329506127,,606417.0683662792,431126.3481342809,248.86885226202767,306691.9220032668,0.0,88.0,2285,2341.999999992286,338389.32259887905,96174.25690488816,71011.00657650133,0,0.4839401066133496,3.1348654610723155,10735.208333333334,851.7916666666661,,2.906233072280884,80.21810173988342,22.434489250183105,22054
ex4_abcg_rundate2021-09-04_ctd4,4,72,6,66,3316,2495,5777,500,138,418,10,340,38,0,,-67.34368591520834,,606417.0683662792,431126.3481342809,248.86885226202767,306691.9220032668,0.0,88.0,2285,2341.999999992286,338389.32259887905,96174.25690488816,71011.00657650133,0,0.4839401066133496,3.1348654610723155,10735.208333333334,851.7916666666661,,2.8329429626464844,80.13833475112915,21.97776174545288,22058
ex4_abcg_rundate2021-09-04_ctd4,4,72,6,66,3316,2495,5777,500,138,418,10,340,39,0,,-11.40694852177947,,606417.0683662792,431126.3481342809,248.86885226202767,306691.9220032668,0.0,88.0,2285,2341.999999992286,338389.32259887905,96174.25690488816,71011.00657650133,0,0.4839401066133496,3.1348654610723155,10735.208333333334,851.7916666666661,,2.8425590991973877,79.879070520401,35.41005897521973,22061
ex4_abcg_rundate2021-09-04_ctd4,4,72,6,66,3316,2495,5777,500,138,418,10,340,40,0,,-11.406948521780379,,606417.0683662792,431126.3481342809,248.86885226202767,306691.9220032668,0.0,88.0,2285,2341.999999992286,338389.32259887905,96174.25690488816,71011.00657650133,0,0.4839401066133496,3.1348654610723155,10735.208333333334,851.7916666666661,,2.854072093963623,80.245765209198,28.883338451385498,22067
ex4_abcg_rundate2021-09-04_ctd4,4,72,6,66,3316,2495,5777,500,138,418,10,340,IP,0,40,,,606417.0683662792,437888.2625929159,252.68530053020723,311545.6123278122,0.0,89.0,2285,2341.999999992286,338389.32259887905,96174.25690488816,71011.00657650133,0,0.4839401066133496,3.1348654610723155,10891.0,696.0,4649.761682033539,341.19676995277405,3220.0496969223022,1103.481043100357,22067
ex4_abcg_rundate2021-09-04_ctd4,4,72,6,66,3316,2495,5777,500,144,421,18,355,1,0,,-1,,614022.332403081,1.0415393470735763e9,2684.8047618844294,1.0401969446926371e9,104.0,0,2345,2350.9999999922884,338389.32259887905,102165.67274930715,72125.62273644102,0,0.48286325090086946,3.1348654610723155,9271.2,676.7999999999993,,320.0463728904724,0.0,0.0,17885
ex4_abcg_rundate2021-09-04_ctd4,4,72,6,66,3316,2495,5777,500,144,421,18,355,2,0,,-1.0078264582932983e7,,614022.332403081,4.7098802147817504e8,1427.8039935345107,4.7027411948141015e8,47.0,37.0,2345,2350.9999999922884,338389.32259887905,102165.67274930715,72125.62273644102,0,0.48286325090086946,3.1348654610723155,9252.5,695.5,,43.27873682975769,98.7982816696167,34.68402290344238,19539
ex4_abcg_rundate2021-09-04_ctd4,4,72,6,66,3316,2495,5777,500,144,421,18,355,3,0,,-1.00482619347569e7,,614022.332403081,1.8059114290979162e8,583.9627550821076,1.8029916153225052e8,18.0,57.0,2345,2350.9999999922884,338389.32259887905,102165.67274930715,72125.62273644102,0,0.48286325090086946,3.1348654610723155,9221.5,726.5,,38.790467977523804,98.60260200500488,27.10115146636963,20716
ex4_abcg_rundate2021-09-04_ctd4,4,72,6,66,3316,2495,5777,500,144,421,18,355,4,0,,-1.0026155207209267e7,,614022.332403081,1.2053913718209128e8,469.18518273529713,1.2030454459072344e8,12.0,69.16666666666667,2345,2350.9999999922884,338389.32259887905,102165.67274930715,72125.62273644102,0,0.48286325090086946,3.1348654610723155,9253.888888888885,694.111111111115,,76.78903317451477,98.29570245742798,34.40190410614014,21597
ex4_abcg_rundate2021-09-04_ctd4,4,72,6,66,3316,2495,5777,500,144,421,18,355,5,0,,-1.0014870954295916e7,,614022.332403081,6.049523057509849e7,364.02926153058996,6.0313215944333516e7,6.0,74.0,2345,2350.9999999922884,338389.32259887905,102165.67274930715,72125.62273644102,0,0.48286325090086946,3.1348654610723155,9257.75,690.25,,54.43166518211365,99.4245502948761,27.41355538368225,22218
ex4_abcg_rundate2021-09-04_ctd4,4,72,6,66,3316,2495,5777,500,144,421,18,355,6,0,,-1.0012275839654658e7,,614022.332403081,5.04852397175329e7,342.9395079316594,5.031376996356728e7,5.0,75.16666666666666,2345,2350.9999999922884,338389.32259887905,102165.67274930715,72125.62273644102,0,0.48286325090086946,3.1348654610723155,9271.5,676.5,,56.259941816329956,93.27791500091553,32.03491449356079,22787
ex4_abcg_rundate2021-09-04_ctd4,4,72,6,66,3316,2495,5777,500,144,421,18,355,7,0,,-1.0012275839654658e7,,614022.332403081,4.047177231190904e7,317.51974112348915,4.0313012441347376e7,4.0,73.0,2345,2350.9999999922884,338389.32259887905,102165.67274930715,72125.62273644102,0,0.48286325090086946,3.1348654610723155,9247.5,700.5,,64.50281095504761,93.37010931968689,25.933212995529175,23115
ex4_abcg_rundate2021-09-04_ctd4,4,72,6,66,3316,2495,5777,500,144,421,18,355,8,0,,-1.0012001687436013e7,,614022.332403081,4.046993549813577e7,321.4124574206184,4.0309229269425556e7,4.0,76.02380952380952,2345,2350.9999999922884,338389.32259887905,102165.67274930715,72125.62273644102,0,0.48286325090086946,3.1348654610723155,9276.569047619048,671.4309523809516,,33.56036996841431,93.40391087532043,40.42869448661804,23390
ex4_abcg_rundate2021-09-04_ctd4,4,72,6,66,3316,2495,5777,500,144,421,18,355,9,0,,-1.0012001687436013e7,,614022.332403081,3.0465745460682366e7,308.99403922705375,3.03112484410691e7,3.0,77.5,2345,2350.9999999922884,338389.32259887905,102165.67274930715,72125.62273644102,0,0.48286325090086946,3.1348654610723155,9285.228571428572,662.7714285714283,,75.82386803627014,92.8304934501648,32.63728880882263,23610
ex4_abcg_rundate2021-09-04_ctd4,4,72,6,66,3316,2495,5777,500,144,421,18,355,10,0,,-1.0012001687436013e7,,614022.332403081,3.0465710703989375e7,309.0120684479138,3.0311204669765607e7,3.0,77.66666666666667,2345,2350.9999999922884,338389.32259887905,102165.67274930715,72125.62273644102,0,0.48286325090086946,3.1348654610723155,9298.333333333332,649.6666666666679,,26.56149196624756,90.4936671257019,31.838687419891357,23784
ex4_abcg_rundate2021-09-04_ctd4,4,72,6,66,3316,2495,5777,500,144,421,18,355,11,0,,-1.0012001687436013e7,,614022.332403081,3.0465639803490825e7,308.68536996786867,3.031129711850706e7,3.0,77.58333333333334,2345,2350.9999999922884,338389.32259887905,102165.67274930715,72125.62273644102,0,0.48286325090086946,3.1348654610723155,9290.625000000004,657.3749999999964,,44.42446708679199,90.07639217376709,31.383153676986694,23887
ex4_abcg_rundate2021-09-04_ctd4,4,72,6,66,3316,2495,5777,500,144,421,18,355,12,0,,-1.0011284835930863e7,,614022.332403081,1.0453057289407257e7,276.7153234812796,1.0314699627666565e7,1.0,79.06060606060606,2345,2350.9999999922884,338389.32259887905,102165.67274930715,72125.62273644102,0,0.48286325090086946,3.1348654610723155,9290.60606060606,657.39393939394,,35.58822298049927,86.39442944526672,23.707554578781128,23975
ex4_abcg_rundate2021-09-04_ctd4,4,72,6,66,3316,2495,5777,500,144,421,18,355,13,0,,-1.0006647589198552e7,,614022.332403081,446606.2346571046,261.0111374836559,316100.6659152763,0.0,81.0,2345,2350.9999999922884,338389.32259887905,102165.67274930715,72125.62273644102,0,0.48286325090086946,3.1348654610723155,9289.75,658.25,,14.50017786026001,86.3972008228302,23.73642373085022,24037
ex4_abcg_rundate2021-09-04_ctd4,4,72,6,66,3316,2495,5777,500,144,421,18,355,14,0,,-425.20699014257093,,614022.332403081,446558.0857031599,260.9974557380741,316059.35783412214,0.0,80.92,2345,2350.9999999922884,338389.32259887905,102165.67274930715,72125.62273644102,0,0.48286325090086946,3.1348654610723155,9287.104,660.8960000000006,,6.172080993652344,86.2485044002533,23.475534915924072,24088
ex4_abcg_rundate2021-09-04_ctd4,4,72,6,66,3316,2495,5777,500,144,421,18,355,15,0,,-332.67642746086983,,614022.332403081,446314.6302678711,261.08603733028235,315771.6116027295,0.0,80.25,2345,2350.9999999922884,338389.32259887905,102165.67274930715,72125.62273644102,0,0.48286325090086946,3.1348654610723155,9284.125,663.875,,29.06222701072693,85.97387647628784,23.918201446533203,24115
ex4_abcg_rundate2021-09-04_ctd4,4,72,6,66,3316,2495,5777,500,144,421,18,355,16,0,,-175.61838700140584,,614022.332403081,446314.6302678711,261.08603733028235,315771.6116027295,0.0,80.25,2345,2350.9999999922884,338389.32259887905,102165.67274930715,72125.62273644102,0,0.48286325090086946,3.1348654610723155,9282.125,665.875,,3.281266927719116,86.51932072639465,29.777112007141113,24148
ex4_abcg_rundate2021-09-04_ctd4,4,72,6,66,3316,2495,5777,500,144,421,18,355,17,0,,-113.69464424792216,,614022.332403081,446314.6302678711,261.08603733028235,315771.6116027295,0.0,80.25,2345,2350.9999999922884,338389.32259887905,102165.67274930715,72125.62273644102,0,0.48286325090086946,3.1348654610723155,9282.125,665.875,,5.260109901428223,86.26046991348267,30.212953567504883,24160
ex4_abcg_rundate2021-09-04_ctd4,4,72,6,66,3316,2495,5777,500,144,421,18,355,18,0,,-114.09008643932731,,614022.332403081,446314.6302678711,261.08603733028235,315771.6116027295,0.0,80.25,2345,2350.9999999922884,338389.32259887905,102165.67274930715,72125.62273644102,0,0.48286325090086946,3.1348654610723155,9282.125,665.875,,2.5633888244628906,85.99479603767395,24.006650686264038,24178
ex4_abcg_rundate2021-09-04_ctd4,4,72,6,66,3316,2495,5777,500,144,421,18,355,19,0,,-102.00971208035193,,614022.332403081,446314.6302678711,261.08603733028235,315771.6116027295,0.0,80.25,2345,2350.9999999922884,338389.32259887905,102165.67274930715,72125.62273644102,0,0.48286325090086946,3.1348654610723155,9282.125,665.875,,2.553380012512207,86.50149416923523,23.418986082077026,24186
ex4_abcg_rundate2021-09-04_ctd4,4,72,6,66,3316,2495,5777,500,144,421,18,355,20,0,,-110.94777714050095,,614022.332403081,446314.6302678711,261.08603733028235,315771.6116027295,0.0,80.25,2345,2350.9999999922884,338389.32259887905,102165.67274930715,72125.62273644102,0,0.48286325090086946,3.1348654610723155,9282.125,665.875,,3.4566891193389893,86.10653114318848,29.936439990997314,24201
ex4_abcg_rundate2021-09-04_ctd4,4,72,6,66,3316,2495,5777,500,144,421,18,355,21,0,,-90.10255293094596,,614022.332403081,446314.6302678711,261.08603733028235,315771.6116027295,0.0,80.25,2345,2350.9999999922884,338389.32259887905,102165.67274930715,72125.62273644102,0,0.48286325090086946,3.1348654610723155,9282.125,665.875,,2.5400710105895996,86.05422878265381,23.728188276290894,24206
ex4_abcg_rundate2021-09-04_ctd4,4,72,6,66,3316,2495,5777,500,144,421,18,355,22,0,,-79.68764054180505,,614022.332403081,446267.6904250283,261.0645047366922,315735.4380566821,0.0,80.25,2345,2350.9999999922884,338389.32259887905,102165.67274930715,72125.62273644102,0,0.48286325090086946,3.1348654610723155,9284.125,663.875,,5.48153018951416,85.98373794555664,24.088217735290527,24212
ex4_abcg_rundate2021-09-04_ctd4,4,72,6,66,3316,2495,5777,500,144,421,18,355,23,0,,-72.19447697171313,,614022.332403081,446267.6904250283,261.0645047366922,315735.4380566821,0.0,80.25,2345,2350.9999999922884,338389.32259887905,102165.67274930715,72125.62273644102,0,0.48286325090086946,3.1348654610723155,9284.125,663.875,,2.5301871299743652,86.03142213821411,23.95496368408203,24220
ex4_abcg_rundate2021-09-04_ctd4,4,72,6,66,3316,2495,5777,500,144,421,18,355,24,0,,-60.343788796505876,,614022.332403081,446267.6904250283,261.0645047366922,315735.4380566821,0.0,80.25,2345,2350.9999999922884,338389.32259887905,102165.67274930715,72125.62273644102,0,0.48286325090086946,3.1348654610723155,9284.125,663.875,,4.045054912567139,86.35219621658325,23.744898319244385,24226
ex4_abcg_rundate2021-09-04_ctd4,4,72,6,66,3316,2495,5777,500,144,421,18,355,25,0,,-47.20506128927839,,614022.332403081,446267.6904250283,261.0645047366922,315735.4380566821,0.0,80.25,2345,2350.9999999922884,338389.32259887905,102165.67274930715,72125.62273644102,0,0.48286325090086946,3.1348654610723155,9284.125,663.875,,3.001650094985962,85.86856627464294,29.699786901474,24238
ex4_abcg_rundate2021-09-04_ctd4,4,72,6,66,3316,2495,5777,500,144,421,18,355,26,0,,-27.934466893166473,,614022.332403081,446267.6904250283,261.0645047366922,315735.4380566821,0.0,80.25,2345,2350.9999999922884,338389.32259887905,102165.67274930715,72125.62273644102,0,0.48286325090086946,3.1348654610723155,9284.125,663.875,,3.353822946548462,85.97054171562195,29.15776038169861,24250
ex4_abcg_rundate2021-09-04_ctd4,4,72,6,66,3316,2495,5777,500,144,421,18,355,27,0,,-23.446518714272685,,614022.332403081,446267.6904250283,261.0645047366922,315735.4380566821,0.0,80.25,2345,2350.9999999922884,338389.32259887905,102165.67274930715,72125.62273644102,0,0.48286325090086946,3.1348654610723155,9284.125,663.875,,2.530805826187134,86.01251316070557,24.224310636520386,24253
ex4_abcg_rundate2021-09-04_ctd4,4,72,6,66,3316,2495,5777,500,144,421,18,355,28,0,,-13.734532521462938,,614022.332403081,446267.6904250283,261.0645047366922,315735.4380566821,0.0,80.25,2345,2350.9999999922884,338389.32259887905,102165.67274930715,72125.62273644102,0,0.48286325090086946,3.1348654610723155,9284.125,663.875,,2.9472649097442627,86.1582841873169,30.67200469970703,24255
ex4_abcg_rundate2021-09-04_ctd4,4,72,6,66,3316,2495,5777,500,144,421,18,355,IP,0,28,,,614022.332403081,451524.3244891764,263.0501837821135,319999.2325981196,0.0,79.99999950249958,2345,2350.9999999922884,338389.32259887905,102165.67274930715,72125.62273644102,0,0.48286325090086946,3.1348654610723155,9402.000000293743,545.9999997062569,11351.833664894104,963.337156534195,2499.3116838932037,783.7305099964142,24255
ex4_abcg_rundate2021-09-04_ctd4,4,72,6,66,3316,2495,5777,500,150,471,14,319,1,0,,-1,,680931.6865640746,1.0314405775173701e9,2549.2978665252517,1.030165928584113e9,103.0,0,2607,2368.9999994922887,338389.32259887905,156286.179614233,75644.37286139117,0,0.4709673523811085,3.1348654610723155,10839.25,785.75,,128.52006793022156,0.0,0.0,15012
ex4_abcg_rundate2021-09-04_ctd4,4,72,6,66,3316,2495,5777,500,150,471,14,319,2,0,,-1.0069750949086314e7,,680931.6865640746,8.710385883596705e8,1731.9082506916534,8.701726342343307e8,87.0,0.0,2607,2368.9999994922887,338389.32259887905,156286.179614233,75644.37286139117,0,0.4709673523811085,3.1348654610723155,10873.0,752.0,,12.066829919815063,99.716876745224,35.62810754776001,16801
ex4_abcg_rundate2021-09-04_ctd4,4,72,6,66,3316,2495,5777,500,150,471,14,319,3,0,,-1.0036624988415744e7,,680931.6865640746,6.10837264715394e8,1252.9911547152074,6.102107691380413e8,61.0,19.0,2607,2368.9999994922887,338389.32259887905,156286.179614233,75644.37286139117,0,0.4709673523811085,3.1348654610723155,10849.25,775.75,,11.066505908966064,99.04600548744202,27.177863359451294,18070
ex4_abcg_rundate2021-09-04_ctd4,4,72,6,66,3316,2495,5777,500,150,471,14,319,4,0,,-1.0036489262660705e7,,680931.6865640746,2.6058923511744347e8,676.715754828805,2.602508772400294e8,26.0,53.0,2607,2368.9999994922887,338389.32259887905,156286.179614233,75644.37286139117,0,0.4709673523811085,3.1348654610723155,10787.25,837.75,,17.930108070373535,99.0074291229248,43.17292141914368,18922
ex4_abcg_rundate2021-09-04_ctd4,4,72,6,66,3316,2495,5777,500,150,471,14,319,5,0,,-1.0036461433132274e7,,680931.6865640746,1.8054481268265516e8,562.3127078875663,1.802636563287112e8,18.0,62.0,2607,2368.9999994922887,338389.32259887905,156286.179614233,75644.37286139117,0,0.4709673523811085,3.1348654610723155,10759.375,865.625,,22.39876890182495,99.47358965873718,27.5154390335083,19606
ex4_abcg_rundate2021-09-04_ctd4,4,72,6,66,3316,2495,5777,500,150,471,14,319,6,0,,-1.0036340995718542e7,,680931.6865640746,1.5049691689533365e8,466.5457986830268,1.502636439959919e8,15.0,64.0,2607,2368.9999994922887,338389.32259887905,156286.179614233,75644.37286139117,0,0.4709673523811085,3.1348654610723155,10751.333333333334,873.6666666666661,,26.227018117904663,99.90541577339172,35.712143659591675,20154
ex4_abcg_rundate2021-09-04_ctd4,4,72,6,66,3316,2495,5777,500,150,471,14,319,7,0,,-1.0012216081547081e7,,680931.6865640746,1.5049518816328853e8,468.40904412050503,1.50260983641228e8,15.0,65.0,2607,2368.9999994922887,338389.32259887905,156286.179614233,75644.37286139117,0,0.4709673523811085,3.1348654610723155,10764.5,860.5,,21.847599983215332,100.23216080665588,34.99117469787598,20566
ex4_abcg_rundate2021-09-04_ctd4,4,72,6,66,3316,2495,5777,500,150,471,14,319,8,0,,-1.0012001687436013e7,,680931.6865640746,1.1046639722926602e8,403.76495178107234,1.1026451475337553e8,11.0,70.0,2607,2368.9999994922887,338389.32259887905,156286.179614233,75644.37286139117,0,0.4709673523811085,3.1348654610723155,10780.45,844.5499999999993,,20.047560930252075,98.76169109344482,34.85336446762085,20947
ex4_abcg_rundate2021-09-04_ctd4,4,72,6,66,3316,2495,5777,500,150,471,14,319,9,0,,-1.0012001687436013e7,,680931.6865640746,8.045009632436147e7,362.71109536181933,8.026874077668092e7,8.0,73.0,2607,2368.9999994922887,338389.32259887905,156286.179614233,75644.37286139117,0,0.4709673523811085,3.1348654610723155,10780.383333333331,844.6166666666686,,22.927971839904785,99.52269101142883,27.470712900161743,21235
ex4_abcg_rundate2021-09-04_ctd4,4,72,6,66,3316,2495,5777,500,150,471,14,319,10,0,,-1.0011284835930863e7,,680931.6865640746,4.042756538746772e7,305.93550395971954,4.027459763548789e7,4.0,78.0,2607,2368.9999994922887,338389.32259887905,156286.179614233,75644.37286139117,0,0.4709673523811085,3.1348654610723155,10798.5625,826.4375,,38.344505071640015,99.6443681716919,35.3065984249115,21522
ex4_abcg_rundate2021-09-04_ctd4,4,72,6,66,3316,2495,5777,500,150,471,14,319,11,0,,-1.0006047088383246e7,,680931.6865640746,4.042711816252989e7,305.1877166672808,4.027452430419629e7,4.0,78.0,2607,2368.9999994922887,338389.32259887905,156286.179614233,75644.37286139117,0,0.4709673523811085,3.1348654610723155,10820.5,804.5,,17.492699146270752,100.03797721862793,28.55339741706848,21727
ex4_abcg_rundate2021-09-04_ctd4,4,72,6,66,3316,2495,5777,500,150,471,14,319,12,0,,-1.0006211356183669e7,,680931.6865640746,1.0409064693925232e7,264.63831564289404,1.0276745536103716e7,1.0,81.0,2607,2368.9999994922887,338389.32259887905,156286.179614233,75644.37286139117,0,0.4709673523811085,3.1348654610723155,10815.75,809.25,,21.57733392715454,99.5797827243805,35.420400619506836,21878
ex4_abcg_rundate2021-09-04_ctd4,4,72,6,66,3316,2495,5777,500,150,471,14,319,13,0,,-1.0004888082297778e7,,680931.6865640746,404064.7861837436,250.92963850530674,278599.966931089,0.0,81.5,2607,2368.9999994922887,338389.32259887905,156286.179614233,75644.37286139117,0,0.4709673523811085,3.1348654610723155,10803.400000000001,821.5999999999985,,28.233449935913086,98.69852471351624,35.28784680366516,22050
ex4_abcg_rundate2021-09-04_ctd4,4,72,6,66,3316,2495,5777,500,150,471,14,319,14,0,,-603.1805198886594,,680931.6865640746,403720.48685908166,250.73649667106682,278352.2385235479,0.0,81.0,2607,2368.9999994922887,338389.32259887905,156286.179614233,75644.37286139117,0,0.4709673523811085,3.1348654610723155,10791.0,834.0,,21.83150887489319,97.8412082195282,34.24021601676941,22162
ex4_abcg_rundate2021-09-04_ctd4,4,72,6,66,3316,2495,5777,500,150,471,14,319,15,0,,-553.30293043588,,680931.6865640746,403411.29067798273,250.8900619808016,277966.25968758145,0.0,82.5,2607,2368.9999994922887,338389.32259887905,156286.179614233,75644.37286139117,0,0.4709673523811085,3.1348654610723155,10799.0,826.0,,29.309581995010376,99.53161835670471,35.5658004283905,22236
ex4_abcg_rundate2021-09-04_ctd4,4,72,6,66,3316,2495,5777,500,150,471,14,319,16,0,,-576.4993744100758,,680931.6865640746,403411.29067798296,250.89006198080156,277966.2596875815,0.0,82.5,2607,2368.9999994922887,338389.32259887905,156286.179614233,75644.37286139117,0,0.4709673523811085,3.1348654610723155,10805.75,819.25,,9.816730976104736,99.54554510116577,27.37697124481201,22313
ex4_abcg_rundate2021-09-04_ctd4,4,72,6,66,3316,2495,5777,500,150,471,14,319,17,0,,-569.7120481593506,,680931.6865640746,403392.61536773224,250.72732211804697,278028.9543087081,0.0,82.5,2607,2368.9999994922887,338389.32259887905,156286.179614233,75644.37286139117,0,0.4709673523811085,3.1348654610723155,10809.75,815.25,,15.243124961853027,99.1504557132721,34.44053769111633,22346
ex4_abcg_rundate2021-09-04_ctd4,4,72,6,66,3316,2495,5777,500,150,471,14,319,18,0,,-566.1685315946074,,680931.6865640746,403327.212633546,250.62648242396514,278013.9714215628,0.0,82.5,2607,2368.9999994922887,338389.32259887905,156286.179614233,75644.37286139117,0,0.4709673523811085,3.1348654610723155,10806.458333333334,818.5416666666661,,14.211682081222534,99.46623086929321,35.07058620452881,22371
ex4_abcg_rundate2021-09-04_ctd4,4,72,6,66,3316,2495,5777,500,150,471,14,319,19,0,,-533.0844915018982,,680931.6865640746,403318.6279389786,250.58530274087738,278025.9765685392,0.0,82.5,2607,2368.9999994922887,338389.32259887905,156286.179614233,75644.37286139117,0,0.4709673523811085,3.1348654610723155,10804.208333333336,820.7916666666642,,3.4880800247192383,99.17859315872192,35.06506371498108,22419
ex4_abcg_rundate2021-09-04_ctd4,4,72,6,66,3316,2495,5777,500,150,471,14,319,20,0,,-525.3612431513852,,680931.6865640746,403300.71393272444,250.93171737778957,277834.8552438288,0.0,83.0,2607,2368.9999994922887,338389.32259887905,156286.179614233,75644.37286139117,0,0.4709673523811085,3.1348654610723155,10807.875,817.125,,5.514585018157959,99.38809442520142,27.37787914276123,22448
ex4_abcg_rundate2021-09-04_ctd4,4,72,6,66,3316,2495,5777,500,150,471,14,319,21,0,,-519.2126061410005,,680931.6865640746,403300.71393272444,250.93171737778957,277834.8552438288,0.0,83.0,2607,2368.9999994922887,338389.32259887905,156286.179614233,75644.37286139117,0,0.4709673523811085,3.1348654610723155,10807.875,817.125,,2.8056838512420654,99.30675554275513,34.60968542098999,22467
ex4_abcg_rundate2021-09-04_ctd4,4,72,6,66,3316,2495,5777,500,150,471,14,319,22,0,,-513.4315768422894,,680931.6865640746,403187.07288760156,250.73601143376285,277819.06717071956,0.0,82.0,2607,2368.9999994922887,338389.32259887905,156286.179614233,75644.37286139117,0,0.4709673523811085,3.1348654610723155,10806.916666666668,818.0833333333321,,11.274670124053955,99.00789833068848,27.04976773262024,22487
ex4_abcg_rundate2021-09-04_ctd4,4,72,6,66,3316,2495,5777,500,150,471,14,319,23,0,,-431.1206358335688,,680931.6865640746,403184.3933323395,250.70678757001582,277830.9995473311,0.0,82.0,2607,2368.9999994922887,338389.32259887905,156286.179614233,75644.37286139117,0,0.4709673523811085,3.1348654610723155,10804.166666666668,820.8333333333321,,12.526362895965576,99.10639762878418,35.85917901992798,22514
ex4_abcg_rundate2021-09-04_ctd4,4,72,6,66,3316,2495,5777,500,150,471,14,319,24,0,,-452.2416168840168,,680931.6865640746,403046.0302576785,249.86632479403244,278112.8678606619,0.0,81.0,2607,2368.9999994922887,338389.32259887905,156286.179614233,75644.37286139117,0,0.4709673523811085,3.1348654610723155,10802.666666666668,822.3333333333321,,4.587798833847046,99.72626829147339,27.15338158607483,22527
ex4_abcg_rundate2021-09-04_ctd4,4,72,6,66,3316,2495,5777,500,150,471,14,319,25,0,,-452.10684182849457,,680931.6865640746,403046.0302576785,249.86632479403244,278112.8678606619,0.0,81.0,2607,2368.9999994922887,338389.32259887905,156286.179614233,75644.37286139117,0,0.4709673523811085,3.1348654610723155,10802.666666666668,822.3333333333321,,3.221683979034424,100.3377137184143,35.02396750450134,22544
ex4_abcg_rundate2021-09-04_ctd4,4,72,6,66,3316,2495,5777,500,150,471,14,319,26,0,,-433.20700997468305,,680931.6865640746,402915.1255448997,249.5706306325854,278129.8102286066,0.0,81.5,2607,2368.9999994922887,338389.32259887905,156286.179614233,75644.37286139117,0,0.4709673523811085,3.1348654610723155,10795.25,829.75,,15.163029193878174,99.38395500183105,34.65366840362549,22565
ex4_abcg_rundate2021-09-04_ctd4,4,72,6,66,3316,2495,5777,500,150,471,14,319,27,0,,-249.7934617201824,,680931.6865640746,402915.1255448997,249.5706306325854,278129.8102286066,0.0,81.5,2607,2368.9999994922887,338389.32259887905,156286.179614233,75644.37286139117,0,0.4709673523811085,3.1348654610723155,10794.25,830.75,,3.834188938140869,99.09441232681274,34.844133615493774,22598
ex4_abcg_rundate2021-09-04_ctd4,4,72,6,66,3316,2495,5777,500,150,471,14,319,28,0,,-228.9927738759202,,680931.6865640746,402915.12554489984,249.5706306325854,278129.8102286066,0.0,81.5,2607,2368.9999994922887,338389.32259887905,156286.179614233,75644.37286139117,0,0.4709673523811085,3.1348654610723155,10793.666666666666,831.3333333333339,,4.533066034317017,99.26326322555542,27.825974702835083,22615
ex4_abcg_rundate2021-09-04_ctd4,4,72,6,66,3316,2495,5777,500,150,471,14,319,29,0,,-167.3437254756871,,680931.6865640746,402787.27705982805,250.3045728324525,277634.9906436017,0.0,82.0,2607,2368.9999994922887,338389.32259887905,156286.179614233,75644.37286139117,0,0.4709673523811085,3.1348654610723155,10789.166666666666,835.8333333333339,,13.358989953994751,99.07790851593018,34.671550989151,22627
ex4_abcg_rundate2021-09-04_ctd4,4,72,6,66,3316,2495,5777,500,150,471,14,319,30,0,,-170.86665828527816,,680931.6865640746,402787.27705982805,250.3045728324525,277634.99064360163,0.0,82.0,2607,2368.9999994922887,338389.32259887905,156286.179614233,75644.37286139117,0,0.4709673523811085,3.1348654610723155,10790.666666666666,834.3333333333339,,4.757997989654541,98.49466967582703,27.221304178237915,22639
ex4_abcg_rundate2021-09-04_ctd4,4,72,6,66,3316,2495,5777,500,150,471,14,319,31,0,,-167.6537793001255,,680931.6865640746,402757.95581696345,250.3045728324525,277605.6694007371,0.0,82.0,2607,2368.9999994922887,338389.32259887905,156286.179614233,75644.37286139117,0,0.4709673523811085,3.1348654610723155,10791.666666666666,833.3333333333339,,3.6410720348358154,98.76363229751587,43.34714460372925,22657
ex4_abcg_rundate2021-09-04_ctd4,4,72,6,66,3316,2495,5777,500,150,471,14,319,32,0,,-121.34336991843348,,680931.6865640746,402757.95581696345,250.3045728324525,277605.6694007371,0.0,82.0,2607,2368.9999994922887,338389.32259887905,156286.179614233,75644.37286139117,0,0.4709673523811085,3.1348654610723155,10793.666666666666,831.3333333333339,,3.246356964111328,98.93437337875366,36.143022298812866,22669
ex4_abcg_rundate2021-09-04_ctd4,4,72,6,66,3316,2495,5777,500,150,471,14,319,33,0,,-86.05005905002633,,680931.6865640746,402757.95581696345,250.3045728324525,277605.6694007371,0.0,82.0,2607,2368.9999994922887,338389.32259887905,156286.179614233,75644.37286139117,0,0.4709673523811085,3.1348654610723155,10793.666666666666,831.3333333333339,,1.1286160945892334,98.59341502189636,26.943649768829346,22679
ex4_abcg_rundate2021-09-04_ctd4,4,72,6,66,3316,2495,5777,500,150,471,14,319,34,0,,-78.28993982040623,,680931.6865640746,402742.52145641134,250.64762256506094,277418.71017388016,0.0,82.0,2607,2368.9999994922887,338389.32259887905,156286.179614233,75644.37286139117,0,0.4709673523811085,3.1348654610723155,10807.499999999998,817.5000000000018,,14.053817987442017,98.99735450744629,27.085436582565308,22682
ex4_abcg_rundate2021-09-04_ctd4,4,72,6,66,3316,2495,5777,500,150,471,14,319,35,0,,-21.476307674078654,,680931.6865640746,402742.52145641134,250.64762256506094,277418.71017388016,0.0,82.0,2607,2368.9999994922887,338389.32259887905,156286.179614233,75644.37286139117,0,0.4709673523811085,3.1348654610723155,10807.499999999998,817.5000000000018,,4.010577917098999,98.8279345035553,27.5132737159729,22686
ex4_abcg_rundate2021-09-04_ctd4,4,72,6,66,3316,2495,5777,500,150,471,14,319,36,0,,-18.224263138934077,,680931.6865640746,402742.52145641134,250.64762256506094,277418.71017388016,0.0,82.0,2607,2368.9999994922887,338389.32259887905,156286.179614233,75644.37286139117,0,0.4709673523811085,3.1348654610723155,10807.499999999998,817.5000000000018,,3.1612308025360107,98.98472476005554,27.39528250694275,22691
ex4_abcg_rundate2021-09-04_ctd4,4,72,6,66,3316,2495,5777,500,150,471,14,319,37,0,,-13.286229666136535,,680931.6865640746,402742.52145641134,250.64762256506094,277418.71017388016,0.0,82.0,2607,2368.9999994922887,338389.32259887905,156286.179614233,75644.37286139117,0,0.4709673523811085,3.1348654610723155,10807.499999999998,817.5000000000018,,1.1271581649780273,99.23460721969604,26.88869547843933,22692
ex4_abcg_rundate2021-09-04_ctd4,4,72,6,66,3316,2495,5777,500,150,471,14,319,38,0,,-9.985296734616412,,680931.6865640746,402742.52145641134,250.64762256506094,277418.71017388016,0.0,82.0,2607,2368.9999994922887,338389.32259887905,156286.179614233,75644.37286139117,0,0.4709673523811085,3.1348654610723155,10807.499999999998,817.5000000000018,,2.757714033126831,98.63858962059021,36.271034479141235,22693
ex4_abcg_rundate2021-09-04_ctd4,4,72,6,66,3316,2495,5777,500,150,471,14,319,IP,0,38,,,680931.6865640746,409781.67653666926,253.92693128114448,282818.21089609707,0.0,83.99999999792287,2607,2368.9999994922887,338389.32259887905,156286.179614233,75644.37286139117,0,0.4709673523811085,3.1348654610723155,10986.0,639.0,7397.454470157623,597.2857294082642,3769.92679810524,1227.582171678543,22693
ex4_abcg_rundate2021-09-04_ctd4,4,72,6,66,3316,2495,5777,500,156,476,25,339,1,0,,-1,,691506.8441815715,1.0715797273155377e9,2812.2612248713235,1.0701735967031043e9,107.0,0,2694,2377.9999994922887,338389.32259887905,164626.33144750126,76546.3647747482,0,0.4716211149437938,3.1348654610723155,9403.083333333332,544.9166666666679,,218.2658290863037,0.0,0.0,18252
ex4_abcg_rundate2021-09-04_ctd4,4,72,6,66,3316,2495,5777,500,156,476,25,339,2,0,,-1.0071681641302548e7,,691506.8441815715,3.907726039722211e8,1031.9927404894188,3.9025660760197747e8,39.0,45.0,2694,2377.9999994922887,338389.32259887905,164626.33144750126,76546.3647747482,0,0.4716211149437938,3.1348654610723155,9357.875,590.125,,86.0055902004242,107.05596232414246,38.02173829078674,19727
ex4_abcg_rundate2021-09-04_ctd4,4,72,6,66,3316,2495,5777,500,156,476,25,339,3,0,,-1.0036399565225659e7,,691506.8441815715,1.9059565264212552e8,640.428400977362,1.9027543844163704e8,19.0,68.0,2694,2377.9999994922887,338389.32259887905,164626.33144750126,76546.3647747482,0,0.4716211149437938,3.1348654610723155,9351.0,597.0,,78.27289009094238,107.04881739616394,36.971264123916626,20829
ex4_abcg_rundate2021-09-04_ctd4,4,72,6,66,3316,2495,5777,500,156,476,25,339,4,0,,-1.0036340995718542e7,,691506.8441815715,1.1050287978353117e8,432.78871184032465,1.1028648542761092e8,11.0,70.0,2694,2377.9999994922887,338389.32259887905,164626.33144750126,76546.3647747482,0,0.4716211149437938,3.1348654610723155,9345.666666666666,602.3333333333339,,76.92050194740295,107.0443787574768,29.19486975669861,21589
ex4_abcg_rundate2021-09-04_ctd4,4,72,6,66,3316,2495,5777,500,156,476,25,339,5,0,,-1.0015748441651823e7,,691506.8441815715,7.047121884402722e7,361.1542814212737,7.029064170331681e7,7.0,74.94736842105263,2694,2377.9999994922887,338389.32259887905,164626.33144750126,76546.3647747482,0,0.4716211149437938,3.1348654610723155,9331.644736842103,616.3552631578968,,96.87318301200867,107.21670269966125,46.3022186756134,22232
ex4_abcg_rundate2021-09-04_ctd4,4,72,6,66,3316,2495,5777,500,156,476,25,339,6,0,,-1.0012216081547081e7,,691506.8441815715,5.0463019397561915e7,340.418761011739,5.029281001705609e7,5.0,75.75,2694,2377.9999994922887,338389.32259887905,164626.33144750126,76546.3647747482,0,0.4716211149437938,3.1348654610723155,9338.424999999997,609.5750000000025,,75.34301090240479,107.46337604522705,46.142414808273315,22679
ex4_abcg_rundate2021-09-04_ctd4,4,72,6,66,3316,2495,5777,500,156,476,25,339,7,0,,-1.0012216081547081e7,,691506.8441815715,5.046261014663905e7,340.95216296990657,5.029213406515423e7,5.0,76.0,2694,2377.9999994922887,338389.32259887905,164626.33144750126,76546.3647747482,0,0.4716211149437938,3.1348654610723155,9344.8125,603.1875,,46.698365926742554,106.97295451164246,36.59498572349548,23020
ex4_abcg_rundate2021-09-04_ctd4,4,72,6,66,3316,2495,5777,500,156,476,25,339,8,0,,-1.0012001687436013e7,,691506.8441815715,3.04508528062012e7,312.0639420215658,3.0294820835190568e7,3.0,79.7,2694,2377.9999994922887,338389.32259887905,164626.33144750126,76546.3647747482,0,0.4716211149437938,3.1348654610723155,9353.916666666668,594.0833333333321,,66.54035902023315,107.01498770713806,37.2750518321991,23249
ex4_abcg_rundate2021-09-04_ctd4,4,72,6,66,3316,2495,5777,500,156,476,25,339,9,0,,-1.0012001687436013e7,,691506.8441815715,3.044875884696755e7,316.32691599664037,3.0290595388969466e7,3.0,80.3,2694,2377.9999994922887,338389.32259887905,164626.33144750126,76546.3647747482,0,0.4716211149437938,3.1348654610723155,9364.599999999999,583.4000000000015,,31.58765411376953,106.6139178276062,37.26025080680847,23444
ex4_abcg_rundate2021-09-04_ctd4,4,72,6,66,3316,2495,5777,500,156,476,25,339,10,0,,-1.0011284835930863e7,,691506.8441815715,431786.6610024503,272.09202912068685,295740.64644210634,0.0,83.79487179487178,2694,2377.9999994922887,338389.32259887905,164626.33144750126,76546.3647747482,0,0.4716211149437938,3.1348654610723155,9368.346153846152,579.6538461538476,,55.32930898666382,107.20290875434875,29.218852758407593,23574
ex4_abcg_rundate2021-09-04_ctd4,4,72,6,66,3316,2495,5777,500,156,476,25,339,11,0,,-646.1188580218931,,691506.8441815715,431766.12303436734,271.4610214240212,296035.6123223555,0.0,83.84615384615384,2694,2377.9999994922887,338389.32259887905,164626.33144750126,76546.3647747482,0,0.4716211149437938,3.1348654610723155,9363.230769230771,584.7692307692287,,16.720054149627686,106.9077742099762,36.731011152267456,23701
ex4_abcg_rundate2021-09-04_ctd4,4,72,6,66,3316,2495,5777,500,156,476,25,339,12,0,,-584.0864166386367,,691506.8441815715,431763.4582998797,271.5743550992029,295976.2807502775,0.0,83.94736842105263,2694,2377.9999994922887,338389.32259887905,164626.33144750126,76546.3647747482,0,0.4716211149437938,3.1348654610723155,9367.421052631578,580.5789473684217,,19.849709033966064,107.1077790260315,29.140639066696167,23763
ex4_abcg_rundate2021-09-04_ctd4,4,72,6,66,3316,2495,5777,500,156,476,25,339,13,0,,-447.50450752301055,,691506.8441815715,431762.07205591025,271.74063917353743,295891.7524691409,0.0,84.16666666666667,2694,2377.9999994922887,338389.32259887905,164626.33144750126,76546.3647747482,0,0.4716211149437938,3.1348654610723155,9376.717592592593,571.2824074074069,,14.55881404876709,107.14203190803528,29.714122533798218,23825
ex4_abcg_rundate2021-09-04_ctd4,4,72,6,66,3316,2495,5777,500,156,476,25,339,14,0,,-371.883458189938,,691506.8441815715,431762.07205591025,271.74063917353743,295891.7524691409,0.0,84.16666666666667,2694,2377.9999994922887,338389.32259887905,164626.33144750126,76546.3647747482,0,0.4716211149437938,3.1348654610723155,9376.884259259261,571.115740740739,,5.536082029342651,106.91394376754761,36.826213121414185,23878
ex4_abcg_rundate2021-09-04_ctd4,4,72,6,66,3316,2495,5777,500,156,476,25,339,15,0,,-362.7226612639497,,691506.8441815715,431541.4323176999,271.4568468697739,295813.00888281246,0.0,83.79411764705883,2694,2377.9999994922887,338389.32259887905,164626.33144750126,76546.3647747482,0,0.4716211149437938,3.1348654610723155,9378.823529411764,569.176470588236,,38.974798917770386,106.60838770866394,28.983575582504272,23941
ex4_abcg_rundate2021-09-04_ctd4,4,72,6,66,3316,2495,5777,500,156,476,25,339,16,0,,-374.60003239385134,,691506.8441815715,431513.59582430625,271.4782148021536,295774.48842322873,0.0,83.8,2694,2377.9999994922887,338389.32259887905,164626.33144750126,76546.3647747482,0,0.4716211149437938,3.1348654610723155,9380.933333333327,567.066666666673,,69.88230800628662,106.8263463973999,37.391607999801636,23984
ex4_abcg_rundate2021-09-04_ctd4,4,72,6,66,3316,2495,5777,500,156,476,25,339,17,0,,-374.52701746254013,,691506.8441815715,431463.54272669845,271.4525572232842,295737.2641150554,0.0,83.71764705882353,2694,2377.9999994922887,338389.32259887905,164626.33144750126,76546.3647747482,0,0.4716211149437938,3.1348654610723155,9379.241176470587,568.7588235294133,,26.616724014282227,106.52763509750366,37.61576461791992,24020
ex4_abcg_rundate2021-09-04_ctd4,4,72,6,66,3316,2495,5777,500,156,476,25,339,18,0,,-384.537178457149,,691506.8441815715,431463.54272669833,271.4525572232842,295737.2641150554,0.0,83.71764705882353,2694,2377.9999994922887,338389.32259887905,164626.33144750126,76546.3647747482,0,0.4716211149437938,3.1348654610723155,9378.864705882352,569.1352941176483,,9.90540885925293,108.45353507995605,37.83698511123657,24041
ex4_abcg_rundate2021-09-04_ctd4,4,72,6,66,3316,2495,5777,500,156,476,25,339,19,0,,-359.41481895259415,,691506.8441815715,431401.66803490964,271.62795380317607,295587.69113332086,0.0,84.75,2694,2377.9999994922887,338389.32259887905,164626.33144750126,76546.3647747482,0,0.4716211149437938,3.1348654610723155,9378.233333333332,569.7666666666682,,29.07059383392334,109.16843485832214,29.65588927268982,24061
ex4_abcg_rundate2021-09-04_ctd4,4,72,6,66,3316,2495,5777,500,156,476,25,339,20,0,,-349.4920009113651,,691506.8441815715,431344.77317269566,271.6052477187954,295542.149313298,0.0,84.27941176470588,2694,2377.9999994922887,338389.32259887905,164626.33144750126,76546.3647747482,0,0.4716211149437938,3.1348654610723155,9376.764705882351,571.2352941176487,,30.920506954193115,108.59504413604736,29.979016542434692,24084
ex4_abcg_rundate2021-09-04_ctd4,4,72,6,66,3316,2495,5777,500,156,476,25,339,21,0,,-295.7669864621968,,691506.8441815715,431172.08756749844,271.0147877715335,295664.6936817311,0.0,82.28313253012048,2694,2377.9999994922887,338389.32259887905,164626.33144750126,76546.3647747482,0,0.4716211149437938,3.1348654610723155,9375.340361445786,572.6596385542143,,67.79999709129333,109.55872511863708,30.332938194274902,24101
ex4_abcg_rundate2021-09-04_ctd4,4,72,6,66,3316,2495,5777,500,156,476,25,339,22,0,,-89.970602825481,,691506.8441815715,431161.1912883234,271.47027651263824,295426.0530320044,0.0,82.29069767441861,2694,2377.9999994922887,338389.32259887905,164626.33144750126,76546.3647747482,0,0.4716211149437938,3.1348654610723155,9370.174418604649,577.825581395351,,14.728899002075195,108.70317482948303,38.1424195766449,24130
ex4_abcg_rundate2021-09-04_ctd4,4,72,6,66,3316,2495,5777,500,156,476,25,339,23,0,,-62.61953046556759,,691506.8441815715,431161.19128832326,271.47027651263824,295426.05303200445,0.0,82.29069767441861,2694,2377.9999994922887,338389.32259887905,164626.33144750126,76546.3647747482,0,0.4716211149437938,3.1348654610723155,9370.174418604649,577.825581395351,,3.4589171409606934,108.85066843032837,37.72049021720886,24157
ex4_abcg_rundate2021-09-04_ctd4,4,72,6,66,3316,2495,5777,500,156,476,25,339,24,0,,-52.940856314126734,,691506.8441815715,431112.8697662124,271.66005265386775,295282.8434392781,0.0,82.33333333333334,2694,2377.9999994922887,338389.32259887905,164626.33144750126,76546.3647747482,0,0.4716211149437938,3.1348654610723155,9364.91666666667,583.0833333333303,,20.01754593849182,109.5265326499939,29.726378202438354,24163
ex4_abcg_rundate2021-09-04_ctd4,4,72,6,66,3316,2495,5777,500,156,476,25,339,25,0,,-24.793625596179595,,691506.8441815715,431112.86976621253,271.66005265386775,295282.8434392781,0.0,82.33333333333334,2694,2377.9999994922887,338389.32259887905,164626.33144750126,76546.3647747482,0,0.4716211149437938,3.1348654610723155,9364.91666666667,583.0833333333303,,3.2930068969726562,108.96692395210266,29.480152130126953,24170
ex4_abcg_rundate2021-09-04_ctd4,4,72,6,66,3316,2495,5777,500,156,476,25,339,26,0,,-15.32648820373661,,691506.8441815715,431112.86938603094,271.66005265386775,295282.84305909654,0.0,82.33333333333334,2694,2377.9999994922887,338389.32259887905,164626.33144750126,76546.3647747482,0,0.4716211149437938,3.1348654610723155,9363.91666666667,584.0833333333303,,5.557571887969971,109.57542514801025,30.31343698501587,24174
ex4_abcg_rundate2021-09-04_ctd4,4,72,6,66,3316,2495,5777,500,156,476,25,339,27,0,,-14.68804547571765,,691506.8441815715,431112.86938603094,271.66005265386775,295282.84305909654,0.0,82.33333333333334,2694,2377.9999994922887,338389.32259887905,164626.33144750126,76546.3647747482,0,0.4716211149437938,3.1348654610723155,9363.91666666667,584.0833333333303,,3.2636771202087402,109.86362290382385,38.520835876464844,24177
ex4_abcg_rundate2021-09-04_ctd4,4,72,6,66,3316,2495,5777,500,156,476,25,339,IP,0,27,,,691506.8441815715,435879.64282244246,275.89324502405276,297933.0203104161,0.0,84.0,2694,2377.9999994922887,338389.32259887905,164626.33144750126,76546.3647747482,0,0.4716211149437938,3.1348654610723155,9489.0,459.0,3649.9028420448303,1211.9913082122803,2911.6082994937897,942.5312674045563,24177
ex4_abcg_rundate2021-09-04_ctd4,4,72,6,66,3316,2495,5777,500,162,539,16,292,1,0,,-1,,761272.6191085045,1.0616623972312772e9,3045.1953390526023,1.0601397995617564e9,106.0,0,2947,2396.9999994922914,338389.32259887905,218321.1907863361,80502.61721434104,0,0.4614489369392511,3.1348654610723155,10860.5,726.5,,131.42450785636902,0.0,0.0,14387
ex4_abcg_rundate2021-09-04_ctd4,4,72,6,66,3316,2495,5777,500,162,539,16,292,2,0,,-1.0064808306323368e7,,761272.6191085045,8.410347525198312e8,1756.224409539294,8.401566403150636e8,84.0,0.0,2947,2396.9999994922914,338389.32259887905,218321.1907863361,80502.61721434104,0,0.4614489369392511,3.1348654610723155,10894.25,692.75,,19.307785034179688,86.96931171417236,31.672202110290527,15925
ex4_abcg_rundate2021-09-04_ctd4,4,72,6,66,3316,2495,5777,500,162,539,16,292,3,0,,-1.0036599616971837e7,,761272.6191085045,4.707444254767768e8,1072.2737216051694,4.702082886159748e8,47.0,34.0,2947,2396.9999994922914,338389.32259887905,218321.1907863361,80502.61721434104,0,0.4614489369392511,3.1348654610723155,10855.5,731.5,,10.828598022460938,89.54598951339722,24.9766366481781,17066
ex4_abcg_rundate2021-09-04_ctd4,4,72,6,66,3316,2495,5777,500,162,539,16,292,4,0,,-1.0036340995718542e7,,761272.6191085045,2.805779180237119e8,699.6081327351736,2.8022811395734465e8,28.0,52.0,2947,2396.9999994922914,338389.32259887905,218321.1907863361,80502.61721434104,0,0.4614489369392511,3.1348654610723155,10825.5,761.5,,17.289005041122437,89.3972716331482,32.554192781448364,17847
ex4_abcg_rundate2021-09-04_ctd4,4,72,6,66,3316,2495,5777,500,162,539,16,292,5,0,,-1.0012216081547081e7,,761272.6191085045,2.2054425293202397e8,612.787002284753,2.2023785943088242e8,22.0,58.0,2947,2396.9999994922914,338389.32259887905,218321.1907863361,80502.61721434104,0,0.4614489369392511,3.1348654610723155,10819.0,768.0,,14.794174909591675,90.57145166397095,25.058048486709595,18556
ex4_abcg_rundate2021-09-04_ctd4,4,72,6,66,3316,2495,5777,500,162,539,16,292,6,0,,-1.0012216081547081e7,,761272.6191085045,1.0044783129570618e8,401.0837642249131,1.0024728941359387e8,10.0,71.0,2947,2396.9999994922914,338389.32259887905,218321.1907863361,80502.61721434104,0,0.4614489369392511,3.1348654610723155,10807.0,780.0,,17.438597917556763,88.61818838119507,32.694984674453735,18984
ex4_abcg_rundate2021-09-04_ctd4,4,72,6,66,3316,2495,5777,500,162,539,16,292,7,0,,-1.0012275839654658e7,,761272.6191085045,9.044111027309498e7,388.4412292691574,9.024688965846065e7,9.0,71.5,2947,2396.9999994922914,338389.32259887905,218321.1907863361,80502.61721434104,0,0.4614489369392511,3.1348654610723155,10822.75,764.25,,11.597870111465454,88.30384087562561,40.52097702026367,19411
ex4_abcg_rundate2021-09-04_ctd4,4,72,6,66,3316,2495,5777,500,162,539,16,292,8,0,,-1.0012001687436013e7,,761272.6191085045,8.043450962051003e7,375.42555229700565,8.024679684436177e7,8.0,76.41666666666667,2947,2396.9999994922914,338389.32259887905,218321.1907863361,80502.61721434104,0,0.4614489369392511,3.1348654610723155,10827.75,759.25,,22.016261100769043,88.83881258964539,32.417646646499634,19696
ex4_abcg_rundate2021-09-04_ctd4,4,72,6,66,3316,2495,5777,500,162,539,16,292,9,0,,-1.0011284835930863e7,,761272.6191085045,4.0404820934634134e7,307.13225936607165,4.025125480495108e7,4.0,80.83333333333333,2947,2396.9999994922914,338389.32259887905,218321.1907863361,80502.61721434104,0,0.4614489369392511,3.1348654610723155,10824.916666666668,762.0833333333321,,11.784780025482178,88.40982556343079,24.68825101852417,19927
ex4_abcg_rundate2021-09-04_ctd4,4,72,6,66,3316,2495,5777,500,162,539,16,292,10,0,,-1.0005921697067115e7,,761272.6191085045,3.04016506159898e7,296.9614047448068,3.0253169913617447e7,3.0,81.6,2947,2396.9999994922914,338389.32259887905,218321.1907863361,80502.61721434104,0,0.4614489369392511,3.1348654610723155,10845.416666666668,741.5833333333321,,19.79311513900757,88.72095823287964,24.99030089378357,20114
ex4_abcg_rundate2021-09-04_ctd4,4,72,6,66,3316,2495,5777,500,162,539,16,292,11,0,,-1.0005897136366744e7,,761272.6191085045,3.0399382411678083e7,299.8027498561162,3.0249481036750082e7,3.0,81.69999999999999,2947,2396.9999994922914,338389.32259887905,218321.1907863361,80502.61721434104,0,0.4614489369392511,3.1348654610723155,10856.466666666665,730.5333333333347,,12.85082197189331,88.8737244606018,32.81415796279907,20246
ex4_abcg_rundate2021-09-04_ctd4,4,72,6,66,3316,2495,5777,500,162,539,16,292,12,0,,-1.0005897136366744e7,,761272.6191085045,1.0391216509005433e7,275.21507995883246,1.0253608969025956e7,1.0,84.5,2947,2396.9999994922914,338389.32259887905,218321.1907863361,80502.61721434104,0,0.4614489369392511,3.1348654610723155,10858.5,728.5,,16.649405002593994,88.90882873535156,32.84479355812073,20358
ex4_abcg_rundate2021-09-04_ctd4,4,72,6,66,3316,2495,5777,500,162,539,16,292,13,0,,-1.0005897136366744e7,,761272.6191085045,1.0390981632002007e7,275.2613146573397,1.0253350974673275e7,1.0,84.33333333333334,2947,2396.9999994922914,338389.32259887905,218321.1907863361,80502.61721434104,0,0.4614489369392511,3.1348654610723155,10860.666666666668,726.3333333333321,,8.641466856002808,90.3220853805542,25.357885360717773,20506
ex4_abcg_rundate2021-09-04_ctd4,4,72,6,66,3316,2495,5777,500,162,539,16,292,14,0,,-1.0005860640284216e7,,761272.6191085045,1.0390897492419591e7,275.679725756865,1.0253057629541097e7,1.0,84.33333333333334,2947,2396.9999994922914,338389.32259887905,218321.1907863361,80502.61721434104,0,0.4614489369392511,3.1348654610723155,10856.722222222223,730.2777777777774,,5.36203408241272,90.14493823051453,25.414557695388794,20580
ex4_abcg_rundate2021-09-04_ctd4,4,72,6,66,3316,2495,5777,500,162,539,16,292,15,0,,-1.0005740133737698e7,,761272.6191085045,1.0390897492419591e7,275.679725756865,1.0253057629541097e7,1.0,84.33333333333334,2947,2396.9999994922914,338389.32259887905,218321.1907863361,80502.61721434104,0,0.4614489369392511,3.1348654610723155,10856.722222222223,730.2777777777774,,3.239920139312744,88.86893677711487,25.086867094039917,20625
ex4_abcg_rundate2021-09-04_ctd4,4,72,6,66,3316,2495,5777,500,162,539,16,292,16,0,,-1.0005740133547608e7,,761272.6191085045,1.0390857759236231e7,275.3083010578693,1.0253203608707217e7,1.0,84.33333333333334,2947,2396.9999994922914,338389.32259887905,218321.1907863361,80502.61721434104,0,0.4614489369392511,3.1348654610723155,10861.180555555558,725.8194444444416,,4.44439697265625,89.3400514125824,24.65764093399048,20660
ex4_abcg_rundate2021-09-04_ctd4,4,72,6,66,3316,2495,5777,500,162,539,16,292,17,0,,-1.0005730790635003e7,,761272.6191085045,385455.0635533425,260.65008771155686,255130.0196975635,0.0,85.5,2947,2396.9999994922914,338389.32259887905,218321.1907863361,80502.61721434104,0,0.4614489369392511,3.1348654610723155,10847.0,740.0,,8.014991998672485,89.1043529510498,33.027711391448975,20688
ex4_abcg_rundate2021-09-04_ctd4,4,72,6,66,3316,2495,5777,500,162,539,16,292,18,0,,-543.1624753324381,,761272.6191085045,385375.2463823643,260.5060387748046,255122.22699496106,0.0,85.5,2947,2396.9999994922914,338389.32259887905,218321.1907863361,80502.61721434104,0,0.4614489369392511,3.1348654610723155,10846.25,740.75,,3.618257999420166,88.56171989440918,32.47653245925903,20726
ex4_abcg_rundate2021-09-04_ctd4,4,72,6,66,3316,2495,5777,500,162,539,16,292,19,0,,-499.4603625898967,,761272.6191085045,385375.2463823643,260.5060387748046,255122.22699496106,0.0,85.5,2947,2396.9999994922914,338389.32259887905,218321.1907863361,80502.61721434104,0,0.4614489369392511,3.1348654610723155,10846.25,740.75,,3.1734280586242676,88.3188636302948,33.04851412773132,20749
ex4_abcg_rundate2021-09-04_ctd4,4,72,6,66,3316,2495,5777,500,162,539,16,292,20,0,,-434.60201410595687,,761272.6191085045,385101.75468570576,260.68543487949336,254759.0372459582,0.0,85.5,2947,2396.9999994922914,338389.32259887905,218321.1907863361,80502.61721434104,0,0.4614489369392511,3.1348654610723155,10851.083333333332,735.9166666666679,,6.428077936172485,88.710214138031,32.685039043426514,20766
ex4_abcg_rundate2021-09-04_ctd4,4,72,6,66,3316,2495,5777,500,162,539,16,292,21,0,,-344.76355032984026,,761272.6191085045,385077.29530813626,260.6986141530455,254727.9882316126,0.0,85.5,2947,2396.9999994922914,338389.32259887905,218321.1907863361,80502.61721434104,0,0.4614489369392511,3.1348654610723155,10859.083333333332,727.9166666666679,,6.660784959793091,89.85701203346252,32.991525650024414,20793
ex4_abcg_rundate2021-09-04_ctd4,4,72,6,66,3316,2495,5777,500,162,539,16,292,22,0,,-320.34375986294776,,761272.6191085045,385077.29530813626,260.6986141530455,254727.9882316126,0.0,85.5,2947,2396.9999994922914,338389.32259887905,218321.1907863361,80502.61721434104,0,0.4614489369392511,3.1348654610723155,10859.083333333332,727.9166666666679,,3.1658530235290527,90.03773999214172,33.57471561431885,20798
ex4_abcg_rundate2021-09-04_ctd4,4,72,6,66,3316,2495,5777,500,162,539,16,292,23,0,,-308.1606008775535,,761272.6191085045,385077.29530813626,260.6986141530455,254727.9882316126,0.0,85.5,2947,2396.9999994922914,338389.32259887905,218321.1907863361,80502.61721434104,0,0.4614489369392511,3.1348654610723155,10859.083333333332,727.9166666666679,,3.13574481010437,88.67777681350708,33.017011642456055,20813
ex4_abcg_rundate2021-09-04_ctd4,4,72,6,66,3316,2495,5777,500,162,539,16,292,24,0,,-272.2439222715419,,761272.6191085045,385077.29530813626,260.6986141530455,254727.9882316126,0.0,85.5,2947,2396.9999994922914,338389.32259887905,218321.1907863361,80502.61721434104,0,0.4614489369392511,3.1348654610723155,10859.083333333332,727.9166666666679,,3.1686060428619385,88.36471104621887,32.55857992172241,20822
ex4_abcg_rundate2021-09-04_ctd4,4,72,6,66,3316,2495,5777,500,162,539,16,292,25,0,,-776.0172608744264,,761272.6191085045,385077.29530813626,260.6986141530455,254727.9882316126,0.0,85.5,2947,2396.9999994922914,338389.32259887905,218321.1907863361,80502.61721434104,0,0.4614489369392511,3.1348654610723155,10859.083333333332,727.9166666666679,,5.25148606300354,87.93712568283081,24.727258443832397,20893
ex4_abcg_rundate2021-09-04_ctd4,4,72,6,66,3316,2495,5777,500,162,539,16,292,26,0,,-207.5542561167665,,761272.6191085045,385077.29530813626,260.6986141530456,254727.9882316126,0.0,85.5,2947,2396.9999994922914,338389.32259887905,218321.1907863361,80502.61721434104,0,0.4614489369392511,3.1348654610723155,10859.083333333332,727.9166666666679,,3.197387933731079,88.05614709854126,24.897130012512207,20905
ex4_abcg_rundate2021-09-04_ctd4,4,72,6,66,3316,2495,5777,500,162,539,16,292,27,0,,-207.55425611676668,,761272.6191085045,385077.29530813626,260.6986141530456,254727.9882316126,0.0,85.5,2947,2396.9999994922914,338389.32259887905,218321.1907863361,80502.61721434104,0,0.4614489369392511,3.1348654610723155,10859.083333333332,727.9166666666679,,3.131165027618408,89.27659440040588,25.15975546836853,20912
ex4_abcg_rundate2021-09-04_ctd4,4,72,6,66,3316,2495,5777,500,162,539,16,292,28,0,,-167.9961061266597,,761272.6191085045,385077.29530813626,260.6986141530456,254727.9882316126,0.0,85.5,2947,2396.9999994922914,338389.32259887905,218321.1907863361,80502.61721434104,0,0.4614489369392511,3.1348654610723155,10859.083333333332,727.9166666666679,,2.729552984237671,89.09220457077026,24.63101315498352,20917
ex4_abcg_rundate2021-09-04_ctd4,4,72,6,66,3316,2495,5777,500,162,539,16,292,29,0,,-144.31646847618487,,761272.6191085045,385077.29530813626,260.6986141530456,254727.9882316126,0.0,85.5,2947,2396.9999994922914,338389.32259887905,218321.1907863361,80502.61721434104,0,0.4614489369392511,3.1348654610723155,10859.083333333332,727.9166666666679,,2.710297107696533,88.73439836502075,24.92079448699951,20922
ex4_abcg_rundate2021-09-04_ctd4,4,72,6,66,3316,2495,5777,500,162,539,16,292,30,0,,-95.72662746175945,,761272.6191085045,385077.29530813626,260.6986141530456,254727.9882316126,0.0,85.5,2947,2396.9999994922914,338389.32259887905,218321.1907863361,80502.61721434104,0,0.4614489369392511,3.1348654610723155,10859.083333333332,727.9166666666679,,1.1167638301849365,89.29251408576965,25.092663288116455,20930
ex4_abcg_rundate2021-09-04_ctd4,4,72,6,66,3316,2495,5777,500,162,539,16,292,31,0,,-85.4831636385323,,761272.6191085045,385077.2953081364,260.6986141530456,254727.9882316126,0.0,85.5,2947,2396.9999994922914,338389.32259887905,218321.1907863361,80502.61721434104,0,0.4614489369392511,3.1348654610723155,10859.083333333332,727.9166666666679,,3.539767026901245,90.68864417076111,33.2803156375885,20934
ex4_abcg_rundate2021-09-04_ctd4,4,72,6,66,3316,2495,5777,500,162,539,16,292,32,0,,-85.48316363853245,,761272.6191085045,385077.2953081364,260.6986141530456,254727.9882316126,0.0,85.5,2947,2396.9999994922914,338389.32259887905,218321.1907863361,80502.61721434104,0,0.4614489369392511,3.1348654610723155,10859.083333333332,727.9166666666679,,3.095123052597046,91.26125121116638,33.90001559257507,20936
ex4_abcg_rundate2021-09-04_ctd4,4,72,6,66,3316,2495,5777,500,162,539,16,292,33,0,,-54.77828486391738,,761272.6191085045,385077.2953081364,260.6986141530456,254727.9882316126,0.0,85.5,2947,2396.9999994922914,338389.32259887905,218321.1907863361,80502.61721434104,0,0.4614489369392511,3.1348654610723155,10859.083333333332,727.9166666666679,,3.1810710430145264,91.18514108657837,33.51853537559509,20943
ex4_abcg_rundate2021-09-04_ctd4,4,72,6,66,3316,2495,5777,500,162,539,16,292,34,0,,-39.694776522813044,,761272.6191085045,385077.29530813626,260.6986141530455,254727.9882316126,0.0,85.5,2947,2396.9999994922914,338389.32259887905,218321.1907863361,80502.61721434104,0,0.4614489369392511,3.1348654610723155,10857.833333333332,729.1666666666679,,4.738507032394409,91.73622608184814,34.118208169937134,20946
ex4_abcg_rundate2021-09-04_ctd4,4,72,6,66,3316,2495,5777,500,162,539,16,292,35,0,,-22.179181508990702,,761272.6191085045,385077.29530813626,260.6986141530455,254727.9882316126,0.0,85.5,2947,2396.9999994922914,338389.32259887905,218321.1907863361,80502.61721434104,0,0.4614489369392511,3.1348654610723155,10857.833333333332,729.1666666666679,,3.521637201309204,91.22057318687439,25.185824632644653,20951
ex4_abcg_rundate2021-09-04_ctd4,4,72,6,66,3316,2495,5777,500,162,539,16,292,36,0,,-10.567272045628073,,761272.6191085045,385077.29530813626,260.6986141530455,254727.9882316126,0.0,85.5,2947,2396.9999994922914,338389.32259887905,218321.1907863361,80502.61721434104,0,0.4614489369392511,3.1348654610723155,10857.833333333332,729.1666666666679,,1.1185438632965088,91.49553346633911,25.056049585342407,20952
ex4_abcg_rundate2021-09-04_ctd4,4,72,6,66,3316,2495,5777,500,162,539,16,292,37,0,,-10.161186853062617,,761272.6191085045,385077.29530813626,260.6986141530455,254727.9882316126,0.0,85.5,2947,2396.9999994922914,338389.32259887905,218321.1907863361,80502.61721434104,0,0.4614489369392511,3.1348654610723155,10857.833333333332,729.1666666666679,,2.734265089035034,91.71637296676636,25.669174671173096,20955
ex4_abcg_rundate2021-09-04_ctd4,4,72,6,66,3316,2495,5777,500,162,539,16,292,38,0,,-0.00013441447654277184,,761272.6191085045,385077.29530813626,260.6986141530455,254727.9882316126,0.0,85.5,2947,2396.9999994922914,338389.32259887905,218321.1907863361,80502.61721434104,0,0.4614489369392511,3.1348654610723155,10857.833333333332,729.1666666666679,,2.7230100631713867,91.80290412902832,34.565895318984985,20956
ex4_abcg_rundate2021-09-04_ctd4,4,72,6,66,3316,2495,5777,500,162,539,16,292,IP,0,38,,,761272.6191085045,392201.47017024877,264.62362661897964,259889.65686075875,0.0,84.0,2947,2396.9999994922914,338389.32259887905,218321.1907863361,80502.61721434104,0,0.4614489369392511,3.1348654610723155,11031.0,556.0,2668.9990470409393,407.617062330246,3403.552266597748,1119.5569610595703,20956
ex4_abcg_rundate2021-09-04_ctd4,4,72,6,66,3316,2495,5777,500,162,831,,,final,,,,1.1369725843934359e6,1.1369725843934359e6,,,,,,,,,508698.2510276722,,,0.501337602215406,5.964365003857246,,,,,,,
