ID,example,method,orderid,orderdist,orderpenaltydist,orderdeliverytime,shortesttriptime,remainingmiles
ex4_abcg_rundate2021-09-04_ctd4,4,abcg,1,0,0,0,20.19891362,
ex4_abcg_rundate2021-09-04_ctd4,4,abcg,2,0,0,0,47.94232708,
ex4_abcg_rundate2021-09-04_ctd4,4,abcg,3,0,0,0,20.2799422,
ex4_abcg_rundate2021-09-04_ctd4,4,abcg,4,0,0,0,25.05967522,
ex4_abcg_rundate2021-09-04_ctd4,4,abcg,5,0,0,0,8.245203931,
ex4_abcg_rundate2021-09-04_ctd4,4,abcg,6,0,0,0,20.2799422,
ex4_abcg_rundate2021-09-04_ctd4,4,abcg,7,0,0,0,43.31186014,
ex4_abcg_rundate2021-09-04_ctd4,4,abcg,8,0,0,0,20.83286764,
ex4_abcg_rundate2021-09-04_ctd4,4,abcg,9,0,0,0,18.5044975,
ex4_abcg_rundate2021-09-04_ctd4,4,abcg,10,0,0,0,25.53191459,
ex4_abcg_rundate2021-09-04_ctd4,4,abcg,11,0,0,0,5.792768582,
ex4_abcg_rundate2021-09-04_ctd4,4,abcg,12,0,0,0,66.30582417,
ex4_abcg_rundate2021-09-04_ctd4,4,abcg,13,0,0,0,41.29123927,
ex4_abcg_rundate2021-09-04_ctd4,4,abcg,14,191.0549317,0,130.5535627,80.18768339,
ex4_abcg_rundate2021-09-04_ctd4,4,abcg,15,0,0,0,57.46018179,
ex4_abcg_rundate2021-09-04_ctd4,4,abcg,16,0,0,0,56.2799422,
ex4_abcg_rundate2021-09-04_ctd4,4,abcg,17,0,0,0,7.616951193,
ex4_abcg_rundate2021-09-04_ctd4,4,abcg,18,0,0,0,55.18612446,
ex4_abcg_rundate2021-09-04_ctd4,4,abcg,19,0,0,0,6.800324389,
ex4_abcg_rundate2021-09-04_ctd4,4,abcg,20,0,0,0,74.10748111,
ex4_abcg_rundate2021-09-04_ctd4,4,abcg,21,0,0,0,57.46018179,
ex4_abcg_rundate2021-09-04_ctd4,4,abcg,22,0,0,0,41.29123927,
ex4_abcg_rundate2021-09-04_ctd4,4,abcg,23,0,0,0,50.62009215,
ex4_abcg_rundate2021-09-04_ctd4,4,abcg,24,0,0,0,30.35368524,
ex4_abcg_rundate2021-09-04_ctd4,4,abcg,25,0,0,0,76.78122497,
ex4_abcg_rundate2021-09-04_ctd4,4,abcg,26,0,0,0,66.30582417,
ex4_abcg_rundate2021-09-04_ctd4,4,abcg,27,0,0,0,4.553562676,
ex4_abcg_rundate2021-09-04_ctd4,4,abcg,28,0,0,0,74.10748111,
ex4_abcg_rundate2021-09-04_ctd4,4,abcg,29,1771.287352,912.6857093,185.7934332,54.78653828,651.9183638
ex4_abcg_rundate2021-09-04_ctd4,4,abcg,30,0,0,0,52.78122497,
ex4_abcg_rundate2021-09-04_ctd4,4,abcg,31,0,0,0,35.72214025,
ex4_abcg_rundate2021-09-04_ctd4,4,abcg,32,0,0,0,55.18612446,
ex4_abcg_rundate2021-09-04_ctd4,4,abcg,33,0,0,0,19.31186014,
ex4_abcg_rundate2021-09-04_ctd4,4,abcg,34,0,0,0,35.72214025,
ex4_abcg_rundate2021-09-04_ctd4,4,abcg,35,0,0,0,37.53191459,
ex4_abcg_rundate2021-09-04_ctd4,4,abcg,36,0,0,0,56.13753052,
ex4_abcg_rundate2021-09-04_ctd4,4,abcg,37,0,0,0,34.30953611,
ex4_abcg_rundate2021-09-04_ctd4,4,abcg,38,0,0,0,27.20443652,
ex4_abcg_rundate2021-09-04_ctd4,4,abcg,39,0,0,0,27.05051833,
ex4_abcg_rundate2021-09-04_ctd4,4,abcg,40,690.1309701,690.1309701,185.7745589,36.74966073,492.950693
ex4_abcg_rundate2021-09-04_ctd4,4,abcg,41,0,0,0,44.00131328,
ex4_abcg_rundate2021-09-04_ctd4,4,abcg,42,0,0,0,29.94232708,
ex4_abcg_rundate2021-09-04_ctd4,4,abcg,43,0,0,0,68.18768339,
ex4_abcg_rundate2021-09-04_ctd4,4,abcg,44,0,0,0,63.46018179,
ex4_abcg_rundate2021-09-04_ctd4,4,abcg,45,0,0,0,61.18612446,
ex4_abcg_rundate2021-09-04_ctd4,4,abcg,46,2507.080761,2507.080761,277.1657675,93.20443652,1790.771972
ex4_abcg_rundate2021-09-04_ctd4,4,abcg,47,0,0,0,5.073730041,
ex4_abcg_rundate2021-09-04_ctd4,4,abcg,48,886.8798241,617.3459193,176.2224998,66.78653828,440.9613709
ex4_abcg_rundate2021-09-04_ctd4,4,abcg,49,0,0,0,24.5044975,
ex4_abcg_rundate2021-09-04_ctd4,4,abcg,50,0,0,0,43.46773841,
ex4_abcg_rundate2021-09-04_ctd4,4,abcg,51,0,0,0,61.31186014,
ex4_abcg_rundate2021-09-04_ctd4,4,abcg,52,0,0,0,23.80302991,
ex4_abcg_rundate2021-09-04_ctd4,4,abcg,53,2778.212611,2778.212611,272.9657675,99.20443652,1984.437579
ex4_abcg_rundate2021-09-04_ctd4,4,abcg,54,0,0,0,51.16200977,
ex4_abcg_rundate2021-09-04_ctd4,4,abcg,55,0,0,0,29.72214025,
ex4_abcg_rundate2021-09-04_ctd4,4,abcg,56,0,0,0,54.30582417,
ex4_abcg_rundate2021-09-04_ctd4,4,abcg,57,1644.801815,870.8751793,228.2990009,116.9992315,622.0536995
ex4_abcg_rundate2021-09-04_ctd4,4,abcg,58,0,0,0,44.46671945,
ex4_abcg_rundate2021-09-04_ctd4,4,abcg,59,0,0,0,8.245203931,
ex4_abcg_rundate2021-09-04_ctd4,4,abcg,60,0,0,0,9.777156177,
ex4_abcg_rundate2021-09-04_ctd4,4,abcg,61,0,0,0,34.5722728,
ex4_abcg_rundate2021-09-04_ctd4,4,abcg,62,0,0,0,47.08206564,
ex4_abcg_rundate2021-09-04_ctd4,4,abcg,63,0,0,0,13.21165365,
ex4_abcg_rundate2021-09-04_ctd4,4,abcg,64,0,0,0,27.20443652,
ex4_abcg_rundate2021-09-04_ctd4,4,abcg,65,633.093091,633.093091,206.6990009,38.99923149,452.2093507
ex4_abcg_rundate2021-09-04_ctd4,4,abcg,66,0,0,0,61.18612446,
ex4_abcg_rundate2021-09-04_ctd4,4,abcg,67,0,0,0,29.94232708,
ex4_abcg_rundate2021-09-04_ctd4,4,abcg,68,413.8339893,413.8339893,183.9745589,30.74966073,295.5957067
ex4_abcg_rundate2021-09-04_ctd4,4,abcg,69,0,0,0,33.20443652,
ex4_abcg_rundate2021-09-04_ctd4,4,abcg,70,0,0,0,61.31186014,
ex4_abcg_rundate2021-09-04_ctd4,4,abcg,71,984.8210323,870.8751793,210.2990009,68.99923149,622.0536995
ex4_abcg_rundate2021-09-04_ctd4,4,abcg,72,0,0,0,5.650121865,
ex4_abcg_rundate2021-09-04_ctd4,4,abcg,73,0,0,0,63.16200977,
ex4_abcg_rundate2021-09-04_ctd4,4,abcg,74,0,0,0,23.94232708,
ex4_abcg_rundate2021-09-04_ctd4,4,abcg,75,0,0,0,31.46773841,
ex4_abcg_rundate2021-09-04_ctd4,4,abcg,76,0,0,0,20.87746083,
ex4_abcg_rundate2021-09-04_ctd4,4,abcg,77,0,0,0,6.86057705,
ex4_abcg_rundate2021-09-04_ctd4,4,abcg,78,275.5801174,0,117.4601818,63.46018179,
ex4_abcg_rundate2021-09-04_ctd4,4,abcg,79,0,0,0,1.75,
ex4_abcg_rundate2021-09-04_ctd4,4,abcg,80,633.093091,633.093091,188.6990009,62.99923149,452.2093507
ex4_abcg_rundate2021-09-04_ctd4,4,abcg,81,0,0,0,8.7038975,
ex4_abcg_rundate2021-09-04_ctd4,4,abcg,82,0,0,0,29.80302991,
ex4_abcg_rundate2021-09-04_ctd4,4,abcg,83,633.093091,633.093091,200.6990009,62.99923149,452.2093507
ex4_abcg_rundate2021-09-04_ctd4,4,abcg,84,271.7612976,271.7612976,172.6224998,24.78653828,194.1152126
ex4_abcg_rundate2021-09-04_ctd4,4,abcg,85,0,0,0,68.83286764,
ex4_abcg_rundate2021-09-04_ctd4,4,abcg,86,0,0,0,37.53191459,
ex4_abcg_rundate2021-09-04_ctd4,4,abcg,87,0,0,0,55.71961917,
ex4_abcg_rundate2021-09-04_ctd4,4,abcg,88,0,0,0,31.18612446,
ex4_abcg_rundate2021-09-04_ctd4,4,abcg,89,275.5801174,0,105.4601818,63.46018179,
ex4_abcg_rundate2021-09-04_ctd4,4,abcg,90,0,0,0,12.98912993,
ex4_abcg_rundate2021-09-04_ctd4,4,abcg,91,399.4129299,0,127.2684288,54.30582417,
ex4_abcg_rundate2021-09-04_ctd4,4,abcg,92,0,0,0,5.736752688,
ex4_abcg_rundate2021-09-04_ctd4,4,abcg,93,0,0,0,22.30953611,
ex4_abcg_rundate2021-09-04_ctd4,4,abcg,94,0,0,0,41.02906907,
ex4_abcg_rundate2021-09-04_ctd4,4,abcg,95,0,0,0,23.94232708,
ex4_abcg_rundate2021-09-04_ctd4,4,abcg,96,0,0,0,23.94232708,
ex4_abcg_rundate2021-09-04_ctd4,4,abcg,97,0,0,0,25.46773841,
ex4_abcg_rundate2021-09-04_ctd4,4,abcg,98,0,0,0,21.27975893,
ex4_abcg_rundate2021-09-04_ctd4,4,abcg,99,0,0,0,56.46671945,
ex4_abcg_rundate2021-09-04_ctd4,4,abcg,100,0,0,0,63.46018179,
ex4_abcg_rundate2021-09-04_ctd4,4,abcg,101,0,0,0,8.245203931,
ex4_abcg_rundate2021-09-04_ctd4,4,abcg,102,0,0,0,54.30582417,
ex4_abcg_rundate2021-09-04_ctd4,4,abcg,103,0,0,0,23.94232708,
ex4_abcg_rundate2021-09-04_ctd4,4,abcg,104,0,0,0,27.20443652,
ex4_abcg_rundate2021-09-04_ctd4,4,abcg,105,0,0,0,44.44402778,
ex4_abcg_rundate2021-09-04_ctd4,4,abcg,106,0,0,0,20.24520393,
ex4_abcg_rundate2021-09-04_ctd4,4,abcg,107,0,0,0,39.20443652,
ex4_abcg_rundate2021-09-04_ctd4,4,abcg,108,0,0,0,37.53191459,
ex4_abcg_rundate2021-09-04_ctd4,4,abcg,109,1028.333202,312.4040109,157.9196907,76.23975592,223.1457221
ex4_abcg_rundate2021-09-04_ctd4,4,abcg,110,0,0,0,29.07373004,
ex4_abcg_rundate2021-09-04_ctd4,4,abcg,111,0,0,0,17.07373004,
ex4_abcg_rundate2021-09-04_ctd4,4,abcg,112,0,0,0,25.46773841,
ex4_abcg_rundate2021-09-04_ctd4,4,abcg,113,0,0,0,57.46018179,
ex4_abcg_rundate2021-09-04_ctd4,4,abcg,114,0,0,0,9.621779987,
ex4_abcg_rundate2021-09-04_ctd4,4,abcg,115,0,0,0,23.76499377,
ex4_abcg_rundate2021-09-04_ctd4,4,abcg,116,0,0,0,39.20443652,
ex4_abcg_rundate2021-09-04_ctd4,4,abcg,117,0,0,0,37.53191459,
ex4_abcg_rundate2021-09-04_ctd4,4,abcg,118,0,0,0,12.63030335,
ex4_abcg_rundate2021-09-04_ctd4,4,abcg,119,0,0,0,13.05967522,
ex4_abcg_rundate2021-09-04_ctd4,4,abcg,120,0,0,0,29.80302991,
ex4_abcg_rundate2021-09-04_ctd4,4,abcg,121,0,0,0,9.70961287,
ex4_abcg_rundate2021-09-04_ctd4,4,abcg,122,0,0,0,33.54884996,
ex4_abcg_rundate2021-09-04_ctd4,4,abcg,123,0,0,0,6.800324389,
ex4_abcg_rundate2021-09-04_ctd4,4,abcg,124,0,0,0,28.6799275,
ex4_abcg_rundate2021-09-04_ctd4,4,abcg,125,0,0,0,7.49482566,
ex4_abcg_rundate2021-09-04_ctd4,4,abcg,126,0,0,0,18.36332796,
ex4_abcg_rundate2021-09-04_ctd4,4,abcg,127,0,0,0,13.05967522,
ex4_abcg_rundate2021-09-04_ctd4,4,abcg,128,0,0,0,4.679927501,
ex4_abcg_rundate2021-09-04_ctd4,4,abcg,129,0,0,0,5.476895687,
ex4_abcg_rundate2021-09-04_ctd4,4,abcg,130,0,0,0,23.72214025,
ex4_abcg_rundate2021-09-04_ctd4,4,abcg,131,0,0,0,57.16200977,
ex4_abcg_rundate2021-09-04_ctd4,4,abcg,132,0,0,0,63.16200977,
ex4_abcg_rundate2021-09-04_ctd4,4,abcg,133,0,0,0,10.32215408,
ex4_abcg_rundate2021-09-04_ctd4,4,abcg,134,0,0,0,15.05051833,
ex4_abcg_rundate2021-09-04_ctd4,4,abcg,135,0,0,0,27.20443652,
ex4_abcg_rundate2021-09-04_ctd4,4,abcg,136,0,0,0,11.47689569,
ex4_abcg_rundate2021-09-04_ctd4,4,abcg,137,0,0,0,51.46018179,
ex4_abcg_rundate2021-09-04_ctd4,4,abcg,138,0,0,0,39.20443652,
ex4_abcg_rundate2021-09-04_ctd4,4,abcg,139,0,0,0,8.245203931,
ex4_abcg_rundate2021-09-04_ctd4,4,abcg,140,0,0,0,56.13753052,
ex4_abcg_rundate2021-09-04_ctd4,4,abcg,141,0,0,0,4.679927501,
ex4_abcg_rundate2021-09-04_ctd4,4,abcg,142,0,0,0,35.07373004,
ex4_abcg_rundate2021-09-04_ctd4,4,abcg,143,0,0,0,23.94232708,
ex4_abcg_rundate2021-09-04_ctd4,4,abcg,144,0,0,0,27.20443652,
ex4_abcg_rundate2021-09-04_ctd4,4,abcg,145,0,0,0,51.16200977,
ex4_abcg_rundate2021-09-04_ctd4,4,abcg,146,313.997219,0,114.8721029,67.94547078,
ex4_abcg_rundate2021-09-04_ctd4,4,abcg,147,0,0,0,8.245203931,
ex4_abcg_rundate2021-09-04_ctd4,4,abcg,148,0,0,0,14.7038975,
ex4_abcg_rundate2021-09-04_ctd4,4,abcg,149,577.2176728,0,113.5732727,73.18612446,
ex4_abcg_rundate2021-09-04_ctd4,4,abcg,150,0,0,0,23.73675269,
ex4_abcg_rundate2021-09-04_ctd4,4,abcg,151,0,0,0,51.46018179,
ex4_abcg_rundate2021-09-04_ctd4,4,abcg,152,0,0,0,27.20443652,
ex4_abcg_rundate2021-09-04_ctd4,4,abcg,153,0,0,0,33.54884996,
ex4_abcg_rundate2021-09-04_ctd4,4,abcg,154,0,0,0,65.08206564,
ex4_abcg_rundate2021-09-04_ctd4,4,abcg,155,0,0,0,19.26842878,
ex4_abcg_rundate2021-09-04_ctd4,4,abcg,156,0,0,0,12.12779746,
ex4_abcg_rundate2021-09-04_ctd4,4,abcg,157,0,0,0,20.90426507,
ex4_abcg_rundate2021-09-04_ctd4,4,abcg,158,0,0,0,61.31186014,
ex4_abcg_rundate2021-09-04_ctd4,4,abcg,159,0,0,0,12.22280836,
ex4_abcg_rundate2021-09-04_ctd4,4,abcg,160,0,0,0,8.7038975,
ex4_abcg_rundate2021-09-04_ctd4,4,abcg,161,0,0,0,37.53191459,
ex4_abcg_rundate2021-09-04_ctd4,4,abcg,162,0,0,0,29.47689569,
ex4_abcg_rundate2021-09-04_ctd4,4,abcg,163,0,0,0,63.16200977,
ex4_abcg_rundate2021-09-04_ctd4,4,abcg,164,0,0,0,33.82442395,
ex4_abcg_rundate2021-09-04_ctd4,4,abcg,165,0,0,0,17.72214025,
ex4_abcg_rundate2021-09-04_ctd4,4,abcg,166,195.0410947,0,96.36332796,76.23975592,
ex4_abcg_rundate2021-09-04_ctd4,4,abcg,167,0,0,0,20.2799422,
ex4_abcg_rundate2021-09-04_ctd4,4,abcg,168,0,0,0,39.46018179,
ex4_abcg_rundate2021-09-04_ctd4,4,abcg,169,294.5100077,0,101.794533,54.30582417,
ex4_abcg_rundate2021-09-04_ctd4,4,abcg,170,0,0,0,31.46773841,
ex4_abcg_rundate2021-09-04_ctd4,4,abcg,171,0,0,0,29.94232708,
ex4_abcg_rundate2021-09-04_ctd4,4,abcg,172,0,0,0,20.19891362,
ex4_abcg_rundate2021-09-04_ctd4,4,abcg,173,0,0,0,6.86057705,
ex4_abcg_rundate2021-09-04_ctd4,4,abcg,174,633.093091,633.093091,182.6990009,38.99923149,452.2093507
ex4_abcg_rundate2021-09-04_ctd4,4,abcg,175,714.2717591,0,133.2684288,54.30582417,
ex4_abcg_rundate2021-09-04_ctd4,4,abcg,176,0,0,0,42.09206979,
ex4_abcg_rundate2021-09-04_ctd4,4,abcg,177,0,0,0,9.621779987,
ex4_abcg_rundate2021-09-04_ctd4,4,abcg,178,0,0,0,64.23975592,
ex4_abcg_rundate2021-09-04_ctd4,4,abcg,179,0,0,0,56.83286764,
ex4_abcg_rundate2021-09-04_ctd4,4,abcg,180,0,0,0,43.18612446,
ex4_abcg_rundate2021-09-04_ctd4,4,abcg,181,0,0,0,40.23975592,
ex4_abcg_rundate2021-09-04_ctd4,4,abcg,182,0,0,0,19.31186014,
ex4_abcg_rundate2021-09-04_ctd4,4,abcg,183,0,0,0,26.19891362,
ex4_abcg_rundate2021-09-04_ctd4,4,abcg,184,0,0,0,61.31186014,
ex4_abcg_rundate2021-09-04_ctd4,4,abcg,185,0,0,0,67.31186014,
ex4_abcg_rundate2021-09-04_ctd4,4,abcg,186,0,0,0,10.5722728,
ex4_abcg_rundate2021-09-04_ctd4,4,abcg,187,430.4213985,0,103.7196192,55.71961917,
ex4_abcg_rundate2021-09-04_ctd4,4,abcg,188,0,0,0,56.2799422,
ex4_abcg_rundate2021-09-04_ctd4,4,abcg,189,0,0,0,45.16200977,
ex4_abcg_rundate2021-09-04_ctd4,4,abcg,190,0,0,0,20.00131328,
ex4_abcg_rundate2021-09-04_ctd4,4,abcg,191,0,0,0,8.245203931,
ex4_abcg_rundate2021-09-04_ctd4,4,abcg,192,0,0,0,37.97987556,
ex4_abcg_rundate2021-09-04_ctd4,4,abcg,193,0,0,0,23.72214025,
ex4_abcg_rundate2021-09-04_ctd4,4,abcg,194,0,0,0,6.800324389,
ex4_abcg_rundate2021-09-04_ctd4,4,abcg,195,0,0,0,17.07373004,
ex4_abcg_rundate2021-09-04_ctd4,4,abcg,196,413.8339893,413.8339893,157.8519085,29.11685269,295.5957067
ex4_abcg_rundate2021-09-04_ctd4,4,abcg,197,556.2941305,0,98.46671945,55.31186014,
ex4_abcg_rundate2021-09-04_ctd4,4,abcg,198,0,0,0,17.94232708,
ex4_abcg_rundate2021-09-04_ctd4,4,abcg,199,0,0,0,14.7038975,
ex4_abcg_rundate2021-09-04_ctd4,4,abcg,200,1020.533858,781.4648201,156.7012449,76.23172685,558.1891572
ex4_abcg_rundate2021-09-04_ctd4,4,abcg,201,833.1450272,633.093091,170.6990009,62.99923149,452.2093507
ex4_abcg_rundate2021-09-04_ctd4,4,abcg,202,0,0,0,41.07373004,
ex4_abcg_rundate2021-09-04_ctd4,4,abcg,203,0,0,0,23.72214025,
ex4_abcg_rundate2021-09-04_ctd4,4,abcg,204,0,0,0,5.794532967,
ex4_abcg_rundate2021-09-04_ctd4,4,abcg,205,0,0,0,46.30953611,
ex4_abcg_rundate2021-09-04_ctd4,4,abcg,206,0,0,0,31.46773841,
ex4_abcg_rundate2021-09-04_ctd4,4,abcg,207,0,0,0,57.46018179,
ex4_abcg_rundate2021-09-04_ctd4,4,abcg,208,0,0,0,29.58862278,
ex4_abcg_rundate2021-09-04_ctd4,4,abcg,209,0,0,0,32.18768339,
ex4_abcg_rundate2021-09-04_ctd4,4,abcg,210,0,0,0,32.44402778,
ex4_abcg_rundate2021-09-04_ctd4,4,abcg,211,0,0,0,23.72214025,
ex4_abcg_rundate2021-09-04_ctd4,4,abcg,212,0,0,0,29.80302991,
ex4_abcg_rundate2021-09-04_ctd4,4,abcg,213,920.8279421,154.4957695,130.5934332,66.78653828,110.354121
ex4_abcg_rundate2021-09-04_ctd4,4,abcg,214,0,0,0,14.24520393,
ex4_abcg_rundate2021-09-04_ctd4,4,abcg,215,0,0,0,6.800324389,
ex4_abcg_rundate2021-09-04_ctd4,4,abcg,216,0,0,0,61.18612446,
ex4_abcg_rundate2021-09-04_ctd4,4,abcg,217,215.7284819,0,87.16200977,63.16200977,
ex4_abcg_rundate2021-09-04_ctd4,4,abcg,218,0,0,0,28.78122497,
ex4_abcg_rundate2021-09-04_ctd4,4,abcg,219,0,0,0,28.78122497,
ex4_abcg_rundate2021-09-04_ctd4,4,abcg,220,0,0,0,35.07373004,
ex4_abcg_rundate2021-09-04_ctd4,4,abcg,221,0,0,0,7.49482566,
ex4_abcg_rundate2021-09-04_ctd4,4,abcg,222,0,0,0,25.31186014,
ex4_abcg_rundate2021-09-04_ctd4,4,abcg,223,0,0,0,31.96182667,
ex4_abcg_rundate2021-09-04_ctd4,4,abcg,224,0,0,0,20.24520393,
ex4_abcg_rundate2021-09-04_ctd4,4,abcg,225,0,0,0,52.48611722,
ex4_abcg_rundate2021-09-04_ctd4,4,abcg,226,240.8789548,0,78.63030335,65.08206564,
ex4_abcg_rundate2021-09-04_ctd4,4,abcg,227,835.6531512,0,101.0820656,77.08206564,
ex4_abcg_rundate2021-09-04_ctd4,4,abcg,228,376.3829865,0,88.55356268,74.18768339,
ex4_abcg_rundate2021-09-04_ctd4,4,abcg,229,0,0,0,39.20443652,
ex4_abcg_rundate2021-09-04_ctd4,4,abcg,230,215.7284819,0,81.16200977,57.16200977,
ex4_abcg_rundate2021-09-04_ctd4,4,abcg,231,0,0,0,24.42,
ex4_abcg_rundate2021-09-04_ctd4,4,abcg,232,0,0,0,29.80302991,
ex4_abcg_rundate2021-09-04_ctd4,4,abcg,233,0,0,0,17.80302991,
ex4_abcg_rundate2021-09-04_ctd4,4,abcg,234,0,0,0,29.72214025,
ex4_abcg_rundate2021-09-04_ctd4,4,abcg,235,0,0,0,29.72214025,
ex4_abcg_rundate2021-09-04_ctd4,4,abcg,236,0,0,0,33.20443652,
ex4_abcg_rundate2021-09-04_ctd4,4,abcg,237,0,0,0,44.00131328,
ex4_abcg_rundate2021-09-04_ctd4,4,abcg,238,0,0,0,51.46018179,
ex4_abcg_rundate2021-09-04_ctd4,4,abcg,239,0,0,0,39.46018179,
ex4_abcg_rundate2021-09-04_ctd4,4,abcg,240,0,0,0,21.05051833,
ex4_abcg_rundate2021-09-04_ctd4,4,abcg,241,0,0,0,43.97987556,
ex4_abcg_rundate2021-09-04_ctd4,4,abcg,242,1726.790495,1726.790495,220.310303,81.77715618,1233.421782
ex4_abcg_rundate2021-09-04_ctd4,4,abcg,243,818.2708144,0,105.2974548,44.44402778,
ex4_abcg_rundate2021-09-04_ctd4,4,abcg,244,424.8630201,0,92.17966187,52.23172685,
ex4_abcg_rundate2021-09-04_ctd4,4,abcg,245,617.3459193,617.3459193,146.2224998,54.78653828,440.9613709
ex4_abcg_rundate2021-09-04_ctd4,4,abcg,246,0,0,0,32.13753052,
ex4_abcg_rundate2021-09-04_ctd4,4,abcg,247,907.0160177,0,119.5172688,49.21165365,
ex4_abcg_rundate2021-09-04_ctd4,4,abcg,248,509.4376945,0,93.16200977,69.16200977,
ex4_abcg_rundate2021-09-04_ctd4,4,abcg,249,0,0,0,57.16200977,
ex4_abcg_rundate2021-09-04_ctd4,4,abcg,250,0,0,0,14.24520393,
ex4_abcg_rundate2021-09-04_ctd4,4,abcg,251,293.7092126,0,80.2799422,50.2799422,
ex4_abcg_rundate2021-09-04_ctd4,4,abcg,252,0,0,0,27.20443652,
ex4_abcg_rundate2021-09-04_ctd4,4,abcg,253,0,0,0,39.16200977,
ex4_abcg_rundate2021-09-04_ctd4,4,abcg,254,0,0,0,6.51723128,
ex4_abcg_rundate2021-09-04_ctd4,4,abcg,255,0,0,0,37.53191459,
ex4_abcg_rundate2021-09-04_ctd4,4,abcg,256,0,0,0,48.09206979,
ex4_abcg_rundate2021-09-04_ctd4,4,abcg,257,0,0,0,15.05051833,
ex4_abcg_rundate2021-09-04_ctd4,4,abcg,258,0,0,0,23.02906907,
ex4_abcg_rundate2021-09-04_ctd4,4,abcg,259,0,0,0,31.46773841,
ex4_abcg_rundate2021-09-04_ctd4,4,abcg,260,0,0,0,15.05051833,
ex4_abcg_rundate2021-09-04_ctd4,4,abcg,261,0,0,0,8.068437771,
ex4_abcg_rundate2021-09-04_ctd4,4,abcg,262,0,0,0,29.94232708,
ex4_abcg_rundate2021-09-04_ctd4,4,abcg,263,0,0,0,29.58862278,
ex4_abcg_rundate2021-09-04_ctd4,4,abcg,264,0,0,0,8.877460834,
ex4_abcg_rundate2021-09-04_ctd4,4,abcg,265,0,0,0,8.198913615,
ex4_abcg_rundate2021-09-04_ctd4,4,abcg,266,509.4376945,0,87.16200977,63.16200977,
ex4_abcg_rundate2021-09-04_ctd4,4,abcg,267,0,0,0,39.20443652,
ex4_abcg_rundate2021-09-04_ctd4,4,abcg,268,0,0,0,11.72214025,
ex4_abcg_rundate2021-09-04_ctd4,4,abcg,269,972.3466277,0,113.794533,54.30582417,
ex4_abcg_rundate2021-09-04_ctd4,4,abcg,270,889.8375856,0,113.1317826,56.13753052,
ex4_abcg_rundate2021-09-04_ctd4,4,abcg,271,179.1391905,0,73.18612446,67.18612446,
ex4_abcg_rundate2021-09-04_ctd4,4,abcg,272,0,0,0,13.9278441,
ex4_abcg_rundate2021-09-04_ctd4,4,abcg,273,215.7284819,0,75.16200977,63.16200977,
ex4_abcg_rundate2021-09-04_ctd4,4,abcg,274,0,0,0,23.39329694,
ex4_abcg_rundate2021-09-04_ctd4,4,abcg,275,0,0,0,9.20443652,
ex4_abcg_rundate2021-09-04_ctd4,4,abcg,276,541.5642427,0,81.46018179,57.46018179,
ex4_abcg_rundate2021-09-04_ctd4,4,abcg,277,0,0,0,8.7038975,
ex4_abcg_rundate2021-09-04_ctd4,4,abcg,278,0,0,0,8.187683389,
ex4_abcg_rundate2021-09-04_ctd4,4,abcg,279,0,0,0,7.75369283,
ex4_abcg_rundate2021-09-04_ctd4,4,abcg,280,0,0,0,10.14914187,
ex4_abcg_rundate2021-09-04_ctd4,4,abcg,281,984.8210323,870.8751793,168.2990009,62.99923149,622.0536995
ex4_abcg_rundate2021-09-04_ctd4,4,abcg,282,0,0,0,41.72214025,
ex4_abcg_rundate2021-09-04_ctd4,4,abcg,283,0,0,0,24.80032439,
ex4_abcg_rundate2021-09-04_ctd4,4,abcg,284,0,0,0,7.75369283,
ex4_abcg_rundate2021-09-04_ctd4,4,abcg,285,0,0,0,41.02906907,
ex4_abcg_rundate2021-09-04_ctd4,4,abcg,286,0,0,0,11.72214025,
ex4_abcg_rundate2021-09-04_ctd4,4,abcg,287,0,0,0,29.80302991,
ex4_abcg_rundate2021-09-04_ctd4,4,abcg,288,835.6531512,0,89.08206563,67.67460528,
ex4_abcg_rundate2021-09-04_ctd4,4,abcg,289,413.8339893,413.8339893,141.9745589,30.74966073,295.5957067
ex4_abcg_rundate2021-09-04_ctd4,4,abcg,290,0,0,0,10.5722728,
ex4_abcg_rundate2021-09-04_ctd4,4,abcg,291,0,0,0,4.553562676,
ex4_abcg_rundate2021-09-04_ctd4,4,abcg,292,0,0,0,17.94232708,
ex4_abcg_rundate2021-09-04_ctd4,4,abcg,293,0,0,0,37.97987556,
ex4_abcg_rundate2021-09-04_ctd4,4,abcg,294,472.8484031,0,79.18612446,73.18612446,
ex4_abcg_rundate2021-09-04_ctd4,4,abcg,295,0,0,0,39.46018179,
ex4_abcg_rundate2021-09-04_ctd4,4,abcg,296,0,0,0,6.570260496,
ex4_abcg_rundate2021-09-04_ctd4,4,abcg,297,0,0,0,19.61238484,
ex4_abcg_rundate2021-09-04_ctd4,4,abcg,298,0,0,0,7.710116202,
ex4_abcg_rundate2021-09-04_ctd4,4,abcg,299,0,0,0,6.570260496,
ex4_abcg_rundate2021-09-04_ctd4,4,abcg,300,0,0,0,6.51723128,
ex4_abcg_rundate2021-09-04_ctd4,4,abcg,301,675.010197,0,105.5921269,52.23172685,
ex4_abcg_rundate2021-09-04_ctd4,4,abcg,302,417.3540729,0,74.63717855,43.97987556,
ex4_abcg_rundate2021-09-04_ctd4,4,abcg,303,541.5642427,0,75.46018179,63.46018179,
ex4_abcg_rundate2021-09-04_ctd4,4,abcg,304,0,0,0,19.31186014,
ex4_abcg_rundate2021-09-04_ctd4,4,abcg,305,0,0,0,8.245203931,
ex4_abcg_rundate2021-09-04_ctd4,4,abcg,306,846.083065,0,85.31186014,67.31186014,
ex4_abcg_rundate2021-09-04_ctd4,4,abcg,307,0,0,0,4.679927501,
ex4_abcg_rundate2021-09-04_ctd4,4,abcg,308,0,0,0,18.80032439,
ex4_abcg_rundate2021-09-04_ctd4,4,abcg,309,1038.728499,0,95.08206563,77.08206564,
ex4_abcg_rundate2021-09-04_ctd4,4,abcg,310,0,0,0,27.05051833,
ex4_abcg_rundate2021-09-04_ctd4,4,abcg,311,0,0,0,27.20443652,
ex4_abcg_rundate2021-09-04_ctd4,4,abcg,312,0,0,0,23.80302991,
ex4_abcg_rundate2021-09-04_ctd4,4,abcg,313,0,0,0,23.94232708,
ex4_abcg_rundate2021-09-04_ctd4,4,abcg,314,0,0,0,29.94232708,
ex4_abcg_rundate2021-09-04_ctd4,4,abcg,315,0,0,0,12.63030335,
ex4_abcg_rundate2021-09-04_ctd4,4,abcg,316,413.8339893,413.8339893,135.9745589,30.74966073,295.5957067
ex4_abcg_rundate2021-09-04_ctd4,4,abcg,317,0,0,0,7.710116202,
ex4_abcg_rundate2021-09-04_ctd4,4,abcg,318,0,0,0,37.97987556,
ex4_abcg_rundate2021-09-04_ctd4,4,abcg,319,818.2708144,0,99.2974548,44.44402778,
ex4_abcg_rundate2021-09-04_ctd4,4,abcg,320,0,0,0,23.08206564,
ex4_abcg_rundate2021-09-04_ctd4,4,abcg,321,0,0,0,23.39329694,
ex4_abcg_rundate2021-09-04_ctd4,4,abcg,322,0,0,0,8.7038975,
ex4_abcg_rundate2021-09-04_ctd4,4,abcg,323,0,0,0,28.78122497,
ex4_abcg_rundate2021-09-04_ctd4,4,abcg,324,0,0,0,43.18612446,
ex4_abcg_rundate2021-09-04_ctd4,4,abcg,325,692.5201678,0,75.06923682,56.83286764,
ex4_abcg_rundate2021-09-04_ctd4,4,abcg,326,223.1457221,0,60.09206979,42.09206979,
ex4_abcg_rundate2021-09-04_ctd4,4,abcg,327,0,0,0,7.611883319,
ex4_abcg_rundate2021-09-04_ctd4,4,abcg,328,0,0,0,20.83286764,
ex4_abcg_rundate2021-09-04_ctd4,4,abcg,329,271.7612976,271.7612976,112.6224998,24.78653828,194.1152126
ex4_abcg_rundate2021-09-04_ctd4,4,abcg,330,0,0,0,27.20443652,
ex4_abcg_rundate2021-09-04_ctd4,4,abcg,331,0,0,0,24.42,
ex4_abcg_rundate2021-09-04_ctd4,4,abcg,332,461.2318225,0,72.63030335,65.08206564,
ex4_abcg_rundate2021-09-04_ctd4,4,abcg,333,390.6724941,0,73.03207959,35.76499377,
ex4_abcg_rundate2021-09-04_ctd4,4,abcg,334,255.3379787,0,61.46773841,43.46773841,
ex4_abcg_rundate2021-09-04_ctd4,4,abcg,335,135.3026374,0,52.6799275,28.6799275,
ex4_abcg_rundate2021-09-04_ctd4,4,abcg,336,0,0,0,20.2799422,
ex4_abcg_rundate2021-09-04_ctd4,4,abcg,337,0,0,0,11.53751889,
ex4_abcg_rundate2021-09-04_ctd4,4,abcg,338,230.5080549,0,57.20443652,39.20443652,
ex4_abcg_rundate2021-09-04_ctd4,4,abcg,339,2043.233018,1325.633382,156.2990009,92.99923149,946.8809875
ex4_abcg_rundate2021-09-04_ctd4,4,abcg,340,0,0,0,34.6799275,
ex4_abcg_rundate2021-09-04_ctd4,4,abcg,341,542.6543174,0,67.46773841,49.46773841,
ex4_abcg_rundate2021-09-04_ctd4,4,abcg,342,0,0,0,11.10251669,
ex4_abcg_rundate2021-09-04_ctd4,4,abcg,343,0,0,0,23.94232708,
ex4_abcg_rundate2021-09-04_ctd4,4,abcg,344,0,0,0,11.47689569,
ex4_abcg_rundate2021-09-04_ctd4,4,abcg,345,0,0,0,23.66783867,
ex4_abcg_rundate2021-09-04_ctd4,4,abcg,346,0,0,0,20.89976935,
ex4_abcg_rundate2021-09-04_ctd4,4,abcg,347,217.8048252,0,56.22046465,34.23172685,
ex4_abcg_rundate2021-09-04_ctd4,4,abcg,348,1005.791211,345.5846217,98.47240066,48.51723128,246.8461583
ex4_abcg_rundate2021-09-04_ctd4,4,abcg,349,0,0,0,31.46773841,
ex4_abcg_rundate2021-09-04_ctd4,4,abcg,350,0,0,0,39.20443652,
ex4_abcg_rundate2021-09-04_ctd4,4,abcg,351,176.1315296,0,53.65012187,37.53191459,
ex4_abcg_rundate2021-09-04_ctd4,4,abcg,352,0,0,0,29.58862278,
ex4_abcg_rundate2021-09-04_ctd4,4,abcg,353,0,0,0,19.09333885,
ex4_abcg_rundate2021-09-04_ctd4,4,abcg,354,0,0,0,8.245203931,
ex4_abcg_rundate2021-09-04_ctd4,4,abcg,355,223.1457221,0,54.09206979,48.09206979,
ex4_abcg_rundate2021-09-04_ctd4,4,abcg,356,675.9237505,0,79.18612446,61.18612446,
ex4_abcg_rundate2021-09-04_ctd4,4,abcg,357,0,0,0,6.594898214,
ex4_abcg_rundate2021-09-04_ctd4,4,abcg,358,0,0,0,6.800324389,
ex4_abcg_rundate2021-09-04_ctd4,4,abcg,359,0,0,0,32.13753052,
ex4_abcg_rundate2021-09-04_ctd4,4,abcg,360,0,0,0,25.46773841,
ex4_abcg_rundate2021-09-04_ctd4,4,abcg,361,271.4091971,0,56.46671945,44.46671945,
ex4_abcg_rundate2021-09-04_ctd4,4,abcg,362,0,0,0,7.146470262,
ex4_abcg_rundate2021-09-04_ctd4,4,abcg,363,0,0,0,32.13753052,
ex4_abcg_rundate2021-09-04_ctd4,4,abcg,364,0,0,0,12.63030335,
ex4_abcg_rundate2021-09-04_ctd4,4,abcg,365,722.4864939,0,82.78122497,55.71961917,
ex4_abcg_rundate2021-09-04_ctd4,4,abcg,366,0,0,0,17.33178681,
ex4_abcg_rundate2021-09-04_ctd4,4,abcg,367,0,0,0,17.07373004,
ex4_abcg_rundate2021-09-04_ctd4,4,abcg,368,1124.585768,0,89.76499377,38.58416597,
ex4_abcg_rundate2021-09-04_ctd4,4,abcg,369,675.9237505,0,85.18612446,61.18612446,
ex4_abcg_rundate2021-09-04_ctd4,4,abcg,370,0,0,0,23.94232708,
ex4_abcg_rundate2021-09-04_ctd4,4,abcg,371,0,0,0,29.72214025,
ex4_abcg_rundate2021-09-04_ctd4,4,abcg,372,0,0,0,9.20443652,
ex4_abcg_rundate2021-09-04_ctd4,4,abcg,373,428.6621722,0,60.09206979,48.09206979,
ex4_abcg_rundate2021-09-04_ctd4,4,abcg,374,0,0,0,15.13462963,
ex4_abcg_rundate2021-09-04_ctd4,4,abcg,375,2016.785575,2016.785575,205.613505,93.54884996,1440.561125
ex4_abcg_rundate2021-09-04_ctd4,4,abcg,376,0,0,0,26.19891362,
ex4_abcg_rundate2021-09-04_ctd4,4,abcg,377,1042.905856,0,85.18612446,61.18612446,
ex4_abcg_rundate2021-09-04_ctd4,4,abcg,378,0,0,0,15.25619282,
ex4_abcg_rundate2021-09-04_ctd4,4,abcg,379,0,0,0,17.07373004,
ex4_abcg_rundate2021-09-04_ctd4,4,abcg,380,0,0,0,10.14914187,
ex4_abcg_rundate2021-09-04_ctd4,4,abcg,381,0,0,0,26.40658722,
ex4_abcg_rundate2021-09-04_ctd4,4,abcg,382,0,0,0,26.19891362,
ex4_abcg_rundate2021-09-04_ctd4,4,abcg,383,472.6094424,0,68.62009215,44.62009215,
ex4_abcg_rundate2021-09-04_ctd4,4,abcg,384,0,0,0,6.800324389,
ex4_abcg_rundate2021-09-04_ctd4,4,abcg,385,0,0,0,20.44402778,
ex4_abcg_rundate2021-09-04_ctd4,4,abcg,386,0,0,0,8.245203931,
ex4_abcg_rundate2021-09-04_ctd4,4,abcg,387,0,0,0,21.05051833,
ex4_abcg_rundate2021-09-04_ctd4,4,abcg,388,0,0,0,8.245203931,
ex4_abcg_rundate2021-09-04_ctd4,4,abcg,389,0,0,0,7.974811415,
ex4_abcg_rundate2021-09-04_ctd4,4,abcg,390,199.1017385,0,42.35368524,30.35368524,
ex4_abcg_rundate2021-09-04_ctd4,4,abcg,391,572.8428046,0,53.54627873,41.02906907,
ex4_abcg_rundate2021-09-04_ctd4,4,abcg,392,1738.749504,1391.920992,119.8439884,68.18768339,994.2292802
ex4_abcg_rundate2021-09-04_ctd4,4,abcg,393,0,0,0,7.49482566,
ex4_abcg_rundate2021-09-04_ctd4,4,abcg,394,0,0,0,14.24520393,
ex4_abcg_rundate2021-09-04_ctd4,4,abcg,395,1218.590401,994.6933861,125.8224998,54.78653828,710.4952758
ex4_abcg_rundate2021-09-04_ctd4,4,abcg,396,1079.495148,0,81.16200977,63.16200977,
ex4_abcg_rundate2021-09-04_ctd4,4,abcg,397,0,0,0,17.02906907,
ex4_abcg_rundate2021-09-04_ctd4,4,abcg,398,1334.334958,250.7948667,87.34196179,61.18612446,179.1391905
ex4_abcg_rundate2021-09-04_ctd4,4,abcg,399,0,0,0,7.49482566,
ex4_abcg_rundate2021-09-04_ctd4,4,abcg,400,0,0,0,6.800324389,
ex4_abcg_rundate2021-09-04_ctd4,4,abcg,401,1647.978343,778.6751919,104.0193944,67.67460528,556.1965656
ex4_abcg_rundate2021-09-04_ctd4,4,abcg,402,1546.64179,379.3728088,82.64398841,74.18768339,270.9805777
ex4_abcg_rundate2021-09-04_ctd4,4,abcg,403,0,0,0,8.877460834,
ex4_abcg_rundate2021-09-04_ctd4,4,abcg,404,570.0574532,0,53.28421804,47.28421804,
ex4_abcg_rundate2021-09-04_ctd4,4,abcg,405,0,0,0,8.245203931,
ex4_abcg_rundate2021-09-04_ctd4,4,abcg,406,1329.322475,298.4741858,81.44895741,54.30582417,213.195847
ex4_abcg_rundate2021-09-04_ctd4,4,abcg,407,509.4376945,0,51.16200977,45.16200977,
ex4_abcg_rundate2021-09-04_ctd4,4,abcg,408,0,0,0,5.650121865,
ex4_abcg_rundate2021-09-04_ctd4,4,abcg,409,0,0,0,14.7038975,
ex4_abcg_rundate2021-09-04_ctd4,4,abcg,410,541.5642427,0,51.46018179,39.46018179,
ex4_abcg_rundate2021-09-04_ctd4,4,abcg,411,1165.786731,302.0198747,83.9106127,63.16200977,215.7284819
ex4_abcg_rundate2021-09-04_ctd4,4,abcg,412,0,0,0,7.710116202,
ex4_abcg_rundate2021-09-04_ctd4,4,abcg,413,1160.436119,245.1167878,82.03550492,55.71961917,175.0834198
ex4_abcg_rundate2021-09-04_ctd4,4,abcg,414,635.6050861,0,74.08753047,48.26666667,
ex4_abcg_rundate2021-09-04_ctd4,4,abcg,415,0,0,0,20.90426507,
ex4_abcg_rundate2021-09-04_ctd4,4,abcg,416,0,0,0,5.476895687,
ex4_abcg_rundate2021-09-04_ctd4,4,abcg,417,1334.9144,250.7948667,81.34196179,73.18612446,179.1391905
ex4_abcg_rundate2021-09-04_ctd4,4,abcg,418,0,0,0,8.198913615,
ex4_abcg_rundate2021-09-04_ctd4,4,abcg,419,379.2068771,0,47.65012186,37.53191459,
ex4_abcg_rundate2021-09-04_ctd4,4,abcg,420,1177.123272,372.3777755,84.08669124,44.44402778,265.9841254
ex4_abcg_rundate2021-09-04_ctd4,4,abcg,421,1165.78654,302.0198747,83.9106127,69.16200977,215.7284819
ex4_abcg_rundate2021-09-04_ctd4,4,abcg,422,856.7724638,0,76.58152186,34.58152186,
ex4_abcg_rundate2021-09-04_ctd4,4,abcg,423,422.618976,0,40.6799275,28.6799275,
ex4_abcg_rundate2021-09-04_ctd4,4,abcg,424,451.1163339,0,44.24520393,31.96182667,
ex4_abcg_rundate2021-09-04_ctd4,4,abcg,425,413.8339893,413.8339893,105.9745589,30.74966073,295.5957067
ex4_abcg_rundate2021-09-04_ctd4,4,abcg,426,0,0,0,7.318511948,
ex4_abcg_rundate2021-09-04_ctd4,4,abcg,427,854.4330531,0,68.53823528,52.78122497,
ex4_abcg_rundate2021-09-04_ctd4,4,abcg,428,1389.690905,200.3861768,72.60668533,65.08206564,143.1329834
ex4_abcg_rundate2021-09-04_ctd4,4,abcg,429,0,0,0,7.49482566,
ex4_abcg_rundate2021-09-04_ctd4,4,abcg,430,1783.902116,661.9877643,90.94196179,61.18612446,472.8484031
ex4_abcg_rundate2021-09-04_ctd4,4,abcg,431,672.9160897,0,53.65012186,37.53191459,
ex4_abcg_rundate2021-09-04_ctd4,4,abcg,432,195.1113804,0,29.58644162,23.58644162,
ex4_abcg_rundate2021-09-04_ctd4,4,abcg,433,0,0,0,8.15627938,
ex4_abcg_rundate2021-09-04_ctd4,4,abcg,434,2908.483423,2908.483423,221.3987746,119.5375189,2077.48816
ex4_abcg_rundate2021-09-04_ctd4,4,abcg,435,158.6159559,0,27.97985563,20.87746083,
ex4_abcg_rundate2021-09-04_ctd4,4,abcg,436,190.8505761,0,29.54671844,14.83286764,
ex4_abcg_rundate2021-09-04_ctd4,4,abcg,437,1150.854479,0,71.53751889,59.53751889,
ex4_abcg_rundate2021-09-04_ctd4,4,abcg,438,0,0,0,7.467738413,
ex4_abcg_rundate2021-09-04_ctd4,4,abcg,439,795.5436624,0,54.22280836,41.80302991,
ex4_abcg_rundate2021-09-04_ctd4,4,abcg,440,917.7119109,0,66.57332787,30.35368524,
ex4_abcg_rundate2021-09-04_ctd4,4,abcg,441,1288.723362,131.6728838,68.84398841,59.53751889,94.05205987
ex4_abcg_rundate2021-09-04_ctd4,4,abcg,442,610.6440523,0,43.31851195,29.94232708,
ex4_abcg_rundate2021-09-04_ctd4,4,abcg,443,1809.456753,932.7707283,106.6489574,54.30582417,666.2648059
ex4_abcg_rundate2021-09-04_ctd4,4,abcg,444,0,0,0,7.611883319,
ex4_abcg_rundate2021-09-04_ctd4,4,abcg,445,1791.04229,968.6005553,132.2990009,98.99923149,691.8575395
ex4_abcg_rundate2021-09-04_ctd4,4,abcg,446,822.4417347,0,57.46018179,45.46018179,
ex4_abcg_rundate2021-09-04_ctd4,4,abcg,447,0,0,0,7.318511948,
ex4_abcg_rundate2021-09-04_ctd4,4,abcg,448,334.3316596,0,32.87746083,20.87746083,
ex4_abcg_rundate2021-09-04_ctd4,4,abcg,449,1446.598639,363.0585475,75.50541818,61.31186014,259.3275339
ex4_abcg_rundate2021-09-04_ctd4,4,abcg,450,1093.850932,0,69.46018179,51.46018179,
ex4_abcg_rundate2021-09-04_ctd4,4,abcg,451,761.0791326,0,53.72214025,29.72214025,
ex4_abcg_rundate2021-09-04_ctd4,4,abcg,452,1734.932459,968.6005553,132.2990009,92.99923149,691.8575395
ex4_abcg_rundate2021-09-04_ctd4,4,abcg,453,0,0,0,7.710116202,
ex4_abcg_rundate2021-09-04_ctd4,4,abcg,454,0,0,0,8.245203931,
ex4_abcg_rundate2021-09-04_ctd4,4,abcg,455,1726.790495,1726.790495,172.310303,81.77715618,1233.421782
ex4_abcg_rundate2021-09-04_ctd4,4,abcg,456,822.4417347,0,57.46018179,45.46018179,
ex4_abcg_rundate2021-09-04_ctd4,4,abcg,457,1385.559966,302.0198747,77.9106127,63.16200977,215.7284819
ex4_abcg_rundate2021-09-04_ctd4,4,abcg,458,739.5208306,0,47.54627873,35.02906907,
ex4_abcg_rundate2021-09-04_ctd4,4,abcg,459,1189.304728,0,69.06923682,56.83286764,
ex4_abcg_rundate2021-09-04_ctd4,4,abcg,460,0,0,0,11.72214025,
ex4_abcg_rundate2021-09-04_ctd4,4,abcg,461,633.093091,633.093091,116.6990009,38.99923149,452.2093507
ex4_abcg_rundate2021-09-04_ctd4,4,abcg,462,1745.672348,661.6202971,93.07007061,74.18768339,472.5859265
ex4_abcg_rundate2021-09-04_ctd4,4,abcg,463,1257.003162,312.4040109,73.91969072,48.09206979,223.1457221
ex4_abcg_rundate2021-09-04_ctd4,4,abcg,464,1209.04351,379.9728759,77.00673529,43.31186014,271.4091971
ex4_abcg_rundate2021-09-04_ctd4,4,abcg,465,542.6543174,0,43.46773841,31.46773841,
ex4_abcg_rundate2021-09-04_ctd4,4,abcg,466,377.3568457,0,35.72214025,23.72214025,
ex4_abcg_rundate2021-09-04_ctd4,4,abcg,467,1592.361882,559.1781018,91.04895741,54.30582417,399.4129299
ex4_abcg_rundate2021-09-04_ctd4,4,abcg,468,0,0,0,6.800324389,
ex4_abcg_rundate2021-09-04_ctd4,4,abcg,469,1880.369701,947.5738452,106.6489574,54.30582417,676.8384609
ex4_abcg_rundate2021-09-04_ctd4,4,abcg,470,293.7092126,0,32.19891362,20.19891362,
ex4_abcg_rundate2021-09-04_ctd4,4,abcg,471,0,0,0,12.98912993,
ex4_abcg_rundate2021-09-04_ctd4,4,abcg,472,1801.888099,946.2932507,106.5419618,73.18612446,675.9237505
ex4_abcg_rundate2021-09-04_ctd4,4,abcg,473,854.4330531,0,68.53823528,52.78122497,
ex4_abcg_rundate2021-09-04_ctd4,4,abcg,474,525.5361028,0,43.04443728,29.72214025,
ex4_abcg_rundate2021-09-04_ctd4,4,abcg,475,0,0,0,9.824423945,
ex4_abcg_rundate2021-09-04_ctd4,4,abcg,476,1668.031742,845.5900069,96.59877456,71.53751889,603.9928621
ex4_abcg_rundate2021-09-04_ctd4,4,abcg,477,1263.326505,976.010166,126.2990009,62.99923149,697.1501185
ex4_abcg_rundate2021-09-04_ctd4,4,abcg,478,1588.420367,1131.549168,99.11969072,48.09206979,808.2494057
ex4_abcg_rundate2021-09-04_ctd4,4,abcg,479,0,0,0,6.594898214,
ex4_abcg_rundate2021-09-04_ctd4,4,abcg,480,1263.326505,976.010166,126.2990009,62.99923149,697.1501185
ex4_abcg_rundate2021-09-04_ctd4,4,abcg,481,0,0,0,5.736752688,
ex4_abcg_rundate2021-09-04_ctd4,4,abcg,482,413.8339893,413.8339893,97.8519085,29.11685269,295.5957067
ex4_abcg_rundate2021-09-04_ctd4,4,abcg,483,366.9821057,0,29.76499377,23.76499377,
ex4_abcg_rundate2021-09-04_ctd4,4,abcg,484,456.7473264,0,29.94232708,23.94232708,
ex4_abcg_rundate2021-09-04_ctd4,4,abcg,485,1582.763066,661.9877643,84.94196179,49.18612446,472.8484031
ex4_abcg_rundate2021-09-04_ctd4,4,abcg,486,0,0,0,4.890789337,
ex4_abcg_rundate2021-09-04_ctd4,4,abcg,487,418.7493739,0,36.35368524,30.35368524,
ex4_abcg_rundate2021-09-04_ctd4,4,abcg,488,915.3191413,0,49.46773841,43.46773841,
ex4_abcg_rundate2021-09-04_ctd4,4,abcg,489,143.1329834,0,22.15295621,14.06843777,
ex4_abcg_rundate2021-09-04_ctd4,4,abcg,490,1446.598639,363.0585475,69.50541818,61.31186014,259.3275339
ex4_abcg_rundate2021-09-04_ctd4,4,abcg,491,1644.801815,870.8751793,126.2990009,62.99923149,622.0536995
ex4_abcg_rundate2021-09-04_ctd4,4,abcg,492,1385.559966,302.0198747,71.9106127,63.16200977,215.7284819
ex4_abcg_rundate2021-09-04_ctd4,4,abcg,493,1899.364008,1247.445454,116.2489574,54.30582417,891.032467
ex4_abcg_rundate2021-09-04_ctd4,4,abcg,494,1122.199055,0,62.46671945,43.31186014,
ex4_abcg_rundate2021-09-04_ctd4,4,abcg,495,876.9770394,0,56.54504368,43.97987556,
ex4_abcg_rundate2021-09-04_ctd4,4,abcg,496,203.4191496,0,23.72214025,17.72214025,
ex4_abcg_rundate2021-09-04_ctd4,4,abcg,497,1389.064808,1133.726829,109.8772587,50.36712208,809.8048781
ex4_abcg_rundate2021-09-04_ctd4,4,abcg,498,293.7092126,0,26.19891362,20.19891362,
ex4_abcg_rundate2021-09-04_ctd4,4,abcg,499,1194.28528,130.7605024,63.30855679,43.97987556,93.40035885
ex4_abcg_rundate2021-09-04_ctd4,4,abcg,500,0,0,0,6.222808362,
ex4_abcg_rundate2021-09-04_ctd4,4,abcg,501,0,0,0,8.7038975,
ex4_abcg_rundate2021-09-04_ctd4,4,abcg,502,1459.151719,374.9715974,72.50337795,56.13753052,267.8368553
ex4_abcg_rundate2021-09-04_ctd4,4,abcg,503,767.8838993,0,47.54627873,35.02906907,
ex4_abcg_rundate2021-09-04_ctd4,4,abcg,504,143.1329834,0,23.08206564,12.63030335,
ex4_abcg_rundate2021-09-04_ctd4,4,abcg,505,491.6195371,0,32.90426507,20.90426507,
ex4_abcg_rundate2021-09-04_ctd4,4,abcg,506,2012.925692,970.0198362,88.87007061,74.18768339,692.8713116
ex4_abcg_rundate2021-09-04_ctd4,4,abcg,507,2023.061109,1022.000997,87.37698686,67.67460528,730.0007118
ex4_abcg_rundate2021-09-04_ctd4,4,abcg,508,1809.456753,932.7707283,94.64895741,54.30582417,666.2648059
ex4_abcg_rundate2021-09-04_ctd4,4,abcg,509,1090.402561,0,55.71961917,43.71961917,
ex4_abcg_rundate2021-09-04_ctd4,4,abcg,510,1010.778439,0,55.04443728,35.72214025,
ex4_abcg_rundate2021-09-04_ctd4,4,abcg,511,2367.059031,1309.724027,102.9769869,77.08206564,935.5171619
ex4_abcg_rundate2021-09-04_ctd4,4,abcg,512,674.1230049,0,41.07373004,29.07373004,
ex4_abcg_rundate2021-09-04_ctd4,4,abcg,513,1713.647199,670.741343,79.10541818,61.31186014,479.1009593
ex4_abcg_rundate2021-09-04_ctd4,4,abcg,514,2764.251134,1943.646693,127.0439884,80.18768339,1388.319067
ex4_abcg_rundate2021-09-04_ctd4,4,abcg,515,949.8832767,0,38.18768339,26.18768339,
ex4_abcg_rundate2021-09-04_ctd4,4,abcg,516,1029.264424,0,55.46773841,43.46773841,
ex4_abcg_rundate2021-09-04_ctd4,4,abcg,517,982.0469468,0,57.16200977,45.16200977,
ex4_abcg_rundate2021-09-04_ctd4,4,abcg,518,852.0552802,0,53.65012186,37.53191459,
ex4_abcg_rundate2021-09-04_ctd4,4,abcg,519,1880.369701,947.5738452,94.64895741,54.30582417,676.8384609
ex4_abcg_rundate2021-09-04_ctd4,4,abcg,520,915.3191413,0,40.30953611,34.30953611,
ex4_abcg_rundate2021-09-04_ctd4,4,abcg,521,1750.236491,670.741343,73.10541818,61.31186014,479.1009593
ex4_abcg_rundate2021-09-04_ctd4,4,abcg,522,644.6837743,0,28.5225,16.06699676,
ex4_abcg_rundate2021-09-04_ctd4,4,abcg,523,255.3379787,0,12.86057705,6.86057705,
ex4_abcg_rundate2021-09-04_ctd4,4,abcg,524,259.3275339,0,13.09333885,7.093338847,
ex4_abcg_rundate2021-09-04_ctd4,4,abcg,525,1089.816669,201.1720978,54.21559246,46.78122497,143.6943556
ex4_abcg_rundate2021-09-04_ctd4,4,abcg,526,2208.818822,1508.440805,106.7106127,75.16200977,1077.457718
ex4_abcg_rundate2021-09-04_ctd4,4,abcg,527,868.0663158,0,38.53785967,32.18768339,
ex4_abcg_rundate2021-09-04_ctd4,4,abcg,528,788.1413608,271.7612976,64.62249976,36.78653828,194.1152126
ex4_abcg_rundate2021-09-04_ctd4,4,abcg,529,2602.536568,1558.513475,101.3377898,77.02906907,1113.22391
ex4_abcg_rundate2021-09-04_ctd4,4,abcg,530,1276.564832,0,52.30953611,46.30953611,
ex4_abcg_rundate2021-09-04_ctd4,4,abcg,531,351.3374252,0,26.00131328,20.00131328,
ex4_abcg_rundate2021-09-04_ctd4,4,abcg,532,1744.434565,713.2127723,75.5106127,63.16200977,509.4376945
ex4_abcg_rundate2021-09-04_ctd4,4,abcg,533,361.2456904,0,16.00760111,10.00760111,
ex4_abcg_rundate2021-09-04_ctd4,4,abcg,534,1440.099594,250.7948667,57.34196179,55.18612446,179.1391905
ex4_abcg_rundate2021-09-04_ctd4,4,abcg,535,472.2198346,0,23.07373004,14.7038975,
ex4_abcg_rundate2021-09-04_ctd4,4,abcg,536,786.1463359,0,48.57332787,30.35368524,
ex4_abcg_rundate2021-09-04_ctd4,4,abcg,537,877.0933473,0,50.7038975,35.07373004,
ex4_abcg_rundate2021-09-04_ctd4,4,abcg,538,1150.083114,0,47.54627873,41.02906907,
ex4_abcg_rundate2021-09-04_ctd4,4,abcg,539,223.1457221,0,12.22280836,6.222808362,
ex4_abcg_rundate2021-09-04_ctd4,4,abcg,540,1506.714599,411.1928977,58.76392486,37.05967522,293.7092126
ex4_abcg_rundate2021-09-04_ctd4,4,abcg,541,1498.659143,455.7532868,59.79000787,56.83286764,325.538062
ex4_abcg_rundate2021-09-04_ctd4,4,abcg,542,1880.369701,947.5738452,88.64895741,54.30582417,676.8384609
ex4_abcg_rundate2021-09-04_ctd4,4,abcg,543,2670.032303,2670.032303,182.8231511,103.7101162,1907.165931
ex4_abcg_rundate2021-09-04_ctd4,4,abcg,544,677.9569547,0,37.46773841,25.46773841,
ex4_abcg_rundate2021-09-04_ctd4,4,abcg,545,1440.099594,250.7948667,57.34196179,55.18612446,179.1391905
ex4_abcg_rundate2021-09-04_ctd4,4,abcg,546,756.0441577,0,39.20443652,27.20443652,
ex4_abcg_rundate2021-09-04_ctd4,4,abcg,547,792.7933717,0,35.47689569,29.47689569,
ex4_abcg_rundate2021-09-04_ctd4,4,abcg,548,530.5710777,0,23.72214025,17.72214025,
ex4_abcg_rundate2021-09-04_ctd4,4,abcg,549,538.1007325,0,25.31851195,17.94232708,
ex4_abcg_rundate2021-09-04_ctd4,4,abcg,550,252.5069702,0,14.13753052,8.137530523,
ex4_abcg_rundate2021-09-04_ctd4,4,abcg,551,1503.043651,713.2127723,69.5106127,51.16200977,509.4376945
ex4_abcg_rundate2021-09-04_ctd4,4,abcg,552,179.6379295,0,18.5702605,6.570260496,
ex4_abcg_rundate2021-09-04_ctd4,4,abcg,553,953.2602208,0,38.18768339,26.18768339,
ex4_abcg_rundate2021-09-04_ctd4,4,abcg,554,1726.790495,1726.790495,148.310303,81.77715618,1233.421782
ex4_abcg_rundate2021-09-04_ctd4,4,abcg,555,2165.453221,1689.269499,126.0839058,82.6799275,1206.621071
ex4_abcg_rundate2021-09-04_ctd4,4,abcg,556,1606.134348,742.3676826,82.06611033,52.23172685,530.2626304
ex4_abcg_rundate2021-09-04_ctd4,4,abcg,557,1244.624404,662.3728555,70.01350495,51.54884996,473.1234682
ex4_abcg_rundate2021-09-04_ctd4,4,abcg,558,2110.37189,1595.143584,113.8489574,66.30582417,1139.388274
ex4_abcg_rundate2021-09-04_ctd4,4,abcg,559,712.513042,0,45.16200977,33.16200977,
ex4_abcg_rundate2021-09-04_ctd4,4,abcg,560,653.1320501,0,32.19891362,26.19891362,
ex4_abcg_rundate2021-09-04_ctd4,4,abcg,561,1693.748038,976.010166,108.2990009,68.99923149,697.1501185
ex4_abcg_rundate2021-09-04_ctd4,4,abcg,562,1432.668183,713.2127723,69.5106127,57.16200977,509.4376945
ex4_abcg_rundate2021-09-04_ctd4,4,abcg,563,1550.122102,713.2127723,69.5106127,57.16200977,509.4376945
ex4_abcg_rundate2021-09-04_ctd4,4,abcg,564,575.592017,0,44.15627938,19.79042,
ex4_abcg_rundate2021-09-04_ctd4,4,abcg,565,853.0403746,0,40.6799275,34.6799275,
ex4_abcg_rundate2021-09-04_ctd4,4,abcg,566,795.8841462,0,47.72214025,29.72214025,
ex4_abcg_rundate2021-09-04_ctd4,4,abcg,567,245.5998838,0,20.24520393,8.245203931,
ex4_abcg_rundate2021-09-04_ctd4,4,abcg,568,1258.613627,357.4731702,50.91875017,25.19047921,255.3379787
ex4_abcg_rundate2021-09-04_ctd4,4,abcg,569,257.4150037,0,17.72214025,7.04443728,
ex4_abcg_rundate2021-09-04_ctd4,4,abcg,570,422.618976,0,28.6799275,16.6799275,
ex4_abcg_rundate2021-09-04_ctd4,4,abcg,571,1884.356868,1048.18502,77.69823633,57.46018179,748.7035856
ex4_abcg_rundate2021-09-04_ctd4,4,abcg,572,1843.601324,997.5182588,85.1106127,63.16200977,712.513042
ex4_abcg_rundate2021-09-04_ctd4,4,abcg,573,1671.236616,719.7064997,73.9306734,53.28421804,514.0760712
ex4_abcg_rundate2021-09-04_ctd4,4,abcg,574,2717.049878,2113.057016,155.0990009,110.9992315,1509.32644
ex4_abcg_rundate2021-09-04_ctd4,4,abcg,575,339.1747617,0,15.97985562,8.877460834,
ex4_abcg_rundate2021-09-04_ctd4,4,abcg,576,1247.269969,424.8282342,57.94666667,48.26666667,303.4487387
ex4_abcg_rundate2021-09-04_ctd4,4,abcg,577,748.4083551,0,33.05051833,21.05051833,
ex4_abcg_rundate2021-09-04_ctd4,4,abcg,578,498.106854,0,33.27975893,21.27975893,
ex4_abcg_rundate2021-09-04_ctd4,4,abcg,579,230.5080549,0,20.89976935,8.89976935,
ex4_abcg_rundate2021-09-04_ctd4,4,abcg,580,1110.219493,348.0436905,51.15776846,35.72214025,248.6026361
ex4_abcg_rundate2021-09-04_ctd4,4,abcg,581,959.0971835,246.5841415,49.34515842,37.53191459,176.1315296
ex4_abcg_rundate2021-09-04_ctd4,4,abcg,582,886.1414889,0,43.53351001,35.07373004,
ex4_abcg_rundate2021-09-04_ctd4,4,abcg,583,1157.540451,201.1720978,48.34014107,39.16200977,143.6943556
ex4_abcg_rundate2021-09-04_ctd4,4,abcg,584,1626.841043,852.9145974,70.60988144,58.00760111,609.2247124
ex4_abcg_rundate2021-09-04_ctd4,4,abcg,585,1639.968405,964.0446542,69.08272793,56.83286764,688.6033244
ex4_abcg_rundate2021-09-04_ctd4,4,abcg,586,2312.303385,2050.497022,121.7054182,67.31186014,1464.64073
ex4_abcg_rundate2021-09-04_ctd4,4,abcg,587,1097.181074,284.7868095,49.43878233,35.72214025,203.4191496
ex4_abcg_rundate2021-09-04_ctd4,4,abcg,588,915.3191413,0,46.30953611,34.30953611,
ex4_abcg_rundate2021-09-04_ctd4,4,abcg,589,230.5080549,0,21.20443652,9.20443652,
ex4_abcg_rundate2021-09-04_ctd4,4,abcg,590,684.8129381,0,36.09206979,30.09206979,
ex4_abcg_rundate2021-09-04_ctd4,4,abcg,591,923.5868216,317.4460148,63.56655147,42.09206979,226.7471534
ex4_abcg_rundate2021-09-04_ctd4,4,abcg,592,1298.201081,710.4181302,63.56576748,39.20443652,507.4415216
ex4_abcg_rundate2021-09-04_ctd4,4,abcg,593,2012.760019,1156.552622,73.80668533,67.67460528,826.1090156
ex4_abcg_rundate2021-09-04_ctd4,4,abcg,594,1152.002851,528.299584,51.23878233,41.72214025,377.3568457
ex4_abcg_rundate2021-09-04_ctd4,4,abcg,595,334.3316596,0,14.87746083,8.877460834,
ex4_abcg_rundate2021-09-04_ctd4,4,abcg,596,2239.935633,1508.440805,94.7106127,63.16200977,1077.457718
ex4_abcg_rundate2021-09-04_ctd4,4,abcg,597,833.4385247,0,27.97985563,20.87746083,
ex4_abcg_rundate2021-09-04_ctd4,4,abcg,598,788.0621041,0,35.54671844,26.40658722,
ex4_abcg_rundate2021-09-04_ctd4,4,abcg,599,2016.785575,2016.785575,157.613505,93.54884996,1440.561125
ex4_abcg_rundate2021-09-04_ctd4,4,abcg,600,368.9787907,0,23.73675269,17.73675269,
ex4_abcg_rundate2021-09-04_ctd4,4,abcg,601,1668.304132,1428.655944,100.6798007,61.75369283,1020.468531
ex4_abcg_rundate2021-09-04_ctd4,4,abcg,602,2012.760019,1156.552622,73.80668533,67.67460528,826.1090156
ex4_abcg_rundate2021-09-04_ctd4,4,abcg,603,1683.106553,1683.106553,115.9080599,61.46773841,1202.218966
ex4_abcg_rundate2021-09-04_ctd4,4,abcg,604,748.4083551,0,27.05051833,21.05051833,
ex4_abcg_rundate2021-09-04_ctd4,4,abcg,605,248.6026361,0,13.04443728,7.04443728,
ex4_abcg_rundate2021-09-04_ctd4,4,abcg,606,592.1245128,0,24.22280836,17.80302991,
ex4_abcg_rundate2021-09-04_ctd4,4,abcg,607,672.5070509,0,36.09206979,30.09206979,
ex4_abcg_rundate2021-09-04_ctd4,4,abcg,608,488.1270031,0,26.17966187,20.17966187,
ex4_abcg_rundate2021-09-04_ctd4,4,abcg,609,633.093091,633.093091,86.69900093,38.99923149,452.2093507
ex4_abcg_rundate2021-09-04_ctd4,4,abcg,610,1639.968405,964.0446542,63.08272793,56.83286764,688.6033244
ex4_abcg_rundate2021-09-04_ctd4,4,abcg,611,1899.363818,1247.445454,92.24895741,54.30582417,891.032467
ex4_abcg_rundate2021-09-04_ctd4,4,abcg,612,966.3597253,0,39.05051833,27.05051833,
ex4_abcg_rundate2021-09-04_ctd4,4,abcg,613,513.436739,0,27.27975893,21.27975893,
ex4_abcg_rundate2021-09-04_ctd4,4,abcg,614,957.8353082,0,41.94232708,29.94232708,
ex4_abcg_rundate2021-09-04_ctd4,4,abcg,615,1709.574165,1176.971828,67.1250252,53.94232708,840.6941626
ex4_abcg_rundate2021-09-04_ctd4,4,abcg,616,1639.968405,964.0446542,63.08272793,56.83286764,688.6033244
ex4_abcg_rundate2021-09-04_ctd4,4,abcg,617,882.8270892,0,38.63717855,31.97987556,
ex4_abcg_rundate2021-09-04_ctd4,4,abcg,618,949.971033,0,41.94232708,29.94232708,
ex4_abcg_rundate2021-09-04_ctd4,4,abcg,619,677.9569547,0,37.46773841,25.46773841,
ex4_abcg_rundate2021-09-04_ctd4,4,abcg,620,2694.359394,2694.359394,186.4231511,115.7101162,1924.542424
ex4_abcg_rundate2021-09-04_ctd4,4,abcg,621,472.8484031,0,25.18612446,19.18612446,
ex4_abcg_rundate2021-09-04_ctd4,4,abcg,622,189.0564065,0,7.653063473,5.736752688,
ex4_abcg_rundate2021-09-04_ctd4,4,abcg,623,1851.855592,1070.643161,77.77878968,68.13753052,764.7451147
ex4_abcg_rundate2021-09-04_ctd4,4,abcg,624,1626.841043,852.9145974,64.60988144,58.00760111,609.2247124
ex4_abcg_rundate2021-09-04_ctd4,4,abcg,625,341.4649688,0,17.66783867,11.66783867,
ex4_abcg_rundate2021-09-04_ctd4,4,abcg,626,1466.978217,670.565237,55.10541818,43.31186014,478.9751693
ex4_abcg_rundate2021-09-04_ctd4,4,abcg,627,1261.281858,405.4506414,48.17383823,37.97987556,289.607601
ex4_abcg_rundate2021-09-04_ctd4,4,abcg,628,1693.747903,976.010166,96.29900093,68.99923149,697.1501185
ex4_abcg_rundate2021-09-04_ctd4,4,abcg,629,507.4415216,0,21.20443652,21.20443652,
ex4_abcg_rundate2021-09-04_ctd4,4,abcg,630,251.2822069,0,14.35957378,7.49482566,
ex4_abcg_rundate2021-09-04_ctd4,4,abcg,631,1981.077822,1595.143584,101.8489574,54.30582417,1139.388274
ex4_abcg_rundate2021-09-04_ctd4,4,abcg,632,1249.809477,758.1899398,57.89823633,39.46018179,541.5642427
ex4_abcg_rundate2021-09-04_ctd4,4,abcg,633,795.8841462,0,32.47884398,23.80302991,
ex4_abcg_rundate2021-09-04_ctd4,4,abcg,634,946.6011589,0,35.94232708,29.94232708,
ex4_abcg_rundate2021-09-04_ctd4,4,abcg,635,339.7397,0,20.24520393,14.24520393,
ex4_abcg_rundate2021-09-04_ctd4,4,abcg,636,252.5069702,0,14.10965128,8.109651283,
ex4_abcg_rundate2021-09-04_ctd4,4,abcg,637,1833.17141,997.5182588,67.1106127,63.16200977,712.513042
ex4_abcg_rundate2021-09-04_ctd4,4,abcg,638,472.5859265,0,26.82313124,20.82313124,
ex4_abcg_rundate2021-09-04_ctd4,4,abcg,639,1833.17141,997.5182588,67.1106127,63.16200977,712.513042
ex4_abcg_rundate2021-09-04_ctd4,4,abcg,640,1144.936502,648.1519418,51.86442967,27.20443652,462.9656727
ex4_abcg_rundate2021-09-04_ctd4,4,abcg,641,1838.240231,1659.101041,82.28272793,56.83286764,1185.072172
ex4_abcg_rundate2021-09-04_ctd4,4,abcg,642,1928.22334,1928.22334,113.6990009,68.99923149,1377.302386
ex4_abcg_rundate2021-09-04_ctd4,4,abcg,643,1543.986074,1047.201514,79.37336768,52.23172685,748.0010814
ex4_abcg_rundate2021-09-04_ctd4,4,abcg,644,579.6426963,0,23.07373004,17.07373004,
ex4_abcg_rundate2021-09-04_ctd4,4,abcg,645,1907.097595,1474.265737,83.09823633,57.46018179,1053.046955
ex4_abcg_rundate2021-09-04_ctd4,4,abcg,646,1634.774488,1634.774488,103.4478474,61.11372879,1167.696063
ex4_abcg_rundate2021-09-04_ctd4,4,abcg,647,343.5116404,0,13.53351001,8.7038975,
ex4_abcg_rundate2021-09-04_ctd4,4,abcg,648,615.4871544,0,25.31851195,17.94232708,
ex4_abcg_rundate2021-09-04_ctd4,4,abcg,649,856.2389682,314.6747255,36.41350495,33.54884996,224.7676611
ex4_abcg_rundate2021-09-04_ctd4,4,abcg,650,509.4376945,0,26.19891362,20.19891362,
ex4_abcg_rundate2021-09-04_ctd4,4,abcg,651,1579.850312,1110.273599,64.70541818,43.31186014,793.0525707
ex4_abcg_rundate2021-09-04_ctd4,4,abcg,652,2110.37189,1595.143584,95.84895741,66.30582417,1139.388274
ex4_abcg_rundate2021-09-04_ctd4,4,abcg,653,245.5998838,0,14.24520393,8.245203931,
ex4_abcg_rundate2021-09-04_ctd4,4,abcg,654,334.3316596,0,14.7038975,8.7038975,
ex4_abcg_rundate2021-09-04_ctd4,4,abcg,655,1187.31918,558.1917183,38.33778979,35.02906907,398.7083702
ex4_abcg_rundate2021-09-04_ctd4,4,abcg,656,1288.266956,741.4053386,50.17878968,44.13753052,529.5752419
ex4_abcg_rundate2021-09-04_ctd4,4,abcg,657,475.2562863,0,22.15250899,15.05051833,
ex4_abcg_rundate2021-09-04_ctd4,4,abcg,658,479.1009593,0,25.31186014,19.31186014,
ex4_abcg_rundate2021-09-04_ctd4,4,abcg,659,2507.080761,2507.080761,145.1657675,93.20443652,1790.771972
ex4_abcg_rundate2021-09-04_ctd4,4,abcg,660,251.282302,0,14.35957378,7.49482566,
ex4_abcg_rundate2021-09-04_ctd4,4,abcg,661,2694.359394,2694.359394,174.4231511,115.7101162,1924.542424
ex4_abcg_rundate2021-09-04_ctd4,4,abcg,662,1442.87304,1030.633808,55.1250252,41.94232708,736.1670054
ex4_abcg_rundate2021-09-04_ctd4,4,abcg,663,509.4376945,0,26.19891362,20.19891362,
ex4_abcg_rundate2021-09-04_ctd4,4,abcg,664,339.1747617,0,15.97985562,8.877460834,
ex4_abcg_rundate2021-09-04_ctd4,4,abcg,665,255.3379787,0,13.46773841,7.467738413,
ex4_abcg_rundate2021-09-04_ctd4,4,abcg,666,2013.819643,1218.292653,64.09813889,46.42320659,870.2090377
ex4_abcg_rundate2021-09-04_ctd4,4,abcg,667,1003.296034,530.4476306,41.59148897,37.53191459,378.8911647
ex4_abcg_rundate2021-09-04_ctd4,4,abcg,668,1220.99288,735.7505439,47.03878233,35.72214025,525.5361028
ex4_abcg_rundate2021-09-04_ctd4,4,abcg,669,932.6737816,385.8121643,36.29823633,33.46018179,275.5801174
ex4_abcg_rundate2021-09-04_ctd4,4,abcg,670,659.6095222,0,26.24294692,20.83286764,
ex4_abcg_rundate2021-09-04_ctd4,4,abcg,671,629.9025967,131.7957427,30.09240479,28.68646522,94.13981621
ex4_abcg_rundate2021-09-04_ctd4,4,abcg,672,2366.918914,2101.72203,103.7054182,67.31186014,1501.230022
ex4_abcg_rundate2021-09-04_ctd4,4,abcg,673,215.7284819,0,15.16200977,9.162009769,
ex4_abcg_rundate2021-09-04_ctd4,4,abcg,674,176.1315296,0,11.65012186,5.650121865,
ex4_abcg_rundate2021-09-04_ctd4,4,abcg,675,1310.476629,758.1899398,51.89823633,45.46018179,541.5642427
ex4_abcg_rundate2021-09-04_ctd4,4,abcg,676,579.6426963,0,23.07373004,17.07373004,
ex4_abcg_rundate2021-09-04_ctd4,4,abcg,677,1997.991017,1738.663483,90.5106127,63.16200977,1241.902488
ex4_abcg_rundate2021-09-04_ctd4,4,abcg,678,248.6026361,0,6.98912993,6.98912993,
ex4_abcg_rundate2021-09-04_ctd4,4,abcg,679,1605.974484,1176.971828,49.1250252,47.94232708,840.6941626
ex4_abcg_rundate2021-09-04_ctd4,4,abcg,680,1126.263638,639.4462569,33.5250252,29.94232708,456.7473264
ex4_abcg_rundate2021-09-04_ctd4,4,abcg,681,884.8019512,312.4040109,26.08965087,23.80302991,223.1457221
ex4_abcg_rundate2021-09-04_ctd4,4,abcg,682,2237.893879,1765.045475,83.24398841,74.18768339,1260.746768
ex4_abcg_rundate2021-09-04_ctd4,4,abcg,683,615.4871544,0,19.31851195,17.94232708,
ex4_abcg_rundate2021-09-04_ctd4,4,abcg,684,334.3316596,0,8.877460834,8.877460834,
ex4_abcg_rundate2021-09-04_ctd4,4,abcg,685,898.6690763,412.0589697,49.78731036,44.82727757,294.3278355
ex4_abcg_rundate2021-09-04_ctd4,4,abcg,686,1232.045218,661.9877643,42.94196179,43.18612446,472.8484031
ex4_abcg_rundate2021-09-04_ctd4,4,abcg,687,394.4151904,0,17.08206563,12.63030335,
ex4_abcg_rundate2021-09-04_ctd4,4,abcg,688,1089.051287,790.1344779,40.19584905,35.07373004,564.3817699
ex4_abcg_rundate2021-09-04_ctd4,4,abcg,689,1991.303627,1474.923563,78.43195239,70.48611722,1053.516831
ex4_abcg_rundate2021-09-04_ctd4,4,abcg,690,1897.946952,1388.509258,66.50541818,61.31186014,991.792327
ex4_abcg_rundate2021-09-04_ctd4,4,abcg,691,265.9841254,0,9.297454803,9.297454803,
ex4_abcg_rundate2021-09-04_ctd4,4,abcg,692,1047.205566,831.4770845,60.40611979,44.62009215,593.9122032
ex4_abcg_rundate2021-09-04_ctd4,4,abcg,693,917.3093444,468.0643234,29.31506675,29.07373004,334.3316596
ex4_abcg_rundate2021-09-04_ctd4,4,abcg,694,1395.392271,1281.446798,58.90805994,43.46773841,915.3191413
ex4_abcg_rundate2021-09-04_ctd4,4,abcg,695,728.422629,267.1908066,25.21073397,20.83286764,190.8505761
ex4_abcg_rundate2021-09-04_ctd4,4,abcg,696,259.3275339,0,7.093338847,7.093338847,
ex4_abcg_rundate2021-09-04_ctd4,4,abcg,697,259.3275339,0,7.093338847,7.093338847,
ex4_abcg_rundate2021-09-04_ctd4,4,abcg,698,1422.149412,1206.42093,63.86948345,47.28421804,861.7292357
ex4_abcg_rundate2021-09-04_ctd4,4,abcg,699,1997.991017,1738.663483,84.5106127,63.16200977,1241.902488
ex4_abcg_rundate2021-09-04_ctd4,4,abcg,700,334.3316596,0,8.877460834,8.877460834,
ex4_abcg_rundate2021-09-04_ctd4,4,abcg,701,252.5069702,0,8.137530523,8.137530523,
ex4_abcg_rundate2021-09-04_ctd4,4,abcg,702,1144.936502,648.1519418,45.86442967,27.20443652,462.9656727
ex4_abcg_rundate2021-09-04_ctd4,4,abcg,703,1720.756546,1247.908143,60.68272793,56.83286764,891.3629595
ex4_abcg_rundate2021-09-04_ctd4,4,abcg,704,1935.654823,1749.803549,80.3250252,47.94232708,1249.859678
ex4_abcg_rundate2021-09-04_ctd4,4,abcg,705,615.4871544,0,19.31851195,17.94232708,
ex4_abcg_rundate2021-09-04_ctd4,4,abcg,706,580.1218312,130.7605024,21.30855679,25.97987556,93.40035885
ex4_abcg_rundate2021-09-04_ctd4,4,abcg,707,509.4376945,0,20.19891362,20.19891362,
ex4_abcg_rundate2021-09-04_ctd4,4,abcg,708,249.8648853,0,7.49482566,7.49482566,
ex4_abcg_rundate2021-09-04_ctd4,4,abcg,709,65.96489919,0,1.75,1.75,
ex4_abcg_rundate2021-09-04_ctd4,4,abcg,710,339.1747617,0,9.979855625,8.877460834,
ex4_abcg_rundate2021-09-04_ctd4,4,abcg,711,1422.149412,1206.42093,63.86948345,47.28421804,861.7292357
ex4_abcg_rundate2021-09-04_ctd4,4,abcg,712,475.2562863,0,17.07373004,14.7038975,
ex4_abcg_rundate2021-09-04_ctd4,4,abcg,713,1093.30499,717.4605127,37.28272793,32.83286764,512.4717948
ex4_abcg_rundate2021-09-04_ctd4,4,abcg,714,179.6379295,0,6.570260496,6.570260496,
ex4_abcg_rundate2021-09-04_ctd4,4,abcg,715,629.9025967,131.7957427,24.09240479,28.68646522,94.13981621
ex4_abcg_rundate2021-09-04_ctd4,4,abcg,716,580.0055234,130.7605024,21.30855679,25.97987556,93.40035885
ex4_abcg_rundate2021-09-04_ctd4,4,abcg,717,919.2721836,353.5097583,28.57878968,32.13753052,252.5069702
ex4_abcg_rundate2021-09-04_ctd4,4,abcg,718,1035.458258,780.7239761,39.87698261,29.73675269,557.659983
ex4_abcg_rundate2021-09-04_ctd4,4,abcg,719,2355.377564,2176.238373,92.84398841,74.18768339,1554.455981
ex4_abcg_rundate2021-09-04_ctd4,4,abcg,720,1784.21558,1457.215797,68.14196179,55.18612446,1040.868426
ex4_abcg_rundate2021-09-04_ctd4,4,abcg,721,698.7025397,243.5127745,19.45777849,23.73675269,173.9376961
ex4_abcg_rundate2021-09-04_ctd4,4,abcg,722,1313.196102,1058.461821,50.63878233,35.72214025,756.0441577
ex4_abcg_rundate2021-09-04_ctd4,4,abcg,723,1179.311606,923.9736276,41.00239694,34.30953611,659.9811626
ex4_abcg_rundate2021-09-04_ctd4,4,abcg,724,2049.199197,1518.628119,68.30541818,61.31186014,1084.734371
ex4_abcg_rundate2021-09-04_ctd4,4,abcg,725,339.1747617,0,9.979855625,8.877460834,
ex4_abcg_rundate2021-09-04_ctd4,4,abcg,726,2015.430637,1799.702155,76.10541818,61.31186014,1285.50154
ex4_abcg_rundate2021-09-04_ctd4,4,abcg,727,312.0034301,0,8.187683389,8.187683389,
ex4_abcg_rundate2021-09-04_ctd4,4,abcg,728,1590.446281,1131.549168,51.11969072,42.09206979,808.2494057
ex4_abcg_rundate2021-09-04_ctd4,4,abcg,729,590.3320881,411.1928977,22.6585877,20.19891362,293.7092126
ex4_abcg_rundate2021-09-04_ctd4,4,abcg,730,271.7612976,271.7612976,28.18731036,12.4517772,194.1152126
ex4_abcg_rundate2021-09-04_ctd4,4,abcg,731,681.3828016,312.4040109,20.08965087,17.80302991,223.1457221
ex4_abcg_rundate2021-09-04_ctd4,4,abcg,732,1132.669964,639.4462569,27.5250252,29.94232708,456.7473264
ex4_abcg_rundate2021-09-04_ctd4,4,abcg,733,895.7137267,716.0757972,41.35597842,34.58152186,511.4827123
ex4_abcg_rundate2021-09-04_ctd4,4,abcg,734,377.3568457,0,11.47689569,11.47689569,
ex4_abcg_rundate2021-09-04_ctd4,4,abcg,735,1620.955898,1390.447843,68.30541818,43.31186014,993.1770305
ex4_abcg_rundate2021-09-04_ctd4,4,abcg,736,2757.11058,2206.311193,88.73778979,77.02906907,1575.936567
ex4_abcg_rundate2021-09-04_ctd4,4,abcg,737,532.1882197,159.5233958,22.40170726,20.00131328,113.9452827
ex4_abcg_rundate2021-09-04_ctd4,4,abcg,738,983.4893492,528.299584,27.23878233,29.72214025,377.3568457
ex4_abcg_rundate2021-09-04_ctd4,4,abcg,739,1132.380868,759.7160443,37.30805994,31.46773841,542.6543174
ex4_abcg_rundate2021-09-04_ctd4,4,abcg,740,2309.680851,2109.628915,112.8668351,77.58987319,1506.877796
ex4_abcg_rundate2021-09-04_ctd4,4,abcg,741,1325.569384,1146.430194,62.96576748,27.20443652,818.8787098
ex4_abcg_rundate2021-09-04_ctd4,4,abcg,742,339.1747617,0,9.979855625,8.877460834,
ex4_abcg_rundate2021-09-04_ctd4,4,abcg,743,339.7397,0,14.24520393,14.24520393,
ex4_abcg_rundate2021-09-04_ctd4,4,abcg,744,633.093091,633.093091,62.69900093,38.99923149,452.2093507
ex4_abcg_rundate2021-09-04_ctd4,4,abcg,745,457.3826858,233.4856709,19.53289286,12.30582417,166.7754792
ex4_abcg_rundate2021-09-04_ctd4,4,abcg,746,1059.292228,710.4181302,40.37175113,33.82442395,507.4415216
ex4_abcg_rundate2021-09-04_ctd4,4,abcg,747,2385.575459,2153.868487,94.1106127,75.16200977,1538.477491
ex4_abcg_rundate2021-09-04_ctd4,4,abcg,748,1769.936903,1659.582782,82.59757142,54.30582417,1185.416273
ex4_abcg_rundate2021-09-04_ctd4,4,abcg,749,2897.093569,2676.946263,94.64398841,80.18768339,1912.104474
ex4_abcg_rundate2021-09-04_ctd4,4,abcg,750,1967.754919,1749.803549,60.71969072,48.09206979,1249.859678
ex4_abcg_rundate2021-09-04_ctd4,4,abcg,751,691.9400159,366.5036757,15.79356302,17.07373004,261.7883398
ex4_abcg_rundate2021-09-04_ctd4,4,abcg,752,1642.692488,1281.446798,50.60239694,46.30953611,915.3191413
ex4_abcg_rundate2021-09-04_ctd4,4,abcg,753,651.7962897,385.8121643,18.29823633,21.46018179,275.5801174
ex4_abcg_rundate2021-09-04_ctd4,4,abcg,754,287.3163387,0,10.5722728,10.5722728,
ex4_abcg_rundate2021-09-04_ctd4,4,abcg,755,1978.841346,1799.702155,70.10541818,61.31186014,1285.50154
ex4_abcg_rundate2021-09-04_ctd4,4,abcg,756,1124.685867,1030.633808,33.36567383,27.05051833,736.1670054
ex4_abcg_rundate2021-09-04_ctd4,4,abcg,757,200.0519363,0,6.872102929,6.872102929,
ex4_abcg_rundate2021-09-04_ctd4,4,abcg,758,1298.248231,1074.762025,43.73778979,35.02906907,767.6871609
ex4_abcg_rundate2021-09-04_ctd4,4,abcg,759,986.49723,869.065086,27.36567383,21.05051833,620.7607757
ex4_abcg_rundate2021-09-04_ctd4,4,abcg,760,854.9016732,854.9016732,20.77381231,15.97985562,610.6440523
ex4_abcg_rundate2021-09-04_ctd4,4,abcg,761,505.7439665,505.7439665,13.00988144,10.00760111,361.2456904
ex4_abcg_rundate2021-09-04_ctd4,4,abcg,762,1387.034588,1387.034588,45.53778979,35.02906907,990.7389915
ex4_abcg_rundate2021-09-04_ctd4,4,abcg,763,617.4524067,577.2166197,25.04895741,19.26842878,412.2975855
ex4_abcg_rundate2021-09-04_ctd4,4,abcg,764,1387.034588,1387.034588,45.53778979,35.02906907,990.7389915
ex4_abcg_rundate2021-09-04_ctd4,4,abcg,765,735.7505439,735.7505439,23.03878233,17.72214025,525.5361028
ex4_abcg_rundate2021-09-04_ctd4,4,abcg,766,1921.760127,1827.708067,74.69823633,57.46018179,1305.505762
ex4_abcg_rundate2021-09-04_ctd4,4,abcg,767,1702.463405,1702.463405,84.97434888,65.36488375,1216.045289
ex4_abcg_rundate2021-09-04_ctd4,4,abcg,768,1132.491104,941.6405283,34.16392486,32.2799422,672.6003773
ex4_abcg_rundate2021-09-04_ctd4,4,abcg,769,631.4659772,631.4659772,25.49610029,19.61238484,451.0471266
ex4_abcg_rundate2021-09-04_ctd4,4,abcg,770,1474.265737,1474.265737,57.80673529,44.46671945,1053.046955
ex4_abcg_rundate2021-09-04_ctd4,4,abcg,771,260.8463493,130.7605024,3.222497171,6.222808362,93.40035885
ex4_abcg_rundate2021-09-04_ctd4,4,abcg,772,544.3826593,544.3826593,15.99757142,12.30582417,388.8447567
ex4_abcg_rundate2021-09-04_ctd4,4,abcg,773,1138.397162,1030.633808,31.1250252,23.94232708,736.1670054
ex4_abcg_rundate2021-09-04_ctd4,4,abcg,774,634.6214371,498.5399125,22.61128602,23.39329694,356.0999375
ex4_abcg_rundate2021-09-04_ctd4,4,abcg,775,732.1294143,558.1917183,14.33778979,17.02906907,398.7083702
ex4_abcg_rundate2021-09-04_ctd4,4,abcg,776,1346.403137,1252.263321,48.17757779,37.05967522,894.4738007
ex4_abcg_rundate2021-09-04_ctd4,4,abcg,777,1837.871841,1837.871841,62.51969072,48.09206979,1312.765601
ex4_abcg_rundate2021-09-04_ctd4,4,abcg,778,1582.422469,1582.422469,54.5250252,41.94232708,1130.301764
ex4_abcg_rundate2021-09-04_ctd4,4,abcg,779,941.6405283,941.6405283,34.16392486,26.2799422,672.6003773
ex4_abcg_rundate2021-09-04_ctd4,4,abcg,780,831.4770845,831.4770845,42.40611979,32.62009215,593.9122032
ex4_abcg_rundate2021-09-04_ctd4,4,abcg,781,1539.076045,1539.076045,70.59757142,54.30582417,1099.340032
ex4_abcg_rundate2021-09-04_ctd4,4,abcg,782,348.0436905,348.0436905,9.085868909,6.98912993,248.6026361
ex4_abcg_rundate2021-09-04_ctd4,4,abcg,783,643.7964578,643.7964578,19.56567383,15.05051833,459.8546127
ex4_abcg_rundate2021-09-04_ctd4,4,abcg,784,895.635327,895.635327,35.36576748,27.20443652,639.7395193
ex4_abcg_rundate2021-09-04_ctd4,4,abcg,785,2352.556503,2352.556503,87.97698686,67.67460528,1680.397502
ex4_abcg_rundate2021-09-04_ctd4,4,abcg,786,1683.106553,1683.106553,81.89900093,62.99923149,1202.218966
ex4_abcg_rundate2021-09-04_ctd4,4,abcg,787,1206.42093,1206.42093,41.96392486,32.2799422,861.7292357
ex4_abcg_rundate2021-09-04_ctd4,4,abcg,788,1954.238403,1954.238403,87.70805994,67.46773841,1395.884574
ex4_abcg_rundate2021-09-04_ctd4,4,abcg,789,917.0153507,917.0153507,29.99584905,23.07373004,655.0109648
ex4_abcg_rundate2021-09-04_ctd4,4,abcg,790,1928.22334,1928.22334,89.69900093,68.99923149,1377.302386
ex4_abcg_rundate2021-09-04_ctd4,4,abcg,791,357.4731702,357.4731702,9.708059937,7.467738413,255.3379787
ex4_abcg_rundate2021-09-04_ctd4,4,abcg,792,1804.153455,1804.153455,72.97878968,56.13753052,1288.681039
ex4_abcg_rundate2021-09-04_ctd4,4,abcg,793,1307.231222,1307.231222,46.4944919,35.76499377,933.7365873
ex4_abcg_rundate2021-09-04_ctd4,4,abcg,794,544.3826593,544.3826593,15.99757142,12.30582417,388.8447567
ex4_abcg_rundate2021-09-04_ctd4,4,abcg,795,1357.589761,1357.589761,56.50805994,43.46773841,969.7069722
ex4_abcg_rundate2021-09-04_ctd4,4,abcg,796,716.0757972,716.0757972,26.60673529,20.46671945,511.4827123
ex4_abcg_rundate2021-09-04_ctd4,4,abcg,797,1909.895908,1909.895908,73.88272793,56.83286764,1364.211363
ex4_abcg_rundate2021-09-04_ctd4,4,abcg,798,828.8428699,828.8428699,23.14393888,17.80302991,592.0306213
ex4_abcg_rundate2021-09-04_ctd4,4,abcg,799,643.7964578,643.7964578,19.56567383,15.05051833,459.8546127
ex4_abcg_rundate2021-09-04_ctd4,4,abcg,800,1206.42093,1206.42093,41.96392486,32.2799422,861.7292357
ex4_abcg_rundate2021-09-04_ctd4,4,abcg,801,895.635327,895.635327,35.36576748,27.20443652,639.7395193
ex4_abcg_rundate2021-09-04_ctd4,4,abcg,802,402.2428741,402.2428741,13.74395464,10.5722728,287.3163387
ex4_abcg_rundate2021-09-04_ctd4,4,abcg,803,1058.461821,1058.461821,35.36576748,27.20443652,756.0441577
ex4_abcg_rundate2021-09-04_ctd4,4,abcg,804,1206.42093,1206.42093,41.96392486,32.2799422,861.7292357
ex4_abcg_rundate2021-09-04_ctd4,4,abcg,805,271.7612976,271.7612976,16.18731036,12.4517772,194.1152126
ex4_abcg_rundate2021-09-04_ctd4,4,abcg,806,2507.080761,2507.080761,121.1657675,93.20443652,1790.771972
ex4_abcg_rundate2021-09-04_ctd4,4,abcg,807,1176.971828,1176.971828,31.1250252,23.94232708,840.6941626
ex4_abcg_rundate2021-09-04_ctd4,4,abcg,808,1539.076045,1539.076045,70.59757142,54.30582417,1099.340032
ex4_abcg_rundate2021-09-04_ctd4,4,abcg,809,1878.086959,1878.086959,91.3116827,70.23975592,1341.490685
ex4_abcg_rundate2021-09-04_ctd4,4,abcg,810,337.2305367,337.2305367,8.840421706,6.800324389,240.8789548
ex4_abcg_rundate2021-09-04_ctd4,4,abcg,811,1694.751719,1694.751719,80.27980068,61.75369283,1210.536942
ex4_abcg_rundate2021-09-04_ctd4,4,abcg,812,2579.127335,2579.127335,95.30541818,73.31186014,1842.233811
ex4_abcg_rundate2021-09-04_ctd4,4,abcg,813,2438.52622,2438.52622,89.48272793,68.83286764,1741.804443
ex4_abcg_rundate2021-09-04_ctd4,4,abcg,814,1023.757393,1023.757393,37.28390575,28.6799275,731.2552809
ex4_abcg_rundate2021-09-04_ctd4,4,abcg,815,1000.116591,1000.116591,44.94395464,34.5722728,714.3689935
ex4_abcg_rundate2021-09-04_ctd4,4,abcg,816,379.3728088,379.3728088,10.64398841,8.187683389,270.9805777
ex4_abcg_rundate2021-09-04_ctd4,4,abcg,817,343.8398373,343.8398373,10.71876511,8.245203931,245.5998838
ex4_abcg_rundate2021-09-04_ctd4,4,abcg,818,343.8398373,343.8398373,10.71876511,8.245203931,245.5998838
ex4_abcg_rundate2021-09-04_ctd4,4,abcg,819,1444.577216,1444.577216,52.00988144,40.00760111,1031.840869
ex4_abcg_rundate2021-09-04_ctd4,4,abcg,820,690.1309701,690.1309701,47.77455895,36.74966073,492.950693
ex4_abcg_rundate2021-09-04_ctd4,4,abcg,821,949.1357891,949.1357891,33.10805994,25.46773841,677.9541351
ex4_abcg_rundate2021-09-04_ctd4,4,abcg,822,2676.946263,2676.946263,88.64398841,68.18768339,1912.104474
ex4_abcg_rundate2021-09-04_ctd4,4,abcg,823,643.7964578,643.7964578,19.11506675,14.7038975,459.8546127
ex4_abcg_rundate2021-09-04_ctd4,4,abcg,824,1707.12882,1707.12882,68.61559246,52.78122497,1219.377729
ex4_abcg_rundate2021-09-04_ctd4,4,abcg,825,1481.551238,1481.551238,50.20611979,38.62009215,1058.250884
ex4_abcg_rundate2021-09-04_ctd4,4,abcg,826,801.7044928,801.7044928,22.13778979,17.02906907,572.6460663
ex4_abcg_rundate2021-09-04_ctd4,4,abcg,827,399.6364887,399.6364887,18.66744591,14.35957378,285.4546348
ex4_abcg_rundate2021-09-04_ctd4,4,abcg,828,1000.321756,1000.321756,38.65777849,29.73675269,714.5155402
ex4_abcg_rundate2021-09-04_ctd4,4,abcg,829,758.6442963,758.6442963,26.57723611,20.44402778,541.8887831
ex4_abcg_rundate2021-09-04_ctd4,4,abcg,830,1966.403241,1966.403241,82.49823633,63.46018179,1404.573744
ex4_abcg_rundate2021-09-04_ctd4,4,abcg,831,2427.03324,2427.03324,96.44398841,74.18768339,1733.595171
