ID,example,method,originloc,destloc,arctime_rdd,arctime_raw,arcdist,totaltrips,ordertrips,emptytrips,taxitrips
ex4_abcg_rundate2021-09-04_ctd4,4,abcg,6,9,12.0,7.674605278,165.618941888485,0.0,0.0,0.0,0.0
ex4_abcg_rundate2021-09-04_ctd4,4,abcg,59,48,24.0,23.59832028,245.228545650453,4.0,4.0,0.0,0.0
ex4_abcg_rundate2021-09-04_ctd4,4,abcg,15,29,24.0,18.60927163,408.712905996668,1.0,1.0,0.0,0.0
ex4_abcg_rundate2021-09-04_ctd4,4,abcg,9,1,12.0,10.01845272,339.218315423481,3.0,3.0,0.0,0.0
ex4_abcg_rundate2021-09-04_ctd4,4,abcg,17,14,12.0,9.399953504,284.8849333836,0.0,0.0,0.0,0.0
ex4_abcg_rundate2021-09-04_ctd4,4,abcg,64,61,6.0,4.342777778,164.167702995166,0.0,0.0,0.0,0.0
ex4_abcg_rundate2021-09-04_ctd4,4,abcg,49,59,24.0,20.49691306,188.417192657867,0.0,0.0,0.0,0.0
ex4_abcg_rundate2021-09-04_ctd4,4,abcg,56,55,24.0,20.70656347,36.1378209810836,0.0,0.0,0.0,0.0
ex4_abcg_rundate2021-09-04_ctd4,4,abcg,16,13,12.0,6.547344583,192.181292947629,0.0,0.0,0.0,0.0
ex4_abcg_rundate2021-09-04_ctd4,4,abcg,30,37,12.0,7.16648103,203.075347443691,44.0,44.0,0.0,0.0
ex4_abcg_rundate2021-09-04_ctd4,4,abcg,61,53,18.0,15.80335333,215.143569936221,0.0,0.0,0.0,0.0
ex4_abcg_rundate2021-09-04_ctd4,4,abcg,27,32,48.0,44.7221205,271.868085412542,0.0,0.0,0.0,0.0
ex4_abcg_rundate2021-09-04_ctd4,4,abcg,36,28,24.0,18.62479447,292.154050184346,0.0,0.0,0.0,0.0
ex4_abcg_rundate2021-09-04_ctd4,4,abcg,4,5,12.0,6.549100001,128.699985818995,0.0,0.0,0.0,0.0
ex4_abcg_rundate2021-09-04_ctd4,4,abcg,51,63,36.0,34.29257854,371.032307465386,1.0,1.0,0.0,0.0
ex4_abcg_rundate2021-09-04_ctd4,4,abcg,64,55,12.0,10.00760111,361.245690377166,2.0,2.0,0.0,0.0
ex4_abcg_rundate2021-09-04_ctd4,4,abcg,18,21,12.0,11.70002823,206.664757229232,6.0,6.0,0.0,0.0
ex4_abcg_rundate2021-09-04_ctd4,4,abcg,20,13,66.0,65.39982139,132.397203119022,0.0,0.0,0.0,0.0
ex4_abcg_rundate2021-09-04_ctd4,4,abcg,57,62,24.0,18.47220833,435.342763991966,0.0,0.0,0.0,0.0
ex4_abcg_rundate2021-09-04_ctd4,4,abcg,23,16,18.0,17.59698931,238.30765466463,0.0,0.0,0.0,0.0
ex4_abcg_rundate2021-09-04_ctd4,4,abcg,62,53,18.0,13.75360299,261.633531590189,0.0,0.0,0.0,0.0
ex4_abcg_rundate2021-09-04_ctd4,4,abcg,42,52,12.0,7.945470778,239.648188825157,2.0,2.0,0.0,0.0
ex4_abcg_rundate2021-09-04_ctd4,4,abcg,4,9,12.0,9.068318572,260.784674065712,1.0,1.0,0.0,0.0
ex4_abcg_rundate2021-09-04_ctd4,4,abcg,8,4,12.0,7.710116202,179.637929454877,8.0,8.0,0.0,0.0
ex4_abcg_rundate2021-09-04_ctd4,4,abcg,22,15,12.0,6.594898214,217.740957859061,2.0,2.0,0.0,0.0
ex4_abcg_rundate2021-09-04_ctd4,4,abcg,1,2,6.0,2.444679226,94.0520598724769,0.0,0.0,0.0,0.0
ex4_abcg_rundate2021-09-04_ctd4,4,abcg,40,35,12.0,6.327419333,195.111380440787,1.0,1.0,0.0,0.0
ex4_abcg_rundate2021-09-04_ctd4,4,abcg,52,51,12.0,7.028054074,226.052352419419,3.0,3.0,0.0,0.0
ex4_abcg_rundate2021-09-04_ctd4,4,abcg,19,20,12.0,9.670389559,266.851876083053,6.0,6.0,0.0,0.0
ex4_abcg_rundate2021-09-04_ctd4,4,abcg,6,11,12.0,6.800324389,240.878954790344,36.0,36.0,0.0,0.0
ex4_abcg_rundate2021-09-04_ctd4,4,abcg,22,35,24.0,20.80852046,397.319156449985,0.0,0.0,0.0,0.0
ex4_abcg_rundate2021-09-04_ctd4,4,abcg,9,6,12.0,7.674605278,165.618941888485,0.0,0.0,0.0,0.0
ex4_abcg_rundate2021-09-04_ctd4,4,abcg,8,2,12.0,9.515706389,252.458807101734,0.0,0.0,0.0,0.0
ex4_abcg_rundate2021-09-04_ctd4,4,abcg,50,55,12.0,7.467738413,255.33797869718,30.0,30.0,0.0,0.0
ex4_abcg_rundate2021-09-04_ctd4,4,abcg,66,63,18.0,17.57798659,330.741716784567,2.0,2.0,0.0,0.0
ex4_abcg_rundate2021-09-04_ctd4,4,abcg,13,19,12.0,7.808304348,219.773425311445,10.0,10.0,0.0,0.0
ex4_abcg_rundate2021-09-04_ctd4,4,abcg,29,22,12.0,9.163609909,195.156352093002,13.0,13.0,0.0,0.0
ex4_abcg_rundate2021-09-04_ctd4,4,abcg,17,10,18.0,16.41826296,285.454634813656,1.0,1.0,0.0,0.0
ex4_abcg_rundate2021-09-04_ctd4,4,abcg,23,21,18.0,13.36683194,222.27452865026,2.0,2.0,0.0,0.0
ex4_abcg_rundate2021-09-04_ctd4,4,abcg,50,57,12.0,10.50299284,276.724910469429,14.0,14.0,0.0,0.0
ex4_abcg_rundate2021-09-04_ctd4,4,abcg,34,37,24.0,18.74998763,300.202990619688,5.0,5.0,0.0,0.0
ex4_abcg_rundate2021-09-04_ctd4,4,abcg,35,22,24.0,21.48926583,397.319156449985,0.0,0.0,0.0,0.0
ex4_abcg_rundate2021-09-04_ctd4,4,abcg,2,5,6.0,3.774056944,117.432143994265,0.0,0.0,0.0,0.0
ex4_abcg_rundate2021-09-04_ctd4,4,abcg,34,30,12.0,8.584165971,269.533904865347,31.0,31.0,0.0,0.0
ex4_abcg_rundate2021-09-04_ctd4,4,abcg,14,13,66.0,60.34616,75.0676528318226,0.0,0.0,0.0,0.0
ex4_abcg_rundate2021-09-04_ctd4,4,abcg,26,21,12.0,8.245203931,245.599883785544,18.0,18.0,0.0,0.0
ex4_abcg_rundate2021-09-04_ctd4,4,abcg,47,36,12.0,9.443832778,327.151928083114,0.0,0.0,0.0,0.0
ex4_abcg_rundate2021-09-04_ctd4,4,abcg,3,9,12.0,6.705392634,225.160771524459,8.0,8.0,0.0,0.0
ex4_abcg_rundate2021-09-04_ctd4,4,abcg,64,53,12.0,10.48611722,377.593080541843,9.0,9.0,0.0,0.0
ex4_abcg_rundate2021-09-04_ctd4,4,abcg,26,18,12.0,7.611883319,243.728570897212,2.0,2.0,0.0,0.0
ex4_abcg_rundate2021-09-04_ctd4,4,abcg,30,13,18.0,12.5,529.389445620263,16.0,16.0,0.0,0.0
ex4_abcg_rundate2021-09-04_ctd4,4,abcg,18,12,6.0,4.539634892,158.615955881854,0.0,0.0,0.0,0.0
ex4_abcg_rundate2021-09-04_ctd4,4,abcg,35,29,12.0,8.501904191,215.450902575466,0.0,0.0,0.0,0.0
ex4_abcg_rundate2021-09-04_ctd4,4,abcg,38,34,12.0,7.146470262,246.846158338184,36.0,36.0,0.0,0.0
ex4_abcg_rundate2021-09-04_ctd4,4,abcg,35,39,6.0,3.205039593,130.085846939464,13.0,13.0,0.0,0.0
ex4_abcg_rundate2021-09-04_ctd4,4,abcg,25,17,12.0,6.438168333,227.368525579854,0.0,0.0,0.0,0.0
ex4_abcg_rundate2021-09-04_ctd4,4,abcg,63,52,36.0,31.20914111,450.627463431132,0.0,0.0,0.0,0.0
ex4_abcg_rundate2021-09-04_ctd4,4,abcg,16,20,12.0,9.186221462,275.720335325065,3.0,3.0,0.0,0.0
ex4_abcg_rundate2021-09-04_ctd4,4,abcg,55,50,12.0,6.86057705,255.33797869718,27.0,27.0,0.0,0.0
ex4_abcg_rundate2021-09-04_ctd4,4,abcg,61,64,6.0,4.342777778,164.167702995166,0.0,0.0,0.0,0.0
ex4_abcg_rundate2021-09-04_ctd4,4,abcg,4,10,12.0,7.832734444,226.318836494536,2.0,2.0,0.0,0.0
ex4_abcg_rundate2021-09-04_ctd4,4,abcg,36,39,12.0,10.23975592,274.034207117547,3.0,3.0,0.0,0.0
ex4_abcg_rundate2021-09-04_ctd4,4,abcg,7,2,6.0,5.792768582,217.951370235144,1.0,1.0,0.0,0.0
ex4_abcg_rundate2021-09-04_ctd4,4,abcg,31,32,18.0,14.93580361,205.489460058827,0.0,0.0,0.0,0.0
ex4_abcg_rundate2021-09-04_ctd4,4,abcg,19,25,6.0,5.546718436,190.850576107284,0.0,0.0,0.0,0.0
ex4_abcg_rundate2021-09-04_ctd4,4,abcg,10,17,18.0,16.41826296,285.454634813656,0.0,0.0,0.0,0.0
ex4_abcg_rundate2021-09-04_ctd4,4,abcg,6,3,6.0,5.089065,107.627571703066,0.0,0.0,0.0,0.0
ex4_abcg_rundate2021-09-04_ctd4,4,abcg,30,23,18.0,13.76540261,275.328287083623,2.0,2.0,0.0,0.0
ex4_abcg_rundate2021-09-04_ctd4,4,abcg,36,23,24.0,19.79042,419.416328452391,10.0,10.0,0.0,0.0
ex4_abcg_rundate2021-09-04_ctd4,4,abcg,1,7,12.0,9.630762983,270.980577747204,0.0,0.0,0.0,0.0
ex4_abcg_rundate2021-09-04_ctd4,4,abcg,19,13,12.0,7.542982048,219.773425311445,12.0,12.0,0.0,0.0
ex4_abcg_rundate2021-09-04_ctd4,4,abcg,32,39,12.0,6.092069787,223.145722054687,0.0,0.0,0.0,0.0
ex4_abcg_rundate2021-09-04_ctd4,4,abcg,25,11,18.0,13.97332324,409.269676982207,27.0,27.0,0.0,0.0
ex4_abcg_rundate2021-09-04_ctd4,4,abcg,33,42,12.0,9.460181794,275.580117356592,32.0,32.0,0.0,0.0
ex4_abcg_rundate2021-09-04_ctd4,4,abcg,56,62,18.0,13.79328598,243.595147576949,0.0,0.0,0.0,0.0
ex4_abcg_rundate2021-09-04_ctd4,4,abcg,32,29,6.0,5.840128056,123.682521081132,0.0,0.0,0.0,0.0
ex4_abcg_rundate2021-09-04_ctd4,4,abcg,1,3,6.0,4.450994546,125.622431360481,0.0,0.0,0.0,0.0
ex4_abcg_rundate2021-09-04_ctd4,4,abcg,36,44,12.0,9.824423945,276.933466682987,8.0,8.0,0.0,0.0
ex4_abcg_rundate2021-09-04_ctd4,4,abcg,57,48,24.0,21.39030722,166.565832820728,1.0,1.0,0.0,0.0
ex4_abcg_rundate2021-09-04_ctd4,4,abcg,21,9,24.0,20.86430251,390.577623757823,0.0,0.0,0.0,0.0
ex4_abcg_rundate2021-09-04_ctd4,4,abcg,12,15,6.0,3.592126888,81.5118255360498,0.0,0.0,0.0,0.0
ex4_abcg_rundate2021-09-04_ctd4,4,abcg,9,10,12.0,9.926109582,163.074680306897,0.0,0.0,0.0,0.0
ex4_abcg_rundate2021-09-04_ctd4,4,abcg,62,57,24.0,18.47220833,435.342763991966,0.0,0.0,0.0,0.0
ex4_abcg_rundate2021-09-04_ctd4,4,abcg,53,45,12.0,6.595287355,179.139190471413,61.0,61.0,0.0,0.0
ex4_abcg_rundate2021-09-04_ctd4,4,abcg,12,2,12.0,11.94232708,456.747326352691,0.0,0.0,0.0,0.0
ex4_abcg_rundate2021-09-04_ctd4,4,abcg,29,35,12.0,8.637178555,215.450902575466,13.0,13.0,0.0,0.0
ex4_abcg_rundate2021-09-04_ctd4,4,abcg,9,3,72.0,68.49446631,225.160771524459,0.0,0.0,0.0,0.0
ex4_abcg_rundate2021-09-04_ctd4,4,abcg,16,10,12.0,7.49482566,249.864885342296,8.0,8.0,0.0,0.0
ex4_abcg_rundate2021-09-04_ctd4,4,abcg,26,12,12.0,10.5225,399.083890466118,0.0,0.0,0.0,0.0
ex4_abcg_rundate2021-09-04_ctd4,4,abcg,17,19,6.0,3.643151389,44.2107955052226,0.0,0.0,0.0,0.0
ex4_abcg_rundate2021-09-04_ctd4,4,abcg,11,19,12.0,6.730095422,220.285385100018,2.0,2.0,0.0,0.0
ex4_abcg_rundate2021-09-04_ctd4,4,abcg,16,19,6.0,2.08,75.7175767766743,0.0,0.0,0.0,0.0
ex4_abcg_rundate2021-09-04_ctd4,4,abcg,19,30,18.0,12.87256586,364.944675691236,17.0,17.0,0.0,0.0
ex4_abcg_rundate2021-09-04_ctd4,4,abcg,33,20,30.0,24.16277917,473.123468193964,12.0,12.0,0.0,0.0
ex4_abcg_rundate2021-09-04_ctd4,4,abcg,26,28,24.0,22.29939278,384.105212711011,1.0,1.0,0.0,0.0
ex4_abcg_rundate2021-09-04_ctd4,4,abcg,27,29,12.0,10.96939809,258.217358484611,0.0,0.0,0.0,0.0
ex4_abcg_rundate2021-09-04_ctd4,4,abcg,23,36,24.0,20.2758468,419.416328452391,1.0,1.0,0.0,0.0
ex4_abcg_rundate2021-09-04_ctd4,4,abcg,39,35,6.0,3.443703567,130.085846939464,0.0,0.0,0.0,0.0
ex4_abcg_rundate2021-09-04_ctd4,4,abcg,31,23,18.0,15.48,327.858988338023,0.0,0.0,0.0,0.0
ex4_abcg_rundate2021-09-04_ctd4,4,abcg,37,30,12.0,6.949756591,203.075347443691,20.0,20.0,0.0,0.0
ex4_abcg_rundate2021-09-04_ctd4,4,abcg,47,60,12.0,11.02906907,398.708370202492,14.0,14.0,0.0,0.0
ex4_abcg_rundate2021-09-04_ctd4,4,abcg,21,23,12.0,8.452012028,222.27452865026,2.0,2.0,0.0,0.0
ex4_abcg_rundate2021-09-04_ctd4,4,abcg,48,59,24.0,23.59832028,245.228545650453,3.0,3.0,0.0,0.0
ex4_abcg_rundate2021-09-04_ctd4,4,abcg,17,11,12.0,8.719465501,181.977317863828,2.0,2.0,0.0,0.0
ex4_abcg_rundate2021-09-04_ctd4,4,abcg,55,62,12.0,11.51726875,229.058967967787,0.0,0.0,0.0,0.0
ex4_abcg_rundate2021-09-04_ctd4,4,abcg,13,20,66.0,65.39982139,132.397203119022,0.0,0.0,0.0,0.0
ex4_abcg_rundate2021-09-04_ctd4,4,abcg,32,35,6.0,2.545043681,93.4003588519256,0.0,0.0,0.0,0.0
ex4_abcg_rundate2021-09-04_ctd4,4,abcg,21,31,24.0,19.96182667,364.587657975129,0.0,0.0,0.0,0.0
ex4_abcg_rundate2021-09-04_ctd4,4,abcg,52,41,12.0,10.77323338,276.144651532919,10.0,10.0,0.0,0.0
ex4_abcg_rundate2021-09-04_ctd4,4,abcg,30,34,12.0,8.620092145,269.533904865347,10.0,10.0,0.0,0.0
ex4_abcg_rundate2021-09-04_ctd4,4,abcg,52,42,12.0,7.974811415,239.648188825157,11.0,11.0,0.0,0.0
ex4_abcg_rundate2021-09-04_ctd4,4,abcg,15,22,6.0,5.777241231,217.740957859061,0.0,0.0,0.0,0.0
ex4_abcg_rundate2021-09-04_ctd4,4,abcg,11,10,6.0,2.359573778,106.646916050776,0.0,0.0,0.0,0.0
ex4_abcg_rundate2021-09-04_ctd4,4,abcg,6,2,24.0,22.82742056,143.53282160667,0.0,0.0,0.0,0.0
ex4_abcg_rundate2021-09-04_ctd4,4,abcg,8,7,6.0,3.703748908,120.828293766893,0.0,0.0,0.0,0.0
ex4_abcg_rundate2021-09-04_ctd4,4,abcg,47,44,6.0,1.653063473,53.9958540140862,0.0,0.0,0.0,0.0
ex4_abcg_rundate2021-09-04_ctd4,4,abcg,62,50,12.0,11.10251669,308.639124560259,6.0,6.0,0.0,0.0
ex4_abcg_rundate2021-09-04_ctd4,4,abcg,12,21,24.0,22.73789799,280.63164817055,0.0,0.0,0.0,0.0
ex4_abcg_rundate2021-09-04_ctd4,4,abcg,1,8,12.0,11.53751889,332.583665002099,12.0,12.0,0.0,0.0
ex4_abcg_rundate2021-09-04_ctd4,4,abcg,17,25,12.0,7.616951193,227.368525579854,2.0,2.0,0.0,0.0
ex4_abcg_rundate2021-09-04_ctd4,4,abcg,15,9,12.0,7.533510015,261.788339815345,2.0,2.0,0.0,0.0
ex4_abcg_rundate2021-09-04_ctd4,4,abcg,55,64,12.0,10.00760111,361.245690377166,0.0,0.0,0.0,0.0
ex4_abcg_rundate2021-09-04_ctd4,4,abcg,27,23,12.0,8.15627938,213.195846974466,1.0,1.0,0.0,0.0
ex4_abcg_rundate2021-09-04_ctd4,4,abcg,26,36,24.0,18.84472222,498.473301899442,3.0,3.0,0.0,0.0
ex4_abcg_rundate2021-09-04_ctd4,4,abcg,39,40,6.0,3.030815001,92.9256367665352,0.0,0.0,0.0,0.0
ex4_abcg_rundate2021-09-04_ctd4,4,abcg,30,27,18.0,12.30582417,388.844756654093,26.0,26.0,0.0,0.0
ex4_abcg_rundate2021-09-04_ctd4,4,abcg,42,46,12.0,7.922341026,192.726148915441,1.0,1.0,0.0,0.0
ex4_abcg_rundate2021-09-04_ctd4,4,abcg,28,27,6.0,5.794532967,166.775479194319,1.0,1.0,0.0,0.0
ex4_abcg_rundate2021-09-04_ctd4,4,abcg,60,53,6.0,5.573272667,178.509302609285,17.0,17.0,0.0,0.0
ex4_abcg_rundate2021-09-04_ctd4,4,abcg,62,55,12.0,11.51726875,229.058967967787,0.0,0.0,0.0,0.0
ex4_abcg_rundate2021-09-04_ctd4,4,abcg,14,10,24.0,20.06741778,356.382550945735,0.0,0.0,0.0,0.0
ex4_abcg_rundate2021-09-04_ctd4,4,abcg,21,12,18.0,16.06699676,280.63164817055,1.0,1.0,0.0,0.0
ex4_abcg_rundate2021-09-04_ctd4,4,abcg,10,5,12.0,8.56993132,212.968382461616,0.0,0.0,0.0,0.0
ex4_abcg_rundate2021-09-04_ctd4,4,abcg,28,26,24.0,20.22801583,384.105212711011,0.0,0.0,0.0,0.0
ex4_abcg_rundate2021-09-04_ctd4,4,abcg,10,11,6.0,2.605880337,106.646916050776,1.0,1.0,0.0,0.0
ex4_abcg_rundate2021-09-04_ctd4,4,abcg,54,47,6.0,5.569791728,203.419149647979,11.0,11.0,0.0,0.0
ex4_abcg_rundate2021-09-04_ctd4,4,abcg,25,16,36.0,30.0510232,265.194331873194,0.0,0.0,0.0,0.0
ex4_abcg_rundate2021-09-04_ctd4,4,abcg,3,1,6.0,4.553562676,125.622431360481,2.0,2.0,0.0,0.0
ex4_abcg_rundate2021-09-04_ctd4,4,abcg,58,65,30.0,29.11685269,295.595706650082,9.0,9.0,0.0,0.0
ex4_abcg_rundate2021-09-04_ctd4,4,abcg,24,8,72.0,68.26984361,511.482712283927,12.0,12.0,0.0,0.0
ex4_abcg_rundate2021-09-04_ctd4,4,abcg,37,25,18.0,13.53191459,378.89116471766,51.0,51.0,0.0,0.0
ex4_abcg_rundate2021-09-04_ctd4,4,abcg,16,21,12.0,9.617983038,267.836855260699,1.0,1.0,0.0,0.0
ex4_abcg_rundate2021-09-04_ctd4,4,abcg,25,37,18.0,13.73118509,378.89116471766,30.0,30.0,0.0,0.0
ex4_abcg_rundate2021-09-04_ctd4,4,abcg,17,16,24.0,19.83809514,40.2357869466967,0.0,0.0,0.0,0.0
ex4_abcg_rundate2021-09-04_ctd4,4,abcg,48,57,24.0,21.39030722,166.565832820728,0.0,0.0,0.0,0.0
ex4_abcg_rundate2021-09-04_ctd4,4,abcg,56,61,114.0,109.5041722,178.493402888285,0.0,0.0,0.0,0.0
ex4_abcg_rundate2021-09-04_ctd4,4,abcg,31,36,12.0,8.89976935,230.50805487632,8.0,8.0,0.0,0.0
ex4_abcg_rundate2021-09-04_ctd4,4,abcg,13,7,12.0,9.8534625,377.438102707487,0.0,0.0,0.0,0.0
ex4_abcg_rundate2021-09-04_ctd4,4,abcg,42,51,18.0,12.26666667,303.448738739285,3.0,3.0,0.0,0.0
ex4_abcg_rundate2021-09-04_ctd4,4,abcg,6,5,6.0,4.026543651,86.1956847307827,0.0,0.0,0.0,0.0
ex4_abcg_rundate2021-09-04_ctd4,4,abcg,16,17,6.0,1.2,40.2357869466967,0.0,0.0,0.0,0.0
ex4_abcg_rundate2021-09-04_ctd4,4,abcg,57,50,12.0,10.01018321,276.724910469429,3.0,3.0,0.0,0.0
ex4_abcg_rundate2021-09-04_ctd4,4,abcg,48,50,12.0,10.5722728,287.316338671315,15.0,15.0,0.0,0.0
ex4_abcg_rundate2021-09-04_ctd4,4,abcg,46,52,12.0,6.872102929,200.051936269149,0.0,0.0,0.0,0.0
ex4_abcg_rundate2021-09-04_ctd4,4,abcg,32,40,18.0,13.66731852,285.525888606881,0.0,0.0,0.0,0.0
ex4_abcg_rundate2021-09-04_ctd4,4,abcg,46,49,24.0,19.95782972,291.752837141383,14.0,14.0,0.0,0.0
ex4_abcg_rundate2021-09-04_ctd4,4,abcg,28,30,12.0,7.032079588,223.897014907375,2.0,2.0,0.0,0.0
ex4_abcg_rundate2021-09-04_ctd4,4,abcg,16,11,6.0,4.135852867,144.635290896493,5.0,5.0,0.0,0.0
ex4_abcg_rundate2021-09-04_ctd4,4,abcg,3,4,6.0,3.991886451,88.062870904084,0.0,0.0,0.0,0.0
ex4_abcg_rundate2021-09-04_ctd4,4,abcg,10,19,12.0,9.25619282,325.538062031932,0.0,0.0,0.0,0.0
ex4_abcg_rundate2021-09-04_ctd4,4,abcg,42,38,18.0,14.82727757,280.191453008292,0.0,0.0,0.0,0.0
ex4_abcg_rundate2021-09-04_ctd4,4,abcg,2,3,6.0,2.014879861,52.026967685208,0.0,0.0,0.0,0.0
ex4_abcg_rundate2021-09-04_ctd4,4,abcg,25,30,6.0,5.76499377,176.131529642208,3.0,3.0,0.0,0.0
ex4_abcg_rundate2021-09-04_ctd4,4,abcg,16,25,12.0,8.242946924,265.194331873194,0.0,0.0,0.0,0.0
ex4_abcg_rundate2021-09-04_ctd4,4,abcg,45,50,12.0,7.190479209,220.81507557776,1.0,1.0,0.0,0.0
ex4_abcg_rundate2021-09-04_ctd4,4,abcg,36,31,12.0,9.20443652,230.50805487632,35.0,35.0,0.0,0.0
ex4_abcg_rundate2021-09-04_ctd4,4,abcg,28,29,18.0,17.82532222,424.987497459855,0.0,0.0,0.0,0.0
ex4_abcg_rundate2021-09-04_ctd4,4,abcg,21,17,12.0,8.109651283,252.506970181974,5.0,5.0,0.0,0.0
ex4_abcg_rundate2021-09-04_ctd4,4,abcg,5,4,12.0,6.483729667,128.699985818995,2.0,2.0,0.0,0.0
ex4_abcg_rundate2021-09-04_ctd4,4,abcg,51,52,24.0,18.33585493,226.052352419419,0.0,0.0,0.0,0.0
ex4_abcg_rundate2021-09-04_ctd4,4,abcg,43,44,6.0,4.698885321,135.060552524566,2.0,2.0,0.0,0.0
ex4_abcg_rundate2021-09-04_ctd4,4,abcg,2,1,6.0,2.187683389,94.0520598724769,0.0,0.0,0.0,0.0
ex4_abcg_rundate2021-09-04_ctd4,4,abcg,31,21,24.0,19.96182667,364.587657975129,2.0,2.0,0.0,0.0
ex4_abcg_rundate2021-09-04_ctd4,4,abcg,40,39,6.0,4.114458254,92.9256367665352,0.0,0.0,0.0,0.0
ex4_abcg_rundate2021-09-04_ctd4,4,abcg,5,9,6.0,4.117803269,160.906162991854,0.0,0.0,0.0,0.0
ex4_abcg_rundate2021-09-04_ctd4,4,abcg,31,27,12.0,6.544668642,131.888115179211,0.0,0.0,0.0,0.0
ex4_abcg_rundate2021-09-04_ctd4,4,abcg,27,21,12.0,8.425634306,238.494202327232,0.0,0.0,0.0,0.0
ex4_abcg_rundate2021-09-04_ctd4,4,abcg,44,60,18.0,16.36713267,442.021543158779,0.0,0.0,0.0,0.0
ex4_abcg_rundate2021-09-04_ctd4,4,abcg,45,56,12.0,9.162009769,215.728481914269,36.0,36.0,0.0,0.0
ex4_abcg_rundate2021-09-04_ctd4,4,abcg,23,19,12.0,6.562056459,186.217082891239,8.0,8.0,0.0,0.0
ex4_abcg_rundate2021-09-04_ctd4,4,abcg,36,40,12.0,11.58987319,339.20869534341,1.0,1.0,0.0,0.0
ex4_abcg_rundate2021-09-04_ctd4,4,abcg,27,22,18.0,14.08238815,277.677242023253,0.0,0.0,0.0,0.0
ex4_abcg_rundate2021-09-04_ctd4,4,abcg,46,42,12.0,8.029947477,192.726148915441,0.0,0.0,0.0,0.0
ex4_abcg_rundate2021-09-04_ctd4,4,abcg,9,18,12.0,8.877460834,334.331659575354,15.0,15.0,0.0,0.0
ex4_abcg_rundate2021-09-04_ctd4,4,abcg,20,16,18.0,16.49453042,275.720335325065,0.0,0.0,0.0,0.0
ex4_abcg_rundate2021-09-04_ctd4,4,abcg,34,38,12.0,6.51723128,246.846158338184,13.0,13.0,0.0,0.0
ex4_abcg_rundate2021-09-04_ctd4,4,abcg,18,29,18.0,12.37457,327.537095262975,0.0,0.0,0.0,0.0
ex4_abcg_rundate2021-09-04_ctd4,4,abcg,25,10,18.0,14.83286764,512.471794774509,13.0,13.0,0.0,0.0
ex4_abcg_rundate2021-09-04_ctd4,4,abcg,62,64,18.0,12.84607139,300.585587880085,3.0,3.0,0.0,0.0
ex4_abcg_rundate2021-09-04_ctd4,4,abcg,26,27,12.0,10.8800795,223.36504284514,0.0,0.0,0.0,0.0
ex4_abcg_rundate2021-09-04_ctd4,4,abcg,54,55,12.0,9.018922361,251.413302505244,0.0,0.0,0.0,0.0
ex4_abcg_rundate2021-09-04_ctd4,4,abcg,28,31,12.0,9.434176667,239.068657774128,4.0,4.0,0.0,0.0
ex4_abcg_rundate2021-09-04_ctd4,4,abcg,32,26,12.0,10.88502439,205.516450111238,5.0,5.0,0.0,0.0
ex4_abcg_rundate2021-09-04_ctd4,4,abcg,55,60,12.0,7.719619166,175.083419846851,5.0,5.0,0.0,0.0
ex4_abcg_rundate2021-09-04_ctd4,4,abcg,27,31,12.0,7.228457702,131.888115179211,0.0,0.0,0.0,0.0
ex4_abcg_rundate2021-09-04_ctd4,4,abcg,22,29,12.0,7.927844099,195.156352093002,0.0,0.0,0.0,0.0
ex4_abcg_rundate2021-09-04_ctd4,4,abcg,58,52,12.0,8.277081228,156.613644032919,8.0,8.0,0.0,0.0
ex4_abcg_rundate2021-09-04_ctd4,4,abcg,50,49,30.0,29.27748203,422.616156376324,9.0,9.0,0.0,0.0
ex4_abcg_rundate2021-09-04_ctd4,4,abcg,25,13,18.0,14.40658722,377.893051848251,1.0,1.0,0.0,0.0
ex4_abcg_rundate2021-09-04_ctd4,4,abcg,53,56,6.0,1.9396375,36.6503806147809,0.0,0.0,0.0,0.0
ex4_abcg_rundate2021-09-04_ctd4,4,abcg,15,26,12.0,11.04091075,325.436340123633,0.0,0.0,0.0,0.0
ex4_abcg_rundate2021-09-04_ctd4,4,abcg,41,46,12.0,10.44630278,135.725564949416,0.0,0.0,0.0,0.0
ex4_abcg_rundate2021-09-04_ctd4,4,abcg,61,60,6.0,1.75,65.9648991921843,2.0,2.0,0.0,0.0
ex4_abcg_rundate2021-09-04_ctd4,4,abcg,33,24,12.0,9.777156177,265.984125374118,15.0,15.0,0.0,0.0
ex4_abcg_rundate2021-09-04_ctd4,4,abcg,60,61,6.0,5.265111111,65.9648991921843,0.0,0.0,0.0,0.0
ex4_abcg_rundate2021-09-04_ctd4,4,abcg,53,64,12.0,10.48611722,377.593080541843,2.0,2.0,0.0,0.0
ex4_abcg_rundate2021-09-04_ctd4,4,abcg,22,27,18.0,14.08238815,277.677242023253,0.0,0.0,0.0,0.0
ex4_abcg_rundate2021-09-04_ctd4,4,abcg,29,15,24.0,18.60927163,408.712905996668,0.0,0.0,0.0,0.0
ex4_abcg_rundate2021-09-04_ctd4,4,abcg,18,22,6.0,4.152508987,136.081524611731,3.0,3.0,0.0,0.0
ex4_abcg_rundate2021-09-04_ctd4,4,abcg,32,27,12.0,10.18822722,271.868085412542,0.0,0.0,0.0,0.0
ex4_abcg_rundate2021-09-04_ctd4,4,abcg,6,1,12.0,8.823131241,231.70697168091,15.0,15.0,0.0,0.0
ex4_abcg_rundate2021-09-04_ctd4,4,abcg,11,6,12.0,6.630303352,240.878954790344,35.0,35.0,0.0,0.0
ex4_abcg_rundate2021-09-04_ctd4,4,abcg,21,18,18.0,12.68434497,206.664757229232,0.0,0.0,0.0,0.0
ex4_abcg_rundate2021-09-04_ctd4,4,abcg,32,31,18.0,14.93580361,205.489460058827,0.0,0.0,0.0,0.0
ex4_abcg_rundate2021-09-04_ctd4,4,abcg,59,57,12.0,6.759575737,218.234504098085,3.0,3.0,0.0,0.0
ex4_abcg_rundate2021-09-04_ctd4,4,abcg,13,25,18.0,14.40658722,377.893051848251,2.0,2.0,0.0,0.0
ex4_abcg_rundate2021-09-04_ctd4,4,abcg,21,16,12.0,9.617983038,267.836855260699,0.0,0.0,0.0,0.0
ex4_abcg_rundate2021-09-04_ctd4,4,abcg,46,38,66.0,63.28934278,294.327835507317,1.0,1.0,0.0,0.0
ex4_abcg_rundate2021-09-04_ctd4,4,abcg,20,19,12.0,9.444444259,266.851876083053,3.0,3.0,0.0,0.0
ex4_abcg_rundate2021-09-04_ctd4,4,abcg,11,16,6.0,4.144170722,144.635290896493,1.0,1.0,0.0,0.0
ex4_abcg_rundate2021-09-04_ctd4,4,abcg,43,47,6.0,5.736752688,173.937696063878,44.0,44.0,0.0,0.0
ex4_abcg_rundate2021-09-04_ctd4,4,abcg,26,15,12.0,10.23172685,325.436340123633,0.0,0.0,0.0,0.0
ex4_abcg_rundate2021-09-04_ctd4,4,abcg,8,14,12.0,7.612384841,271.409197101588,2.0,2.0,0.0,0.0
ex4_abcg_rundate2021-09-04_ctd4,4,abcg,14,24,12.0,10.58152186,280.877491925992,0.0,0.0,0.0,0.0
ex4_abcg_rundate2021-09-04_ctd4,4,abcg,2,7,6.0,5.966326667,217.951370235144,0.0,0.0,0.0,0.0
ex4_abcg_rundate2021-09-04_ctd4,4,abcg,8,3,18.0,12.5044975,267.464597505265,1.0,1.0,0.0,0.0
ex4_abcg_rundate2021-09-04_ctd4,4,abcg,60,55,6.0,5.357021349,175.083419846851,7.0,7.0,0.0,0.0
ex4_abcg_rundate2021-09-04_ctd4,4,abcg,4,3,30.0,26.06069347,88.062870904084,0.0,0.0,0.0,0.0
ex4_abcg_rundate2021-09-04_ctd4,4,abcg,59,63,18.0,14.36712208,314.845463574063,17.0,17.0,0.0,0.0
ex4_abcg_rundate2021-09-04_ctd4,4,abcg,9,7,12.0,10.71324944,429.610538922036,0.0,0.0,0.0,0.0
ex4_abcg_rundate2021-09-04_ctd4,4,abcg,18,15,6.0,2.220464653,81.7233006058302,0.0,0.0,0.0,0.0
ex4_abcg_rundate2021-09-04_ctd4,4,abcg,36,26,24.0,18.84472222,498.473301899442,0.0,0.0,0.0,0.0
ex4_abcg_rundate2021-09-04_ctd4,4,abcg,49,46,30.0,25.17704041,291.752837141383,6.0,6.0,0.0,0.0
ex4_abcg_rundate2021-09-04_ctd4,4,abcg,56,60,6.0,4.781224966,143.694355557054,0.0,0.0,0.0,0.0
ex4_abcg_rundate2021-09-04_ctd4,4,abcg,41,52,30.0,25.90846305,276.144651532919,1.0,1.0,0.0,0.0
ex4_abcg_rundate2021-09-04_ctd4,4,abcg,14,16,12.0,8.058050185,261.738386626473,0.0,0.0,0.0,0.0
ex4_abcg_rundate2021-09-04_ctd4,4,abcg,45,53,12.0,7.186124456,179.139190471413,37.0,37.0,0.0,0.0
ex4_abcg_rundate2021-09-04_ctd4,4,abcg,64,60,12.0,6.749555884,220.147305452734,0.0,0.0,0.0,0.0
ex4_abcg_rundate2021-09-04_ctd4,4,abcg,14,8,12.0,8.466719451,271.409197101588,1.0,1.0,0.0,0.0
ex4_abcg_rundate2021-09-04_ctd4,4,abcg,33,38,30.0,24.78536644,258.342294361296,0.0,0.0,0.0,0.0
ex4_abcg_rundate2021-09-04_ctd4,4,abcg,8,13,12.0,7.093338847,259.327533946253,22.0,22.0,0.0,0.0
ex4_abcg_rundate2021-09-04_ctd4,4,abcg,3,10,12.0,8.068437771,250.222045738869,1.0,1.0,0.0,0.0
ex4_abcg_rundate2021-09-04_ctd4,4,abcg,45,62,18.0,17.73066262,395.617380501098,0.0,0.0,0.0,0.0
ex4_abcg_rundate2021-09-04_ctd4,4,abcg,9,21,18.0,17.15014306,390.577623757823,0.0,0.0,0.0,0.0
ex4_abcg_rundate2021-09-04_ctd4,4,abcg,62,45,18.0,17.73066262,395.617380501098,2.0,2.0,0.0,0.0
ex4_abcg_rundate2021-09-04_ctd4,4,abcg,32,43,18.0,12.43146139,418.092925272855,13.0,13.0,0.0,0.0
ex4_abcg_rundate2021-09-04_ctd4,4,abcg,38,41,18.0,12.78653828,194.115212574243,9.0,9.0,0.0,0.0
ex4_abcg_rundate2021-09-04_ctd4,4,abcg,17,20,12.0,10.97056935,287.47048347976,6.0,6.0,0.0,0.0
ex4_abcg_rundate2021-09-04_ctd4,4,abcg,45,36,18.0,14.87320462,409.231464409601,26.0,26.0,0.0,0.0
ex4_abcg_rundate2021-09-04_ctd4,4,abcg,46,51,12.0,8.08753047,113.945282724156,0.0,0.0,0.0,0.0
ex4_abcg_rundate2021-09-04_ctd4,4,abcg,41,58,24.0,18.40002694,364.756331462513,0.0,0.0,0.0,0.0
ex4_abcg_rundate2021-09-04_ctd4,4,abcg,39,32,12.0,6.222808362,223.145722054687,3.0,3.0,0.0,0.0
ex4_abcg_rundate2021-09-04_ctd4,4,abcg,35,26,18.0,13.97987556,289.607600987482,8.0,8.0,0.0,0.0
ex4_abcg_rundate2021-09-04_ctd4,4,abcg,55,54,12.0,10.32550926,251.413302505244,0.0,0.0,0.0,0.0
ex4_abcg_rundate2021-09-04_ctd4,4,abcg,49,51,12.0,6.940666027,237.392142456391,0.0,0.0,0.0,0.0
ex4_abcg_rundate2021-09-04_ctd4,4,abcg,30,28,12.0,7.75369283,223.897014907375,8.0,8.0,0.0,0.0
ex4_abcg_rundate2021-09-04_ctd4,4,abcg,15,18,42.0,38.59049164,81.7233006058302,0.0,0.0,0.0,0.0
ex4_abcg_rundate2021-09-04_ctd4,4,abcg,16,23,12.0,6.4,238.30765466463,2.0,2.0,0.0,0.0
ex4_abcg_rundate2021-09-04_ctd4,4,abcg,19,17,24.0,20.77045754,44.2107955052226,0.0,0.0,0.0,0.0
ex4_abcg_rundate2021-09-04_ctd4,4,abcg,24,20,12.0,9.548849963,224.76766105403,6.0,6.0,0.0,0.0
ex4_abcg_rundate2021-09-04_ctd4,4,abcg,10,14,24.0,20.06741778,356.382550945735,0.0,0.0,0.0,0.0
ex4_abcg_rundate2021-09-04_ctd4,4,abcg,35,32,6.0,2.478843978,93.4003588519256,0.0,0.0,0.0,0.0
ex4_abcg_rundate2021-09-04_ctd4,4,abcg,27,26,18.0,16.75143776,223.36504284514,0.0,0.0,0.0,0.0
ex4_abcg_rundate2021-09-04_ctd4,4,abcg,35,40,6.0,5.58644162,195.111380440787,1.0,1.0,0.0,0.0
ex4_abcg_rundate2021-09-04_ctd4,4,abcg,24,33,12.0,9.297454803,265.984125374118,26.0,26.0,0.0,0.0
ex4_abcg_rundate2021-09-04_ctd4,4,abcg,61,55,42.0,36.23945148,202.197267528713,0.0,0.0,0.0,0.0
ex4_abcg_rundate2021-09-04_ctd4,4,abcg,13,16,12.0,6.547344583,192.181292947629,0.0,0.0,0.0,0.0
ex4_abcg_rundate2021-09-04_ctd4,4,abcg,65,66,24.0,19.58881534,197.354986304711,0.0,0.0,0.0,0.0
ex4_abcg_rundate2021-09-04_ctd4,4,abcg,31,22,24.0,23.24222035,356.099937525526,0.0,0.0,0.0,0.0
ex4_abcg_rundate2021-09-04_ctd4,4,abcg,36,30,18.0,17.33178681,356.961202161502,3.0,3.0,0.0,0.0
ex4_abcg_rundate2021-09-04_ctd4,4,abcg,22,21,12.0,8.335492128,191.04881028731,0.0,0.0,0.0,0.0
ex4_abcg_rundate2021-09-04_ctd4,4,abcg,50,48,12.0,11.92342339,287.316338671315,7.0,7.0,0.0,0.0
ex4_abcg_rundate2021-09-04_ctd4,4,abcg,30,19,18.0,12.87256586,364.944675691236,4.0,4.0,0.0,0.0
ex4_abcg_rundate2021-09-04_ctd4,4,abcg,37,34,24.0,23.41331597,300.202990619688,4.0,4.0,0.0,0.0
ex4_abcg_rundate2021-09-04_ctd4,4,abcg,52,63,30.0,29.36488375,450.627463431132,0.0,0.0,0.0,0.0
ex4_abcg_rundate2021-09-04_ctd4,4,abcg,56,64,48.0,46.25954694,341.072664625738,0.0,0.0,0.0,0.0
ex4_abcg_rundate2021-09-04_ctd4,4,abcg,23,27,12.0,7.268428778,213.195846974466,2.0,2.0,0.0,0.0
ex4_abcg_rundate2021-09-04_ctd4,4,abcg,42,41,12.0,8.148794762,110.354121041286,0.0,0.0,0.0,0.0
ex4_abcg_rundate2021-09-04_ctd4,4,abcg,23,28,6.0,5.211147402,127.734528504482,0.0,0.0,0.0,0.0
ex4_abcg_rundate2021-09-04_ctd4,4,abcg,15,31,36.0,33.20752778,558.189157241748,0.0,0.0,0.0,0.0
ex4_abcg_rundate2021-09-04_ctd4,4,abcg,48,51,12.0,10.30953611,372.664823914081,7.0,7.0,0.0,0.0
ex4_abcg_rundate2021-09-04_ctd4,4,abcg,64,54,18.0,15.50137845,394.146167328831,3.0,3.0,0.0,0.0
ex4_abcg_rundate2021-09-04_ctd4,4,abcg,44,36,12.0,9.201458551,276.933466682987,7.0,7.0,0.0,0.0
ex4_abcg_rundate2021-09-04_ctd4,4,abcg,61,56,114.0,109.5041722,178.493402888285,0.0,0.0,0.0,0.0
ex4_abcg_rundate2021-09-04_ctd4,4,abcg,59,46,30.0,27.73461194,389.209516325712,0.0,0.0,0.0,0.0
ex4_abcg_rundate2021-09-04_ctd4,4,abcg,39,36,12.0,10.14914187,274.034207117547,4.0,4.0,0.0,0.0
ex4_abcg_rundate2021-09-04_ctd4,4,abcg,60,54,6.0,5.466158129,195.48595888689,0.0,0.0,0.0,0.0
ex4_abcg_rundate2021-09-04_ctd4,4,abcg,19,14,18.0,14.75131995,277.425531010922,0.0,0.0,0.0,0.0
ex4_abcg_rundate2021-09-04_ctd4,4,abcg,13,14,6.0,3.058284722,75.0676528318226,0.0,0.0,0.0,0.0
ex4_abcg_rundate2021-09-04_ctd4,4,abcg,2,6,24.0,22.82742056,143.53282160667,2.0,2.0,0.0,0.0
ex4_abcg_rundate2021-09-04_ctd4,4,abcg,51,42,18.0,12.26666667,303.448738739285,2.0,2.0,0.0,0.0
ex4_abcg_rundate2021-09-04_ctd4,4,abcg,16,14,12.0,8.058050185,261.738386626473,0.0,0.0,0.0,0.0
ex4_abcg_rundate2021-09-04_ctd4,4,abcg,55,45,18.0,15.62161491,198.077882832993,0.0,0.0,0.0,0.0
ex4_abcg_rundate2021-09-04_ctd4,4,abcg,40,43,6.0,5.932486986,166.678025952888,1.0,1.0,0.0,0.0
ex4_abcg_rundate2021-09-04_ctd4,4,abcg,54,44,12.0,6.98912993,248.602636103602,5.0,5.0,0.0,0.0
ex4_abcg_rundate2021-09-04_ctd4,4,abcg,23,30,18.0,13.73363167,275.328287083623,2.0,2.0,0.0,0.0
ex4_abcg_rundate2021-09-04_ctd4,4,abcg,10,4,12.0,7.832734444,226.318836494536,0.0,0.0,0.0,0.0
ex4_abcg_rundate2021-09-04_ctd4,4,abcg,17,13,12.0,7.077137577,219.647635373139,0.0,0.0,0.0,0.0
ex4_abcg_rundate2021-09-04_ctd4,4,abcg,53,55,6.0,2.107481111,32.7471256270012,0.0,0.0,0.0,0.0
ex4_abcg_rundate2021-09-04_ctd4,4,abcg,19,23,12.0,6.573327867,186.217082891239,12.0,12.0,0.0,0.0
ex4_abcg_rundate2021-09-04_ctd4,4,abcg,25,19,6.0,5.28421804,190.850576107284,0.0,0.0,0.0,0.0
ex4_abcg_rundate2021-09-04_ctd4,4,abcg,43,32,12.0,11.80302991,418.092925272855,14.0,14.0,0.0,0.0
ex4_abcg_rundate2021-09-04_ctd4,4,abcg,8,24,72.0,68.26984361,511.482712283927,25.0,25.0,0.0,0.0
ex4_abcg_rundate2021-09-04_ctd4,4,abcg,2,8,12.0,9.515706389,252.458807101734,0.0,0.0,0.0,0.0
ex4_abcg_rundate2021-09-04_ctd4,4,abcg,38,42,24.0,20.20000278,280.191453008292,1.0,1.0,0.0,0.0
ex4_abcg_rundate2021-09-04_ctd4,4,abcg,53,62,42.0,36.89465324,261.633531590189,0.0,0.0,0.0,0.0
ex4_abcg_rundate2021-09-04_ctd4,4,abcg,26,32,12.0,11.29123927,205.516450111238,2.0,2.0,0.0,0.0
ex4_abcg_rundate2021-09-04_ctd4,4,abcg,12,26,12.0,10.5225,399.083890466118,0.0,0.0,0.0,0.0
ex4_abcg_rundate2021-09-04_ctd4,4,abcg,10,25,18.0,14.83286764,512.471794774509,11.0,11.0,0.0,0.0
ex4_abcg_rundate2021-09-04_ctd4,4,abcg,53,60,12.0,8.538235278,178.509302609285,11.0,11.0,0.0,0.0
ex4_abcg_rundate2021-09-04_ctd4,4,abcg,66,65,12.0,8.81786638,197.354986304711,2.0,2.0,0.0,0.0
ex4_abcg_rundate2021-09-04_ctd4,4,abcg,22,12,12.0,10.32215408,291.661028720496,1.0,1.0,0.0,0.0
ex4_abcg_rundate2021-09-04_ctd4,4,abcg,31,28,12.0,9.434176667,239.068657774128,1.0,1.0,0.0,0.0
ex4_abcg_rundate2021-09-04_ctd4,4,abcg,43,39,12.0,6.363327955,195.041094657658,1.0,1.0,0.0,0.0
ex4_abcg_rundate2021-09-04_ctd4,4,abcg,47,54,6.0,5.722140251,203.419149647979,22.0,22.0,0.0,0.0
ex4_abcg_rundate2021-09-04_ctd4,4,abcg,40,32,18.0,13.66731852,285.525888606881,1.0,1.0,0.0,0.0
ex4_abcg_rundate2021-09-04_ctd4,4,abcg,21,26,12.0,9.279758925,245.599883785544,3.0,3.0,0.0,0.0
ex4_abcg_rundate2021-09-04_ctd4,4,abcg,21,19,12.0,11.13178264,279.864364752434,0.0,0.0,0.0,0.0
ex4_abcg_rundate2021-09-04_ctd4,4,abcg,36,45,18.0,13.05967522,409.231464409601,9.0,9.0,0.0,0.0
ex4_abcg_rundate2021-09-04_ctd4,4,abcg,10,9,12.0,8.6671925,163.074680306897,0.0,0.0,0.0,0.0
ex4_abcg_rundate2021-09-04_ctd4,4,abcg,57,59,12.0,7.456024282,218.234504098085,14.0,14.0,0.0,0.0
ex4_abcg_rundate2021-09-04_ctd4,4,abcg,11,25,18.0,13.155557,409.269676982207,23.0,23.0,0.0,0.0
ex4_abcg_rundate2021-09-04_ctd4,4,abcg,35,27,24.0,18.9128482,295.607381118742,0.0,0.0,0.0,0.0
ex4_abcg_rundate2021-09-04_ctd4,4,abcg,14,17,12.0,9.399953504,284.8849333836,0.0,0.0,0.0,0.0
ex4_abcg_rundate2021-09-04_ctd4,4,abcg,29,28,24.0,23.19951,424.987497459855,0.0,0.0,0.0,0.0
ex4_abcg_rundate2021-09-04_ctd4,4,abcg,17,21,12.0,8.137530523,252.506970181974,16.0,16.0,0.0,0.0
ex4_abcg_rundate2021-09-04_ctd4,4,abcg,26,31,18.0,12.85878625,268.406230675006,0.0,0.0,0.0,0.0
ex4_abcg_rundate2021-09-04_ctd4,4,abcg,39,31,12.0,11.95229667,226.747153409043,2.0,2.0,0.0,0.0
ex4_abcg_rundate2021-09-04_ctd4,4,abcg,63,59,18.0,15.05375678,314.845463574063,7.0,7.0,0.0,0.0
ex4_abcg_rundate2021-09-04_ctd4,4,abcg,15,12,6.0,2.136382533,81.5118255360498,0.0,0.0,0.0,0.0
ex4_abcg_rundate2021-09-04_ctd4,4,abcg,44,54,12.0,7.04443728,248.602636103602,9.0,9.0,0.0,0.0
ex4_abcg_rundate2021-09-04_ctd4,4,abcg,10,16,12.0,9.13462963,249.864885342296,0.0,0.0,0.0,0.0
ex4_abcg_rundate2021-09-04_ctd4,4,abcg,22,26,6.0,3.635994201,107.763354102324,0.0,0.0,0.0,0.0
ex4_abcg_rundate2021-09-04_ctd4,4,abcg,7,1,12.0,8.537859669,270.980577747204,3.0,3.0,0.0,0.0
ex4_abcg_rundate2021-09-04_ctd4,4,abcg,11,17,12.0,8.719465501,181.977317863828,0.0,0.0,0.0,0.0
ex4_abcg_rundate2021-09-04_ctd4,4,abcg,24,14,12.0,11.19943668,280.877491925992,0.0,0.0,0.0,0.0
ex4_abcg_rundate2021-09-04_ctd4,4,abcg,21,22,42.0,37.08924944,191.04881028731,0.0,0.0,0.0,0.0
ex4_abcg_rundate2021-09-04_ctd4,4,abcg,12,11,18.0,13.98740528,323.006218362953,0.0,0.0,0.0,0.0
ex4_abcg_rundate2021-09-04_ctd4,4,abcg,35,31,18.0,15.36117121,190.353375379042,0.0,0.0,0.0,0.0
ex4_abcg_rundate2021-09-04_ctd4,4,abcg,61,54,66.0,65.11957687,260.69885920897,0.0,0.0,0.0,0.0
ex4_abcg_rundate2021-09-04_ctd4,4,abcg,29,21,18.0,15.49707372,336.313552825312,5.0,5.0,0.0,0.0
ex4_abcg_rundate2021-09-04_ctd4,4,abcg,60,47,12.0,10.95853339,398.708370202492,5.0,5.0,0.0,0.0
ex4_abcg_rundate2021-09-04_ctd4,4,abcg,15,21,18.0,12.1694825,250.398265658806,0.0,0.0,0.0,0.0
ex4_abcg_rundate2021-09-04_ctd4,4,abcg,26,9,24.0,23.101115,564.38176990031,31.0,31.0,0.0,0.0
ex4_abcg_rundate2021-09-04_ctd4,4,abcg,1,6,12.0,8.800940347,231.70697168091,11.0,11.0,0.0,0.0
ex4_abcg_rundate2021-09-04_ctd4,4,abcg,19,10,12.0,9.069236822,325.538062031932,0.0,0.0,0.0,0.0
ex4_abcg_rundate2021-09-04_ctd4,4,abcg,29,31,12.0,9.621779987,254.734281388742,3.0,3.0,0.0,0.0
ex4_abcg_rundate2021-09-04_ctd4,4,abcg,26,29,6.0,4.686465224,94.1398162124144,0.0,0.0,0.0,0.0
ex4_abcg_rundate2021-09-04_ctd4,4,abcg,36,47,12.0,9.443832778,327.151928083114,0.0,0.0,0.0,0.0
ex4_abcg_rundate2021-09-04_ctd4,4,abcg,21,29,30.0,27.13993611,336.313552825312,2.0,2.0,0.0,0.0
ex4_abcg_rundate2021-09-04_ctd4,4,abcg,20,33,18.0,17.58862278,473.123468193964,12.0,12.0,0.0,0.0
ex4_abcg_rundate2021-09-04_ctd4,4,abcg,4,6,6.0,5.273215833,99.1872054263357,0.0,0.0,0.0,0.0
ex4_abcg_rundate2021-09-04_ctd4,4,abcg,44,43,6.0,4.785632087,135.060552524566,0.0,0.0,0.0,0.0
ex4_abcg_rundate2021-09-04_ctd4,4,abcg,38,33,18.0,14.95797889,258.342294361296,0.0,0.0,0.0,0.0
ex4_abcg_rundate2021-09-04_ctd4,4,abcg,65,58,36.0,34.9450759,295.595706650082,14.0,14.0,0.0,0.0
ex4_abcg_rundate2021-09-04_ctd4,4,abcg,22,9,42.0,38.65837105,459.854612708131,24.0,24.0,0.0,0.0
ex4_abcg_rundate2021-09-04_ctd4,4,abcg,8,1,12.0,11.53751889,332.583665002099,4.0,4.0,0.0,0.0
ex4_abcg_rundate2021-09-04_ctd4,4,abcg,46,59,30.0,27.73461194,389.209516325712,0.0,0.0,0.0,0.0
ex4_abcg_rundate2021-09-04_ctd4,4,abcg,22,31,18.0,17.39329694,356.099937525526,3.0,3.0,0.0,0.0
ex4_abcg_rundate2021-09-04_ctd4,4,abcg,52,58,12.0,8.061681181,156.613644032919,7.0,7.0,0.0,0.0
ex4_abcg_rundate2021-09-04_ctd4,4,abcg,31,15,36.0,33.20752778,558.189157241748,5.0,5.0,0.0,0.0
ex4_abcg_rundate2021-09-04_ctd4,4,abcg,9,15,12.0,8.179661865,261.788339815345,1.0,1.0,0.0,0.0
ex4_abcg_rundate2021-09-04_ctd4,4,abcg,6,10,6.0,4.152956212,143.132983409875,1.0,1.0,0.0,0.0
ex4_abcg_rundate2021-09-04_ctd4,4,abcg,6,4,6.0,5.273215833,99.1872054263357,0.0,0.0,0.0,0.0
ex4_abcg_rundate2021-09-04_ctd4,4,abcg,21,27,12.0,8.601281736,238.494202327232,0.0,0.0,0.0,0.0
ex4_abcg_rundate2021-09-04_ctd4,4,abcg,5,2,12.0,10.20327564,117.432143994265,0.0,0.0,0.0,0.0
ex4_abcg_rundate2021-09-04_ctd4,4,abcg,65,63,12.0,7.61360891,137.076109322734,5.0,5.0,0.0,0.0
ex4_abcg_rundate2021-09-04_ctd4,4,abcg,7,3,12.0,9.714279168,254.396135179801,0.0,0.0,0.0,0.0
ex4_abcg_rundate2021-09-04_ctd4,4,abcg,59,49,24.0,20.49691306,188.417192657867,0.0,0.0,0.0,0.0
ex4_abcg_rundate2021-09-04_ctd4,4,abcg,23,31,18.0,15.48,327.858988338023,8.0,8.0,0.0,0.0
ex4_abcg_rundate2021-09-04_ctd4,4,abcg,51,46,12.0,8.001313278,113.945282724156,0.0,0.0,0.0,0.0
ex4_abcg_rundate2021-09-04_ctd4,4,abcg,26,39,24.0,18.69737139,409.165515244926,11.0,11.0,0.0,0.0
ex4_abcg_rundate2021-09-04_ctd4,4,abcg,10,3,24.0,19.06852125,250.222045738869,0.0,0.0,0.0,0.0
ex4_abcg_rundate2021-09-04_ctd4,4,abcg,48,30,48.0,43.0895832,630.656180691429,5.0,5.0,0.0,0.0
ex4_abcg_rundate2021-09-04_ctd4,4,abcg,20,14,18.0,16.26823528,87.7841480960833,0.0,0.0,0.0,0.0
ex4_abcg_rundate2021-09-04_ctd4,4,abcg,17,23,12.0,6.353685238,199.101738539992,2.0,2.0,0.0,0.0
ex4_abcg_rundate2021-09-04_ctd4,4,abcg,23,17,6.0,5.57,199.101738539992,1.0,1.0,0.0,0.0
ex4_abcg_rundate2021-09-04_ctd4,4,abcg,3,8,18.0,12.5044975,267.464597505265,0.0,0.0,0.0,0.0
ex4_abcg_rundate2021-09-04_ctd4,4,abcg,3,5,6.0,1.7,65.4325002913669,0.0,0.0,0.0,0.0
ex4_abcg_rundate2021-09-04_ctd4,4,abcg,9,5,6.0,5.667838673,160.906162991854,2.0,2.0,0.0,0.0
ex4_abcg_rundate2021-09-04_ctd4,4,abcg,37,45,12.0,8.279942197,293.709212608621,83.0,83.0,0.0,0.0
ex4_abcg_rundate2021-09-04_ctd4,4,abcg,27,28,12.0,6.049728174,166.775479194319,0.0,0.0,0.0,0.0
ex4_abcg_rundate2021-09-04_ctd4,4,abcg,3,6,6.0,4.47508671,107.627571703066,5.0,5.0,0.0,0.0
ex4_abcg_rundate2021-09-04_ctd4,4,abcg,55,61,42.0,36.23945148,202.197267528713,0.0,0.0,0.0,0.0
ex4_abcg_rundate2021-09-04_ctd4,4,abcg,60,56,6.0,4.877031592,143.694355557054,0.0,0.0,0.0,0.0
ex4_abcg_rundate2021-09-04_ctd4,4,abcg,63,66,24.0,20.32744919,330.741716784567,0.0,0.0,0.0,0.0
ex4_abcg_rundate2021-09-04_ctd4,4,abcg,1,5,12.0,6.143079306,180.717524272708,0.0,0.0,0.0,0.0
ex4_abcg_rundate2021-09-04_ctd4,4,abcg,13,17,12.0,7.1058375,219.647635373139,0.0,0.0,0.0,0.0
ex4_abcg_rundate2021-09-04_ctd4,4,abcg,14,19,18.0,12.18932403,277.425531010922,0.0,0.0,0.0,0.0
ex4_abcg_rundate2021-09-04_ctd4,4,abcg,20,17,12.0,10.4729137,287.47048347976,10.0,10.0,0.0,0.0
ex4_abcg_rundate2021-09-04_ctd4,4,abcg,48,49,6.0,4.679927501,135.302637356042,6.0,6.0,0.0,0.0
ex4_abcg_rundate2021-09-04_ctd4,4,abcg,41,42,12.0,8.148794762,110.354121041286,0.0,0.0,0.0,0.0
ex4_abcg_rundate2021-09-04_ctd4,4,abcg,9,4,12.0,7.991884028,260.784674065712,0.0,0.0,0.0,0.0
ex4_abcg_rundate2021-09-04_ctd4,4,abcg,29,27,12.0,11.62853831,258.217358484611,1.0,1.0,0.0,0.0
ex4_abcg_rundate2021-09-04_ctd4,4,abcg,29,18,18.0,12.37457,327.537095262975,0.0,0.0,0.0,0.0
ex4_abcg_rundate2021-09-04_ctd4,4,abcg,13,30,18.0,12.42,529.389445620263,26.0,26.0,0.0,0.0
ex4_abcg_rundate2021-09-04_ctd4,4,abcg,27,35,24.0,19.29192694,295.607381118742,0.0,0.0,0.0,0.0
ex4_abcg_rundate2021-09-04_ctd4,4,abcg,12,18,6.0,3.979855625,158.615955881854,0.0,0.0,0.0,0.0
ex4_abcg_rundate2021-09-04_ctd4,4,abcg,20,24,12.0,8.904265068,224.76766105403,3.0,3.0,0.0,0.0
ex4_abcg_rundate2021-09-04_ctd4,4,abcg,31,26,18.0,14.12361409,268.406230675006,0.0,0.0,0.0,0.0
ex4_abcg_rundate2021-09-04_ctd4,4,abcg,55,53,6.0,2.107481111,32.7471256270012,0.0,0.0,0.0,0.0
ex4_abcg_rundate2021-09-04_ctd4,4,abcg,31,39,30.0,24.77053139,226.747153409043,8.0,8.0,0.0,0.0
ex4_abcg_rundate2021-09-04_ctd4,4,abcg,42,33,12.0,9.70961287,275.580117356592,26.0,26.0,0.0,0.0
ex4_abcg_rundate2021-09-04_ctd4,4,abcg,9,22,30.0,25.19515102,459.854612708131,15.0,15.0,0.0,0.0
ex4_abcg_rundate2021-09-04_ctd4,4,abcg,39,26,24.0,18.69737139,409.165515244926,4.0,4.0,0.0,0.0
ex4_abcg_rundate2021-09-04_ctd4,4,abcg,64,62,12.0,11.2237925,300.585587880085,3.0,3.0,0.0,0.0
ex4_abcg_rundate2021-09-04_ctd4,4,abcg,31,29,12.0,9.61013889,254.734281388742,0.0,0.0,0.0,0.0
ex4_abcg_rundate2021-09-04_ctd4,4,abcg,9,2,12.0,7.318511948,276.312392711609,36.0,36.0,0.0,0.0
ex4_abcg_rundate2021-09-04_ctd4,4,abcg,26,22,6.0,4.380721243,107.763354102324,0.0,0.0,0.0,0.0
ex4_abcg_rundate2021-09-04_ctd4,4,abcg,5,1,12.0,7.361581389,180.717524272708,0.0,0.0,0.0,0.0
ex4_abcg_rundate2021-09-04_ctd4,4,abcg,10,6,6.0,5.082065635,143.132983409875,0.0,0.0,0.0,0.0
ex4_abcg_rundate2021-09-04_ctd4,4,abcg,11,12,24.0,19.72187594,323.006218362953,0.0,0.0,0.0,0.0
ex4_abcg_rundate2021-09-04_ctd4,4,abcg,40,36,18.0,12.12779746,339.20869534341,1.0,1.0,0.0,0.0
ex4_abcg_rundate2021-09-04_ctd4,4,abcg,55,56,6.0,1.25,36.1378209810836,0.0,0.0,0.0,0.0
ex4_abcg_rundate2021-09-04_ctd4,4,abcg,7,13,12.0,9.8534625,377.438102707487,18.0,18.0,0.0,0.0
ex4_abcg_rundate2021-09-04_ctd4,4,abcg,21,15,24.0,18.82008487,250.398265658806,1.0,1.0,0.0,0.0
ex4_abcg_rundate2021-09-04_ctd4,4,abcg,60,64,12.0,6.706585751,220.147305452734,0.0,0.0,0.0,0.0
ex4_abcg_rundate2021-09-04_ctd4,4,abcg,30,48,42.0,36.6498701,630.656180691429,4.0,4.0,0.0,0.0
ex4_abcg_rundate2021-09-04_ctd4,4,abcg,43,40,12.0,10.45744811,166.678025952888,0.0,0.0,0.0,0.0
ex4_abcg_rundate2021-09-04_ctd4,4,abcg,53,61,18.0,15.80335333,215.143569936221,0.0,0.0,0.0,0.0
ex4_abcg_rundate2021-09-04_ctd4,4,abcg,45,37,12.0,8.198913615,293.709212608621,89.0,89.0,0.0,0.0
ex4_abcg_rundate2021-09-04_ctd4,4,abcg,19,16,6.0,5.741017056,75.7175767766743,0.0,0.0,0.0,0.0
ex4_abcg_rundate2021-09-04_ctd4,4,abcg,5,10,12.0,8.56993132,212.968382461616,1.0,1.0,0.0,0.0
ex4_abcg_rundate2021-09-04_ctd4,4,abcg,30,36,18.0,16.42320659,356.961202161502,4.0,4.0,0.0,0.0
ex4_abcg_rundate2021-09-04_ctd4,4,abcg,4,8,12.0,6.570260496,179.637929454877,13.0,13.0,0.0,0.0
ex4_abcg_rundate2021-09-04_ctd4,4,abcg,12,9,6.0,5.073730041,180.558805838109,2.0,2.0,0.0,0.0
ex4_abcg_rundate2021-09-04_ctd4,4,abcg,49,48,6.0,4.890789337,135.302637356042,2.0,2.0,0.0,0.0
ex4_abcg_rundate2021-09-04_ctd4,4,abcg,7,8,6.0,3.886008352,120.828293766893,4.0,4.0,0.0,0.0
ex4_abcg_rundate2021-09-04_ctd4,4,abcg,46,41,12.0,10.56721589,135.725564949416,0.0,0.0,0.0,0.0
ex4_abcg_rundate2021-09-04_ctd4,4,abcg,22,18,6.0,3.898087674,136.081524611731,0.0,0.0,0.0,0.0
ex4_abcg_rundate2021-09-04_ctd4,4,abcg,7,9,12.0,10.71324944,429.610538922036,5.0,5.0,0.0,0.0
ex4_abcg_rundate2021-09-04_ctd4,4,abcg,30,25,6.0,5.650121865,176.131529642208,4.0,4.0,0.0,0.0
ex4_abcg_rundate2021-09-04_ctd4,4,abcg,54,61,66.0,65.11957687,260.69885920897,0.0,0.0,0.0,0.0
ex4_abcg_rundate2021-09-04_ctd4,4,abcg,50,62,18.0,13.21165365,308.639124560259,5.0,5.0,0.0,0.0
ex4_abcg_rundate2021-09-04_ctd4,4,abcg,18,26,12.0,8.322250167,243.728570897212,4.0,4.0,0.0,0.0
ex4_abcg_rundate2021-09-04_ctd4,4,abcg,11,14,12.0,11.84111111,283.331049644353,0.0,0.0,0.0,0.0
ex4_abcg_rundate2021-09-04_ctd4,4,abcg,28,23,6.0,4.923608148,127.734528504482,0.0,0.0,0.0,0.0
ex4_abcg_rundate2021-09-04_ctd4,4,abcg,52,46,12.0,6.872102929,200.051936269149,1.0,1.0,0.0,0.0
ex4_abcg_rundate2021-09-04_ctd4,4,abcg,19,11,12.0,6.846387897,220.285385100018,0.0,0.0,0.0,0.0
ex4_abcg_rundate2021-09-04_ctd4,4,abcg,38,46,66.0,63.28934278,294.327835507317,0.0,0.0,0.0,0.0
ex4_abcg_rundate2021-09-04_ctd4,4,abcg,33,14,24.0,19.61178454,541.888783051207,0.0,0.0,0.0,0.0
ex4_abcg_rundate2021-09-04_ctd4,4,abcg,58,41,24.0,18.40002694,364.756331462513,0.0,0.0,0.0,0.0
ex4_abcg_rundate2021-09-04_ctd4,4,abcg,50,45,12.0,7.113728792,220.81507557776,1.0,1.0,0.0,0.0
ex4_abcg_rundate2021-09-04_ctd4,4,abcg,44,47,6.0,1.653063473,53.9958540140862,0.0,0.0,0.0,0.0
ex4_abcg_rundate2021-09-04_ctd4,4,abcg,29,26,6.0,5.522167636,94.1398162124144,0.0,0.0,0.0,0.0
ex4_abcg_rundate2021-09-04_ctd4,4,abcg,41,38,18.0,12.4517772,194.115212574243,33.0,33.0,0.0,0.0
ex4_abcg_rundate2021-09-04_ctd4,4,abcg,54,64,18.0,15.50137845,394.146167328831,0.0,0.0,0.0,0.0
ex4_abcg_rundate2021-09-04_ctd4,4,abcg,2,9,12.0,8.148125074,276.312392711609,12.0,12.0,0.0,0.0
ex4_abcg_rundate2021-09-04_ctd4,4,abcg,3,2,6.0,1.912431722,52.026967685208,0.0,0.0,0.0,0.0
ex4_abcg_rundate2021-09-04_ctd4,4,abcg,14,33,24.0,20.44402778,541.888783051207,5.0,5.0,0.0,0.0
ex4_abcg_rundate2021-09-04_ctd4,4,abcg,14,11,18.0,14.20705339,283.331049644353,0.0,0.0,0.0,0.0
ex4_abcg_rundate2021-09-04_ctd4,4,abcg,62,56,18.0,13.79328598,243.595147576949,0.0,0.0,0.0,0.0
ex4_abcg_rundate2021-09-04_ctd4,4,abcg,3,7,12.0,9.714279168,254.396135179801,0.0,0.0,0.0,0.0
ex4_abcg_rundate2021-09-04_ctd4,4,abcg,56,53,6.0,1.05,36.6503806147809,0.0,0.0,0.0,0.0
ex4_abcg_rundate2021-09-04_ctd4,4,abcg,58,63,24.0,18.11810865,294.061954020373,0.0,0.0,0.0,0.0
ex4_abcg_rundate2021-09-04_ctd4,4,abcg,49,50,24.0,20.09466785,422.616156376324,20.0,20.0,0.0,0.0
ex4_abcg_rundate2021-09-04_ctd4,4,abcg,14,20,6.0,2.5,87.7841480960833,0.0,0.0,0.0,0.0
ex4_abcg_rundate2021-09-04_ctd4,4,abcg,56,45,12.0,8.680437624,215.728481914269,30.0,30.0,0.0,0.0
ex4_abcg_rundate2021-09-04_ctd4,4,abcg,39,43,12.0,6.440940933,195.041094657658,23.0,23.0,0.0,0.0
ex4_abcg_rundate2021-09-04_ctd4,4,abcg,29,32,6.0,5.837185009,123.682521081132,0.0,0.0,0.0,0.0
ex4_abcg_rundate2021-09-04_ctd4,4,abcg,60,44,18.0,13.06221164,442.021543158779,4.0,4.0,0.0,0.0
ex4_abcg_rundate2021-09-04_ctd4,4,abcg,5,6,6.0,4.103749657,86.1956847307827,0.0,0.0,0.0,0.0
ex4_abcg_rundate2021-09-04_ctd4,4,abcg,2,12,12.0,11.94232708,456.747326352691,0.0,0.0,0.0,0.0
ex4_abcg_rundate2021-09-04_ctd4,4,abcg,47,43,6.0,5.476895687,173.937696063878,22.0,22.0,0.0,0.0
ex4_abcg_rundate2021-09-04_ctd4,4,abcg,28,36,18.0,16.25679997,292.154050184346,0.0,0.0,0.0,0.0
ex4_abcg_rundate2021-09-04_ctd4,4,abcg,27,30,18.0,12.30582417,388.844756654093,5.0,5.0,0.0,0.0
ex4_abcg_rundate2021-09-04_ctd4,4,abcg,63,51,36.0,34.29257854,371.032307465386,1.0,1.0,0.0,0.0
ex4_abcg_rundate2021-09-04_ctd4,4,abcg,9,12,6.0,5.332584546,180.558805838109,0.0,0.0,0.0,0.0
ex4_abcg_rundate2021-09-04_ctd4,4,abcg,31,35,18.0,17.19824824,190.353375379042,0.0,0.0,0.0,0.0
ex4_abcg_rundate2021-09-04_ctd4,4,abcg,19,21,12.0,11.13178264,279.864364752434,0.0,0.0,0.0,0.0
ex4_abcg_rundate2021-09-04_ctd4,4,abcg,26,35,18.0,13.97987556,289.607600987482,12.0,12.0,0.0,0.0
ex4_abcg_rundate2021-09-04_ctd4,4,abcg,51,48,12.0,10.30953611,372.664823914081,11.0,11.0,0.0,0.0
ex4_abcg_rundate2021-09-04_ctd4,4,abcg,54,60,6.0,5.546278729,195.48595888689,0.0,0.0,0.0,0.0
ex4_abcg_rundate2021-09-04_ctd4,4,abcg,63,65,12.0,8.999231486,137.076109322734,16.0,16.0,0.0,0.0
ex4_abcg_rundate2021-09-04_ctd4,4,abcg,1,9,18.0,12.95982163,339.218315423481,4.0,4.0,0.0,0.0
ex4_abcg_rundate2021-09-04_ctd4,4,abcg,63,58,24.0,18.74966073,294.061954020373,0.0,0.0,0.0,0.0
ex4_abcg_rundate2021-09-04_ctd4,4,abcg,45,55,18.0,15.62161491,198.077882832993,2.0,2.0,0.0,0.0
ex4_abcg_rundate2021-09-04_ctd4,4,abcg,64,56,12.0,9.611532142,341.072664625738,0.0,0.0,0.0,0.0
ex4_abcg_rundate2021-09-04_ctd4,4,abcg,9,26,24.0,23.101115,564.38176990031,16.0,16.0,0.0,0.0
ex4_abcg_rundate2021-09-04_ctd4,4,abcg,18,9,12.0,8.7038975,334.331659575354,11.0,11.0,0.0,0.0
ex4_abcg_rundate2021-09-04_ctd4,4,abcg,13,8,12.0,7.311860141,259.327533946253,29.0,29.0,0.0,0.0
ex4_abcg_rundate2021-09-04_ctd4,4,abcg,12,22,12.0,9.050518333,291.661028720496,0.0,0.0,0.0,0.0
ex4_abcg_rundate2021-09-04_ctd4,4,abcg,5,3,6.0,5.034361389,65.4325002913669,0.0,0.0,0.0,0.0
ex4_abcg_rundate2021-09-04_ctd4,4,abcg,51,49,12.0,7.207493543,237.392142456391,0.0,0.0,0.0,0.0
