ID,example,method,orderid,orderdist,orderpenaltydist,orderdeliverytime,shortesttriptime,remainingmiles,remainingmilespct
ex4_rr_rundate2022-03-23,4,rr,1,472.8484031,0,20.19891362,20.19891362,,
ex4_rr_rundate2022-03-23,4,rr,2,1296.534792,0,91.31851195,47.94232708,,
ex4_rr_rundate2022-03-23,4,rr,3,496.7845601,0,20.2799422,20.2799422,,
ex4_rr_rundate2022-03-23,4,rr,4,959.7502327,0,50.2799422,25.05967522,,
ex4_rr_rundate2022-03-23,4,rr,5,245.5998838,0,14.24520393,8.245203931,,
ex4_rr_rundate2022-03-23,4,rr,6,496.7845601,0,26.2799422,20.2799422,,
ex4_rr_rundate2022-03-23,4,rr,7,1539.556793,0,67.31186014,43.31186014,,
ex4_rr_rundate2022-03-23,4,rr,8,692.5201678,0,27.06923682,20.83286764,,
ex4_rr_rundate2022-03-23,4,rr,9,308.3379153,0,24.5702605,18.5044975,,
ex4_rr_rundate2022-03-23,4,rr,10,672.9160897,0,29.65012187,25.53191459,,
ex4_rr_rundate2022-03-23,4,rr,11,217.9513702,0,5.792768582,5.792768582,,
ex4_rr_rundate2022-03-23,4,rr,12,1925.678558,1925.678558,248.1975714,66.30582417,1375.484684,1
ex4_rr_rundate2022-03-23,4,rr,13,1017.901902,0,65.29123927,41.29123927,,
ex4_rr_rundate2022-03-23,4,rr,14,2955.663553,2955.663553,266.2439884,80.18768339,2111.188252,1
ex4_rr_rundate2022-03-23,4,rr,15,1273.488861,0,57.46018179,57.46018179,,
ex4_rr_rundate2022-03-23,4,rr,16,1432.558577,0,68.2799422,56.2799422,,
ex4_rr_rundate2022-03-23,4,rr,17,227.3685256,0,7.616951193,7.616951193,,
ex4_rr_rundate2022-03-23,4,rr,18,1368.443918,0,61.18612446,55.18612446,,
ex4_rr_rundate2022-03-23,4,rr,19,240.8789548,0,12.80032439,6.800324389,,
ex4_rr_rundate2022-03-23,4,rr,20,2330.103599,2330.103599,246.3397254,74.10748111,1664.359714,1
ex4_rr_rundate2022-03-23,4,rr,21,1485.659803,0,105.4601818,57.46018179,,
ex4_rr_rundate2022-03-23,4,rr,22,1208.697683,0,62.47884398,41.29123927,,
ex4_rr_rundate2022-03-23,4,rr,23,1123.966958,0,62.62009215,50.62009215,,
ex4_rr_rundate2022-03-23,4,rr,24,786.1463359,0,54.57332787,30.35368524,,
ex4_rr_rundate2022-03-23,4,rr,25,2503.235103,2503.235103,261.8155925,76.78122497,1788.025074,1
ex4_rr_rundate2022-03-23,4,rr,26,1925.678558,1925.678558,236.1975714,66.30582417,1375.484684,1
ex4_rr_rundate2022-03-23,4,rr,27,125.6224314,0,4.553562676,4.553562676,,
ex4_rr_rundate2022-03-23,4,rr,28,2330.103599,2330.103599,246.3397254,74.10748111,1664.359714,1
ex4_rr_rundate2022-03-23,4,rr,29,1539.076045,1539.076045,215.2224998,54.78653828,1099.340032,1
ex4_rr_rundate2022-03-23,4,rr,30,1221.415159,0,62.53823528,52.78122497,,
ex4_rr_rundate2022-03-23,4,rr,31,919.2265867,0,71.72214025,35.72214025,,
ex4_rr_rundate2022-03-23,4,rr,32,1368.443918,0,61.18612446,55.18612446,,
ex4_rr_rundate2022-03-23,4,rr,33,479.1009593,0,31.31186014,19.31186014,,
ex4_rr_rundate2022-03-23,4,rr,34,925.5325264,0,55.04443728,35.72214025,,
ex4_rr_rundate2022-03-23,4,rr,35,888.6447617,0,59.65012187,37.53191459,,
ex4_rr_rundate2022-03-23,4,rr,36,1306.309626,0,140.1375305,56.13753052,,
ex4_rr_rundate2022-03-23,4,rr,37,915.3490972,0,48.94066603,34.30953611,,
ex4_rr_rundate2022-03-23,4,rr,38,959.7502327,0,57.43417667,27.20443652,,
ex4_rr_rundate2022-03-23,4,rr,39,849.8937503,0,41.77724123,27.05051833,,
ex4_rr_rundate2022-03-23,4,rr,40,690.1309701,690.1309701,185.7745589,36.74966073,492.950693,1
ex4_rr_rundate2022-03-23,4,rr,41,1029.264424,0,56.00131328,44.00131328,,
ex4_rr_rundate2022-03-23,4,rr,42,950.9980425,0,55.31851195,29.94232708,,
ex4_rr_rundate2022-03-23,4,rr,43,2676.946263,2676.946263,250.6439884,68.18768339,1912.104474,1
ex4_rr_rundate2022-03-23,4,rr,44,2093.484115,2093.484115,244.4982363,63.46018179,1495.345796,1
ex4_rr_rundate2022-03-23,4,rr,45,2215.851818,2215.851818,223.5419618,61.18612446,1582.751299,1
ex4_rr_rundate2022-03-23,4,rr,46,2507.080761,2507.080761,277.1657675,93.20443652,1790.771972,1
ex4_rr_rundate2022-03-23,4,rr,47,180.5588058,0,5.073730041,5.073730041,,
ex4_rr_rundate2022-03-23,4,rr,48,1900.580347,1900.580347,230.8224998,66.78653828,1357.557391,1
ex4_rr_rundate2022-03-23,4,rr,49,575.8949719,0,38.01487986,24.5044975,,
ex4_rr_rundate2022-03-23,4,rr,50,1029.264424,0,49.46773841,43.46773841,,
ex4_rr_rundate2022-03-23,4,rr,51,1558.596107,0,67.31186014,61.31186014,,
ex4_rr_rundate2022-03-23,4,rr,52,795.5436624,0,54.22280836,23.80302991,,
ex4_rr_rundate2022-03-23,4,rr,53,2778.212611,2778.212611,272.9657675,99.20443652,1984.437579,1
ex4_rr_rundate2022-03-23,4,rr,54,1123.705943,0,63.16200977,51.16200977,,
ex4_rr_rundate2022-03-23,4,rr,55,795.5436624,0,35.72214025,29.72214025,,
ex4_rr_rundate2022-03-23,4,rr,56,1539.076045,1539.076045,220.5975714,54.30582417,1099.340032,1
ex4_rr_rundate2022-03-23,4,rr,57,2844.903421,2844.903421,314.0990009,116.9992315,2032.073872,1
ex4_rr_rundate2022-03-23,4,rr,58,1093.850932,0,50.46671945,44.46671945,,
ex4_rr_rundate2022-03-23,4,rr,59,245.5998838,0,14.24520393,8.245203931,,
ex4_rr_rundate2022-03-23,4,rr,60,265.9841254,0,15.77715618,9.777156177,,
ex4_rr_rundate2022-03-23,4,rr,61,773.9264453,0,76.5722728,34.5722728,,
ex4_rr_rundate2022-03-23,4,rr,62,1623.659506,0,96.63030335,47.08206564,,
ex4_rr_rundate2022-03-23,4,rr,63,484.3969467,0,23.51726875,13.21165365,,
ex4_rr_rundate2022-03-23,4,rr,64,959.7502327,0,45.43417667,27.20443652,,
ex4_rr_rundate2022-03-23,4,rr,65,633.093091,633.093091,206.6990009,38.99923149,452.2093507,1
ex4_rr_rundate2022-03-23,4,rr,66,2215.851818,2215.851818,235.5419618,61.18612446,1582.751299,1
ex4_rr_rundate2022-03-23,4,rr,67,950.9980425,0,55.31851195,29.94232708,,
ex4_rr_rundate2022-03-23,4,rr,68,413.8339893,413.8339893,183.9745589,30.74966073,295.5957067,1
ex4_rr_rundate2022-03-23,4,rr,69,951.5301165,0,45.20443652,33.20443652,,
ex4_rr_rundate2022-03-23,4,rr,70,1558.596107,0,73.31186014,61.31186014,,
ex4_rr_rundate2022-03-23,4,rr,71,1928.22334,1928.22334,233.6990009,68.99923149,1377.302386,1
ex4_rr_rundate2022-03-23,4,rr,72,176.1315296,0,5.650121865,5.650121865,,
ex4_rr_rundate2022-03-23,4,rr,73,1558.596107,0,81.16200977,63.16200977,,
ex4_rr_rundate2022-03-23,4,rr,74,863.5370727,0,43.31851195,23.94232708,,
ex4_rr_rundate2022-03-23,4,rr,75,915.3490972,0,43.46773841,31.46773841,,
ex4_rr_rundate2022-03-23,4,rr,76,564.3355332,0,21.97985563,20.87746083,,
ex4_rr_rundate2022-03-23,4,rr,77,255.3379787,0,12.86057705,6.86057705,,
ex4_rr_rundate2022-03-23,4,rr,78,2093.484115,2093.484115,232.4982363,63.46018179,1495.345796,1
ex4_rr_rundate2022-03-23,4,rr,79,65.96489919,0,1.75,1.75,,
ex4_rr_rundate2022-03-23,4,rr,80,1683.106553,1683.106553,219.8990009,62.99923149,1202.218966,1
ex4_rr_rundate2022-03-23,4,rr,81,339.1747617,0,11.07373004,8.7038975,,
ex4_rr_rundate2022-03-23,4,rr,82,991.0298901,0,54.22280836,29.80302991,,
ex4_rr_rundate2022-03-23,4,rr,83,1683.106553,1683.106553,231.8990009,62.99923149,1202.218966,1
ex4_rr_rundate2022-03-23,4,rr,84,617.3459193,617.3459193,188.2224998,24.78653828,440.9613709,1
ex4_rr_rundate2022-03-23,4,rr,85,2438.52622,2438.52622,251.4827279,68.83286764,1741.804443,1
ex4_rr_rundate2022-03-23,4,rr,86,888.6445716,0,41.65012187,37.53191459,,
ex4_rr_rundate2022-03-23,4,rr,87,1204.3778,0,73.71961917,55.71961917,,
ex4_rr_rundate2022-03-23,4,rr,88,675.9241307,0,55.18612446,31.18612446,,
ex4_rr_rundate2022-03-23,4,rr,89,2093.484115,2093.484115,220.4982363,63.46018179,1495.345796,1
ex4_rr_rundate2022-03-23,4,rr,90,444.088595,0,18.98912993,12.98912993,,
ex4_rr_rundate2022-03-23,4,rr,91,1539.076045,1539.076045,220.5975714,54.30582417,1099.340032,1
ex4_rr_rundate2022-03-23,4,rr,92,173.9376961,0,5.736752688,5.736752688,,
ex4_rr_rundate2022-03-23,4,rr,93,486.6400625,0,34.89078934,22.30953611,,
ex4_rr_rundate2022-03-23,4,rr,94,1114.712142,0,47.54627873,41.02906907,,
ex4_rr_rundate2022-03-23,4,rr,95,755.8416904,0,31.31851195,23.94232708,,
ex4_rr_rundate2022-03-23,4,rr,96,755.8416904,0,31.31851195,23.94232708,,
ex4_rr_rundate2022-03-23,4,rr,97,677.9569547,0,37.46773841,25.46773841,,
ex4_rr_rundate2022-03-23,4,rr,98,498.106854,0,27.27975892,21.27975893,,
ex4_rr_rundate2022-03-23,4,rr,99,1333.499121,0,74.46671945,56.46671945,,
ex4_rr_rundate2022-03-23,4,rr,100,2093.484115,2093.484115,220.4982363,63.46018179,1495.345796,1
ex4_rr_rundate2022-03-23,4,rr,101,245.5998838,0,14.24520393,8.245203931,,
ex4_rr_rundate2022-03-23,4,rr,102,1539.076045,1539.076045,220.5975714,54.30582417,1099.340032,1
ex4_rr_rundate2022-03-23,4,rr,103,755.8416904,0,31.31851195,23.94232708,,
ex4_rr_rundate2022-03-23,4,rr,104,959.7504228,0,63.43417667,27.20443652,,
ex4_rr_rundate2022-03-23,4,rr,105,1150.854479,0,81.2974548,44.44402778,,
ex4_rr_rundate2022-03-23,4,rr,106,451.1163339,0,20.24520393,20.24520393,,
ex4_rr_rundate2022-03-23,4,rr,107,1085.667334,0,69.20443652,39.20443652,,
ex4_rr_rundate2022-03-23,4,rr,108,888.6445716,0,47.65012187,37.53191459,,
ex4_rr_rundate2022-03-23,4,rr,109,2264.689471,2264.689471,249.1116827,76.23975592,1617.635337,1
ex4_rr_rundate2022-03-23,4,rr,110,792.7411301,0,55.53351002,29.07373004,,
ex4_rr_rundate2022-03-23,4,rr,111,587.2246799,0,19.53351002,17.07373004,,
ex4_rr_rundate2022-03-23,4,rr,112,677.9569547,0,25.46773841,25.46773841,,
ex4_rr_rundate2022-03-23,4,rr,113,1485.659803,0,69.46018179,57.46018179,,
ex4_rr_rundate2022-03-23,4,rr,114,254.7342814,0,9.621779987,9.621779987,,
ex4_rr_rundate2022-03-23,4,rr,115,692.5201678,0,29.76499377,23.76499377,,
ex4_rr_rundate2022-03-23,4,rr,116,1100.259447,0,57.20443652,39.20443652,,
ex4_rr_rundate2022-03-23,4,rr,117,852.0552802,0,41.65012187,37.53191459,,
ex4_rr_rundate2022-03-23,4,rr,118,385.5142457,0,18.63030335,12.63030335,,
ex4_rr_rundate2022-03-23,4,rr,119,1085.283136,0,56.68043762,13.05967522,,
ex4_rr_rundate2022-03-23,4,rr,120,990.832883,0,54.22280836,29.80302991,,
ex4_rr_rundate2022-03-23,4,rr,121,275.5801174,0,9.70961287,9.70961287,,
ex4_rr_rundate2022-03-23,4,rr,122,766.3319038,0,33.54884996,33.54884996,,
ex4_rr_rundate2022-03-23,4,rr,123,240.8789548,0,6.800324389,6.800324389,,
ex4_rr_rundate2022-03-23,4,rr,124,677.9569547,0,28.6799275,28.6799275,,
ex4_rr_rundate2022-03-23,4,rr,125,249.8648853,0,7.49482566,7.49482566,,
ex4_rr_rundate2022-03-23,4,rr,126,572.3979404,0,18.36332796,18.36332796,,
ex4_rr_rundate2022-03-23,4,rr,127,1080.444899,0,68.68043762,13.05967522,,
ex4_rr_rundate2022-03-23,4,rr,128,135.3026374,0,4.679927501,4.679927501,,
ex4_rr_rundate2022-03-23,4,rr,129,173.9376961,0,5.476895687,5.476895687,,
ex4_rr_rundate2022-03-23,4,rr,130,572.3979404,0,23.72214025,23.72214025,,
ex4_rr_rundate2022-03-23,4,rr,131,1405.0334,0,81.16200977,57.16200977,,
ex4_rr_rundate2022-03-23,4,rr,132,2267.076826,2267.076826,220.1106127,63.16200977,1619.34059,1
ex4_rr_rundate2022-03-23,4,rr,133,294.6974805,0,10.53963489,10.32215408,,
ex4_rr_rundate2022-03-23,4,rr,134,479.5292977,0,17.77724123,15.05051833,,
ex4_rr_rundate2022-03-23,4,rr,135,959.7502327,0,57.43417667,27.20443652,,
ex4_rr_rundate2022-03-23,4,rr,136,377.3568457,0,11.47689569,11.47689569,,
ex4_rr_rundate2022-03-23,4,rr,137,1214.679226,0,57.46018179,51.46018179,,
ex4_rr_rundate2022-03-23,4,rr,138,1040.204586,0,57.20443652,39.20443652,,
ex4_rr_rundate2022-03-23,4,rr,139,245.5998838,0,8.245203931,8.245203931,,
ex4_rr_rundate2022-03-23,4,rr,140,1522.300339,755.9684351,164.1787897,56.13753052,539.9774537,0.413361085
ex4_rr_rundate2022-03-23,4,rr,141,135.3026374,0,4.679927501,4.679927501,,
ex4_rr_rundate2022-03-23,4,rr,142,890.1365523,0,55.53351002,35.07373004,,
ex4_rr_rundate2022-03-23,4,rr,143,859.2157253,0,31.31851195,23.94232708,,
ex4_rr_rundate2022-03-23,4,rr,144,959.7502327,0,69.43417667,27.20443652,,
ex4_rr_rundate2022-03-23,4,rr,145,1299.268573,0,69.16200977,51.16200977,,
ex4_rr_rundate2022-03-23,4,rr,146,1925.678558,1925.678558,226.329112,67.94547078,1375.484684,1
ex4_rr_rundate2022-03-23,4,rr,147,245.5998838,0,8.245203931,8.245203931,,
ex4_rr_rundate2022-03-23,4,rr,148,479.5292977,0,19.53351001,14.7038975,,
ex4_rr_rundate2022-03-23,4,rr,149,2427.03324,2427.03324,233.1419618,73.18612446,1733.595171,1
ex4_rr_rundate2022-03-23,4,rr,150,592.1245128,0,29.73675269,23.73675269,,
ex4_rr_rundate2022-03-23,4,rr,151,1214.679226,0,57.46018179,51.46018179,,
ex4_rr_rundate2022-03-23,4,rr,152,1352.060977,0,93.20443652,27.20443652,,
ex4_rr_rundate2022-03-23,4,rr,153,766.3319038,0,33.54884996,33.54884996,,
ex4_rr_rundate2022-03-23,4,rr,154,1540.659488,0,84.63030335,65.08206564,,
ex4_rr_rundate2022-03-23,4,rr,155,412.2975855,0,25.26842878,19.26842878,,
ex4_rr_rundate2022-03-23,4,rr,156,366.9598439,0,16.14914187,12.12779746,,
ex4_rr_rundate2022-03-23,4,rr,157,512.2381445,0,26.90426507,20.90426507,,
ex4_rr_rundate2022-03-23,4,rr,158,1522.006816,0,73.31186014,61.31186014,,
ex4_rr_rundate2022-03-23,4,rr,159,316.0713588,0,12.22280836,12.22280836,,
ex4_rr_rundate2022-03-23,4,rr,160,339.1747617,0,11.07373004,8.7038975,,
ex4_rr_rundate2022-03-23,4,rr,161,852.0552802,0,47.65012187,37.53191459,,
ex4_rr_rundate2022-03-23,4,rr,162,792.7933717,0,35.47689569,29.47689569,,
ex4_rr_rundate2022-03-23,4,rr,163,1558.596107,0,75.16200977,63.16200977,,
ex4_rr_rundate2022-03-23,4,rr,164,759.1043031,0,46.69888532,33.82442395,,
ex4_rr_rundate2022-03-23,4,rr,165,525.5361028,0,25.04443728,17.72214025,,
ex4_rr_rundate2022-03-23,4,rr,166,2264.689471,2264.689471,231.1116827,76.23975592,1617.635337,1
ex4_rr_rundate2022-03-23,4,rr,167,496.7845601,0,26.2799422,20.2799422,,
ex4_rr_rundate2022-03-23,4,rr,168,1169.755751,0,87.46018179,39.46018179,,
ex4_rr_rundate2022-03-23,4,rr,169,1539.076045,1539.076045,202.5975714,54.30582417,1099.340032,1
ex4_rr_rundate2022-03-23,4,rr,170,915.3490972,0,49.46773841,31.46773841,,
ex4_rr_rundate2022-03-23,4,rr,171,950.9980425,0,61.31851195,29.94232708,,
ex4_rr_rundate2022-03-23,4,rr,172,472.8484031,0,26.19891362,20.19891362,,
ex4_rr_rundate2022-03-23,4,rr,173,255.3379787,0,12.86057705,6.86057705,,
ex4_rr_rundate2022-03-23,4,rr,174,633.093091,633.093091,182.6990009,38.99923149,452.2093507,1
ex4_rr_rundate2022-03-23,4,rr,175,1539.076045,1539.076045,202.5975714,54.30582417,1099.340032,1
ex4_rr_rundate2022-03-23,4,rr,176,926.7690261,0,48.09206979,42.09206979,,
ex4_rr_rundate2022-03-23,4,rr,177,254.7342814,0,15.62177999,9.621779987,,
ex4_rr_rundate2022-03-23,4,rr,178,1439.007171,0,72.09206979,64.23975592,,
ex4_rr_rundate2022-03-23,4,rr,179,1368.443918,0,63.06923682,56.83286764,,
ex4_rr_rundate2022-03-23,4,rr,180,1042.905856,0,43.18612446,43.18612446,,
ex4_rr_rundate2022-03-23,4,rr,181,954.1264207,0,54.09206979,40.23975592,,
ex4_rr_rundate2022-03-23,4,rr,182,479.1009593,0,19.31186014,19.31186014,,
ex4_rr_rundate2022-03-23,4,rr,183,651.3577057,0,44.19891361,26.19891362,,
ex4_rr_rundate2022-03-23,4,rr,184,1522.006816,0,67.31186014,61.31186014,,
ex4_rr_rundate2022-03-23,4,rr,185,2300.410046,2300.410046,213.5054182,67.31186014,1643.150033,1
ex4_rr_rundate2022-03-23,4,rr,186,287.3163387,0,10.5722728,10.5722728,,
ex4_rr_rundate2022-03-23,4,rr,187,1843.036879,1843.036879,198.4355049,55.71961917,1316.454914,1
ex4_rr_rundate2022-03-23,4,rr,188,1411.12669,0,80.2799422,56.2799422,,
ex4_rr_rundate2022-03-23,4,rr,189,1079.495148,0,57.16200977,45.16200977,,
ex4_rr_rundate2022-03-23,4,rr,190,351.3374252,0,32.00131328,20.00131328,,
ex4_rr_rundate2022-03-23,4,rr,191,245.5998838,0,8.245203931,8.245203931,,
ex4_rr_rundate2022-03-23,4,rr,192,1166.448945,0,56.63717856,37.97987556,,
ex4_rr_rundate2022-03-23,4,rr,193,572.3979404,0,23.72214025,23.72214025,,
ex4_rr_rundate2022-03-23,4,rr,194,240.8789548,0,6.800324389,6.800324389,,
ex4_rr_rundate2022-03-23,4,rr,195,587.2246799,0,19.53351001,17.07373004,,
ex4_rr_rundate2022-03-23,4,rr,196,413.8339893,413.8339893,157.8519085,29.11685269,295.5957067,1
ex4_rr_rundate2022-03-23,4,rr,197,1816.490259,0,85.31186014,55.31186014,,
ex4_rr_rundate2022-03-23,4,rr,198,538.1007325,0,25.31851195,17.94232708,,
ex4_rr_rundate2022-03-23,4,rr,199,479.5292977,0,25.53351002,14.7038975,,
ex4_rr_rundate2022-03-23,4,rr,200,2163.312333,2163.312333,219.1012449,76.23172685,1545.223095,1
ex4_rr_rundate2022-03-23,4,rr,201,1683.106553,1683.106553,201.8990009,62.99923149,1202.218966,1
ex4_rr_rundate2022-03-23,4,rr,202,1015.886852,0,49.53351002,41.07373004,,
ex4_rr_rundate2022-03-23,4,rr,203,572.3979404,0,35.72214025,23.72214025,,
ex4_rr_rundate2022-03-23,4,rr,204,166.7754792,0,5.794532967,5.794532967,,
ex4_rr_rundate2022-03-23,4,rr,205,1310.579822,0,72.94066603,46.30953611,,
ex4_rr_rundate2022-03-23,4,rr,206,915.3490972,0,49.46773841,31.46773841,,
ex4_rr_rundate2022-03-23,4,rr,207,1273.488861,0,87.46018179,57.46018179,,
ex4_rr_rundate2022-03-23,4,rr,208,757.6036625,0,39.2974548,29.58862278,,
ex4_rr_rundate2022-03-23,4,rr,209,1391.920992,1391.920992,161.8439884,32.18768339,994.2292802,1
ex4_rr_rundate2022-03-23,4,rr,210,818.2708144,0,39.2974548,32.44402778,,
ex4_rr_rundate2022-03-23,4,rr,211,572.3979404,0,29.72214025,23.72214025,,
ex4_rr_rundate2022-03-23,4,rr,212,991.0296213,0,36.22280836,29.80302991,,
ex4_rr_rundate2022-03-23,4,rr,213,1878.086959,1878.086959,206.8224998,66.78653828,1341.490685,1
ex4_rr_rundate2022-03-23,4,rr,214,339.7397,0,14.24520393,14.24520393,,
ex4_rr_rundate2022-03-23,4,rr,215,240.8789548,0,12.80032439,6.800324389,,
ex4_rr_rundate2022-03-23,4,rr,216,2215.851818,2215.851818,199.5419618,61.18612446,1582.751299,1
ex4_rr_rundate2022-03-23,4,rr,217,1558.596107,0,75.16200977,63.16200977,,
ex4_rr_rundate2022-03-23,4,rr,218,653.1320501,0,34.78122497,28.78122497,,
ex4_rr_rundate2022-03-23,4,rr,219,653.1320501,0,34.78122497,28.78122497,,
ex4_rr_rundate2022-03-23,4,rr,220,890.1365523,0,43.53351002,35.07373004,,
ex4_rr_rundate2022-03-23,4,rr,221,249.8648853,0,7.49482566,7.49482566,,
ex4_rr_rundate2022-03-23,4,rr,222,669.9515354,0,31.31186014,25.31186014,,
ex4_rr_rundate2022-03-23,4,rr,223,674.262056,0,32.24520393,31.96182667,,
ex4_rr_rundate2022-03-23,4,rr,224,451.1163339,0,20.24520393,20.24520393,,
ex4_rr_rundate2022-03-23,4,rr,225,1250.711888,0,78.70658575,52.48611722,,
ex4_rr_rundate2022-03-23,4,rr,226,1540.659488,0,66.63030335,65.08206564,,
ex4_rr_rundate2022-03-23,4,rr,227,2631.273792,2631.273792,214.2066853,77.08206564,1879.48128,1
ex4_rr_rundate2022-03-23,4,rr,228,2427.03324,2427.03324,210.4439884,74.18768339,1733.595171,1
ex4_rr_rundate2022-03-23,4,rr,229,1175.479285,0,105.4341767,39.20443652,,
ex4_rr_rundate2022-03-23,4,rr,230,1228.954384,0,97.9396375,57.16200977,,
ex4_rr_rundate2022-03-23,4,rr,231,846.083065,0,35.76499377,24.42,,
ex4_rr_rundate2022-03-23,4,rr,232,991.0296213,0,42.22280836,29.80302991,,
ex4_rr_rundate2022-03-23,4,rr,233,592.1245128,0,30.22280836,17.80302991,,
ex4_rr_rundate2022-03-23,4,rr,234,795.5436624,0,35.72214025,29.72214025,,
ex4_rr_rundate2022-03-23,4,rr,235,756.0441577,0,31.04443728,29.72214025,,
ex4_rr_rundate2022-03-23,4,rr,236,951.5301165,0,57.20443652,33.20443652,,
ex4_rr_rundate2022-03-23,4,rr,237,1029.264424,0,56.00131328,44.00131328,,
ex4_rr_rundate2022-03-23,4,rr,238,1214.679226,0,57.46018179,51.46018179,,
ex4_rr_rundate2022-03-23,4,rr,239,1033.18378,0,45.46018179,39.46018179,,
ex4_rr_rundate2022-03-23,4,rr,240,755.8416904,0,29.77724123,21.05051833,,
ex4_rr_rundate2022-03-23,4,rr,241,1115.297324,0,56.63717856,43.97987556,,
ex4_rr_rundate2022-03-23,4,rr,242,1726.790495,1726.790495,220.310303,81.77715618,1233.421782,1
ex4_rr_rundate2022-03-23,4,rr,243,1210.080224,0,105.2974548,44.44402778,,
ex4_rr_rundate2022-03-23,4,rr,244,2219.748022,0,116.1796619,52.23172685,,
ex4_rr_rundate2022-03-23,4,rr,245,1539.076045,1539.076045,185.2224998,54.78653828,1099.340032,1
ex4_rr_rundate2022-03-23,4,rr,246,764.7451147,0,32.13753052,32.13753052,,
ex4_rr_rundate2022-03-23,4,rr,247,1549.999296,320.6825552,128.9724494,49.21165365,229.058968,0.157064443
ex4_rr_rundate2022-03-23,4,rr,248,1571.176154,0,109.9396375,69.16200977,,
ex4_rr_rundate2022-03-23,4,rr,249,1228.954194,0,73.9396375,57.16200977,,
ex4_rr_rundate2022-03-23,4,rr,250,339.7397,0,20.24520393,14.24520393,,
ex4_rr_rundate2022-03-23,4,rr,251,1463.695919,0,68.2799422,50.2799422,,
ex4_rr_rundate2022-03-23,4,rr,252,959.7502327,0,57.43417667,27.20443652,,
ex4_rr_rundate2022-03-23,4,rr,253,1095.224472,0,58.87703159,39.16200977,,
ex4_rr_rundate2022-03-23,4,rr,254,246.8461583,0,6.51723128,6.51723128,,
ex4_rr_rundate2022-03-23,4,rr,255,852.0552802,0,53.65012187,37.53191459,,
ex4_rr_rundate2022-03-23,4,rr,256,1510.150615,0,78.09206979,48.09206979,,
ex4_rr_rundate2022-03-23,4,rr,257,479.5292977,0,23.77724123,15.05051833,,
ex4_rr_rundate2022-03-23,4,rr,258,739.3240922,0,29.02906907,23.02906907,,
ex4_rr_rundate2022-03-23,4,rr,259,915.3490972,0,73.46773841,31.46773841,,
ex4_rr_rundate2022-03-23,4,rr,260,479.5292977,0,23.77724123,15.05051833,,
ex4_rr_rundate2022-03-23,4,rr,261,250.2220457,0,14.06843777,8.068437771,,
ex4_rr_rundate2022-03-23,4,rr,262,950.9980425,0,49.31851195,29.94232708,,
ex4_rr_rundate2022-03-23,4,rr,263,757.6036625,0,39.2974548,29.58862278,,
ex4_rr_rundate2022-03-23,4,rr,264,339.1747617,0,9.979855625,8.877460834,,
ex4_rr_rundate2022-03-23,4,rr,265,293.7092126,0,14.19891361,8.198913615,,
ex4_rr_rundate2022-03-23,4,rr,266,1540.659488,0,75.16200977,63.16200977,,
ex4_rr_rundate2022-03-23,4,rr,267,1175.478715,0,63.43417667,39.20443652,,
ex4_rr_rundate2022-03-23,4,rr,268,377.3568457,0,11.72214025,11.72214025,,
ex4_rr_rundate2022-03-23,4,rr,269,1539.076045,1539.076045,178.5975714,54.30582417,1099.340032,1
ex4_rr_rundate2022-03-23,4,rr,270,1306.309357,0,86.13753052,56.13753052,,
ex4_rr_rundate2022-03-23,4,rr,271,2253.32208,2253.32208,195.3419618,67.18612446,1609.515771,1
ex4_rr_rundate2022-03-23,4,rr,272,412.89731,0,13.9278441,13.9278441,,
ex4_rr_rundate2022-03-23,4,rr,273,1558.596107,0,75.16200977,63.16200977,,
ex4_rr_rundate2022-03-23,4,rr,274,592.6026685,0,45.62177999,23.39329694,,
ex4_rr_rundate2022-03-23,4,rr,275,230.5080549,0,9.20443652,9.20443652,,
ex4_rr_rundate2022-03-23,4,rr,276,1807.674529,1144.456461,145.4982363,57.46018179,817.4689004,0.55208759
ex4_rr_rundate2022-03-23,4,rr,277,339.1747617,0,11.07373004,8.7038975,,
ex4_rr_rundate2022-03-23,4,rr,278,270.9805777,0,8.537859669,8.187683389,,
ex4_rr_rundate2022-03-23,4,rr,279,223.8970149,0,7.75369283,7.75369283,,
ex4_rr_rundate2022-03-23,4,rr,280,274.0342071,0,10.14914187,10.14914187,,
ex4_rr_rundate2022-03-23,4,rr,281,1683.106553,1683.106553,183.8990009,62.99923149,1202.218966,1
ex4_rr_rundate2022-03-23,4,rr,282,1109.95323,0,77.72214025,41.72214025,,
ex4_rr_rundate2022-03-23,4,rr,283,652.9923013,0,54.80032439,24.80032439,,
ex4_rr_rundate2022-03-23,4,rr,284,223.8970149,0,7.75369283,7.75369283,,
ex4_rr_rundate2022-03-23,4,rr,285,1114.712277,0,53.54627873,41.02906907,,
ex4_rr_rundate2022-03-23,4,rr,286,377.3568457,0,11.72214025,11.72214025,,
ex4_rr_rundate2022-03-23,4,rr,287,990.832883,0,54.22280836,29.80302991,,
ex4_rr_rundate2022-03-23,4,rr,288,1780.705805,337.2305367,110.6193944,67.67460528,240.8789548,0.143009678
ex4_rr_rundate2022-03-23,4,rr,289,413.8339893,413.8339893,141.9745589,30.74966073,295.5957067,1
ex4_rr_rundate2022-03-23,4,rr,290,287.3163387,0,10.5722728,10.5722728,,
ex4_rr_rundate2022-03-23,4,rr,291,125.6224314,0,4.553562676,4.553562676,,
ex4_rr_rundate2022-03-23,4,rr,292,615.4871544,0,19.31851195,17.94232708,,
ex4_rr_rundate2022-03-23,4,rr,293,1166.448945,0,56.63717856,37.97987556,,
ex4_rr_rundate2022-03-23,4,rr,294,2427.03324,2427.03324,197.1419618,73.18612446,1733.595171,1
ex4_rr_rundate2022-03-23,4,rr,295,1434.193489,1434.193489,153.2982363,39.46018179,1024.423921,1
ex4_rr_rundate2022-03-23,4,rr,296,179.6379295,0,6.570260496,6.570260496,,
ex4_rr_rundate2022-03-23,4,rr,297,451.0471266,0,19.61238484,19.61238484,,
ex4_rr_rundate2022-03-23,4,rr,298,179.6379295,0,7.710116202,7.710116202,,
ex4_rr_rundate2022-03-23,4,rr,299,179.6379295,0,6.570260496,6.570260496,,
ex4_rr_rundate2022-03-23,4,rr,300,246.8461583,0,6.51723128,6.51723128,,
ex4_rr_rundate2022-03-23,4,rr,301,1614.167748,0,92.17966187,52.23172685,,
ex4_rr_rundate2022-03-23,4,rr,302,1150.921226,0,86.63717855,43.97987556,,
ex4_rr_rundate2022-03-23,4,rr,303,1618.814544,758.1899398,123.8982363,63.46018179,541.5642427,0.386227749
ex4_rr_rundate2022-03-23,4,rr,304,479.1009593,0,25.31186014,19.31186014,,
ex4_rr_rundate2022-03-23,4,rr,305,245.5998838,0,14.24520393,8.245203931,,
ex4_rr_rundate2022-03-23,4,rr,306,2300.410046,2300.410046,183.5054182,67.31186014,1643.150033,1
ex4_rr_rundate2022-03-23,4,rr,307,135.3026374,0,4.679927501,4.679927501,,
ex4_rr_rundate2022-03-23,4,rr,308,472.5859265,0,24.80032439,18.80032439,,
ex4_rr_rundate2022-03-23,4,rr,309,2631.273792,2631.273792,196.2066853,77.08206564,1879.48128,1
ex4_rr_rundate2022-03-23,4,rr,310,704.6900692,0,35.77724123,27.05051833,,
ex4_rr_rundate2022-03-23,4,rr,311,1310.952954,0,75.20443652,27.20443652,,
ex4_rr_rundate2022-03-23,4,rr,312,795.5436624,0,36.22280836,23.80302991,,
ex4_rr_rundate2022-03-23,4,rr,313,859.2157253,0,37.31851195,23.94232708,,
ex4_rr_rundate2022-03-23,4,rr,314,950.9980425,0,61.31851195,29.94232708,,
ex4_rr_rundate2022-03-23,4,rr,315,385.5142457,0,12.63030335,12.63030335,,
ex4_rr_rundate2022-03-23,4,rr,316,413.8339893,413.8339893,135.9745589,30.74966073,295.5957067,1
ex4_rr_rundate2022-03-23,4,rr,317,179.6379295,0,13.7101162,7.710116202,,
ex4_rr_rundate2022-03-23,4,rr,318,1166.448945,0,74.63717855,37.97987556,,
ex4_rr_rundate2022-03-23,4,rr,319,1210.079686,0,75.2974548,44.44402778,,
ex4_rr_rundate2022-03-23,4,rr,320,652.014916,0,24.63030335,23.08206564,,
ex4_rr_rundate2022-03-23,4,rr,321,585.9721581,0,39.62177999,23.39329694,,
ex4_rr_rundate2022-03-23,4,rr,322,339.1747617,0,11.07373004,8.7038975,,
ex4_rr_rundate2022-03-23,4,rr,323,653.1320501,0,34.78122497,28.78122497,,
ex4_rr_rundate2022-03-23,4,rr,324,1042.905856,0,49.18612446,43.18612446,,
ex4_rr_rundate2022-03-23,4,rr,325,1368.444108,0,87.06923682,56.83286764,,
ex4_rr_rundate2022-03-23,4,rr,326,1292.199245,0,60.09206979,42.09206979,,
ex4_rr_rundate2022-03-23,4,rr,327,243.7285709,0,13.61188332,7.611883319,,
ex4_rr_rundate2022-03-23,4,rr,328,652.014916,0,35.54671844,20.83286764,,
ex4_rr_rundate2022-03-23,4,rr,329,617.3459193,617.3459193,128.2224998,24.78653828,440.9613709,1
ex4_rr_rundate2022-03-23,4,rr,330,1319.765512,0,99.20443652,27.20443652,,
ex4_rr_rundate2022-03-23,4,rr,331,846.083065,0,47.76499377,24.42,,
ex4_rr_rundate2022-03-23,4,rr,332,1540.659488,0,72.63030335,65.08206564,,
ex4_rr_rundate2022-03-23,4,rr,333,1747.270523,0,77.76499377,35.76499377,,
ex4_rr_rundate2022-03-23,4,rr,334,1029.265184,0,97.46773841,43.46773841,,
ex4_rr_rundate2022-03-23,4,rr,335,1023.757393,1023.757393,127.2839058,28.6799275,731.2552809,1
ex4_rr_rundate2022-03-23,4,rr,336,496.7845601,0,20.2799422,20.2799422,,
ex4_rr_rundate2022-03-23,4,rr,337,391.8088715,0,15.88600835,11.53751889,,
ex4_rr_rundate2022-03-23,4,rr,338,1045.239561,0,69.20443652,39.20443652,,
ex4_rr_rundate2022-03-23,4,rr,339,2507.080761,2507.080761,210.8990009,92.99923149,1790.771972,1
ex4_rr_rundate2022-03-23,4,rr,340,853.0403746,0,40.6799275,34.6799275,,
ex4_rr_rundate2022-03-23,4,rr,341,1439.082636,759.7160443,115.3080599,49.46773841,542.6543174,0.444063038
ex4_rr_rundate2022-03-23,4,rr,342,432.0947744,432.0947744,104.4332717,11.10251669,308.6391246,1
ex4_rr_rundate2022-03-23,4,rr,343,863.5370727,0,31.31851195,23.94232708,,
ex4_rr_rundate2022-03-23,4,rr,344,377.3568457,0,11.47689569,11.47689569,,
ex4_rr_rundate2022-03-23,4,rr,345,748.1308429,0,29.66783867,23.66783867,,
ex4_rr_rundate2022-03-23,4,rr,346,485.2423363,0,20.89976935,20.89976935,,
ex4_rr_rundate2022-03-23,4,rr,347,1028.132719,0,58.23172685,34.23172685,,
ex4_rr_rundate2022-03-23,4,rr,348,1483.887998,0,90.51723128,48.51723128,,
ex4_rr_rundate2022-03-23,4,rr,349,915.3490972,0,43.46773841,31.46773841,,
ex4_rr_rundate2022-03-23,4,rr,350,1100.259447,0,45.20443652,39.20443652,,
ex4_rr_rundate2022-03-23,4,rr,351,852.0554703,0,53.65012187,37.53191459,,
ex4_rr_rundate2022-03-23,4,rr,352,1048.381325,1048.381325,128.4652096,29.58862278,748.8438035,1
ex4_rr_rundate2022-03-23,4,rr,353,438.9654634,0,19.09333885,19.09333885,,
ex4_rr_rundate2022-03-23,4,rr,354,245.5998838,0,8.245203931,8.245203931,,
ex4_rr_rundate2022-03-23,4,rr,355,1241.047624,0,54.09206979,48.09206979,,
ex4_rr_rundate2022-03-23,4,rr,356,1522.006816,0,67.18612446,61.18612446,,
ex4_rr_rundate2022-03-23,4,rr,357,217.7409579,0,6.594898214,6.594898214,,
ex4_rr_rundate2022-03-23,4,rr,358,240.8789548,0,6.800324389,6.800324389,,
ex4_rr_rundate2022-03-23,4,rr,359,764.7451147,0,32.13753052,32.13753052,,
ex4_rr_rundate2022-03-23,4,rr,360,677.9569547,0,31.46773841,25.46773841,,
ex4_rr_rundate2022-03-23,4,rr,361,1093.850932,0,44.46671945,44.46671945,,
ex4_rr_rundate2022-03-23,4,rr,362,246.8461583,0,7.146470262,7.146470262,,
ex4_rr_rundate2022-03-23,4,rr,363,764.7451147,0,32.13753052,32.13753052,,
ex4_rr_rundate2022-03-23,4,rr,364,385.5142457,0,18.63030335,12.63030335,,
ex4_rr_rundate2022-03-23,4,rr,365,1204.348034,0,91.71961917,55.71961917,,
ex4_rr_rundate2022-03-23,4,rr,366,693.4737276,0,43.03207959,17.33178681,,
ex4_rr_rundate2022-03-23,4,rr,367,587.2246799,0,25.53351002,17.07373004,,
ex4_rr_rundate2022-03-23,4,rr,368,1789.903371,510.922546,99.2944919,38.58416597,364.9446757,0.221995872
ex4_rr_rundate2022-03-23,4,rr,369,2215.851818,2215.851818,163.5419618,61.18612446,1582.751299,1
ex4_rr_rundate2022-03-23,4,rr,370,755.8416904,0,37.31851195,23.94232708,,
ex4_rr_rundate2022-03-23,4,rr,371,795.5436624,0,41.72214025,29.72214025,,
ex4_rr_rundate2022-03-23,4,rr,372,230.5080549,0,15.20443652,9.20443652,,
ex4_rr_rundate2022-03-23,4,rr,373,1510.150615,0,72.09206979,48.09206979,,
ex4_rr_rundate2022-03-23,4,rr,374,385.5142457,0,22.14417072,15.13462963,,
ex4_rr_rundate2022-03-23,4,rr,375,2016.785575,2016.785575,205.613505,93.54884996,1440.561125,1
ex4_rr_rundate2022-03-23,4,rr,376,651.3577057,0,26.19891361,26.19891362,,
ex4_rr_rundate2022-03-23,4,rr,377,2215.851818,2215.851818,163.5419618,61.18612446,1582.751299,1
ex4_rr_rundate2022-03-23,4,rr,378,461.1643399,0,24.73009542,15.25619282,,
ex4_rr_rundate2022-03-23,4,rr,379,582.9033326,0,29.07373004,17.07373004,,
ex4_rr_rundate2022-03-23,4,rr,380,274.0342071,0,16.14914187,10.14914187,,
ex4_rr_rundate2022-03-23,4,rr,381,790.7798291,0,35.54671844,26.40658722,,
ex4_rr_rundate2022-03-23,4,rr,382,653.1320501,0,26.19891361,26.19891362,,
ex4_rr_rundate2022-03-23,4,rr,383,982.0469468,0,68.62009215,44.62009215,,
ex4_rr_rundate2022-03-23,4,rr,384,240.8789548,0,6.800324389,6.800324389,,
ex4_rr_rundate2022-03-23,4,rr,385,546.8616173,0,21.2974548,20.44402778,,
ex4_rr_rundate2022-03-23,4,rr,386,245.5998838,0,8.245203931,8.245203931,,
ex4_rr_rundate2022-03-23,4,rr,387,755.8416904,0,29.77724123,21.05051833,,
ex4_rr_rundate2022-03-23,4,rr,388,245.5998838,0,8.245203931,8.245203931,,
ex4_rr_rundate2022-03-23,4,rr,389,239.6481888,0,7.974811415,7.974811415,,
ex4_rr_rundate2022-03-23,4,rr,390,786.1463359,0,42.57332787,30.35368524,,
ex4_rr_rundate2022-03-23,4,rr,391,1114.712142,0,53.54627873,41.02906907,,
ex4_rr_rundate2022-03-23,4,rr,392,2676.946263,2676.946263,166.6439884,68.18768339,1912.104474,1
ex4_rr_rundate2022-03-23,4,rr,393,249.8648853,0,7.49482566,7.49482566,,
ex4_rr_rundate2022-03-23,4,rr,394,339.7397,0,20.24520393,14.24520393,,
ex4_rr_rundate2022-03-23,4,rr,395,1539.076045,1539.076045,149.2224998,54.78653828,1099.340032,1
ex4_rr_rundate2022-03-23,4,rr,396,1558.596107,0,69.16200977,63.16200977,,
ex4_rr_rundate2022-03-23,4,rr,397,572.8428046,0,17.54627873,17.02906907,,
ex4_rr_rundate2022-03-23,4,rr,398,2215.851818,2215.851818,157.5419618,61.18612446,1582.751299,1
ex4_rr_rundate2022-03-23,4,rr,399,249.8648853,0,7.49482566,7.49482566,,
ex4_rr_rundate2022-03-23,4,rr,400,240.8789548,0,6.800324389,6.800324389,,
ex4_rr_rundate2022-03-23,4,rr,401,2352.556503,2352.556503,159.9769869,67.67460528,1680.397502,1
ex4_rr_rundate2022-03-23,4,rr,402,2427.03324,2427.03324,168.4439884,74.18768339,1733.595171,1
ex4_rr_rundate2022-03-23,4,rr,403,339.1747617,0,9.979855625,8.877460834,,
ex4_rr_rundate2022-03-23,4,rr,404,1079.495148,0,65.28421804,47.28421804,,
ex4_rr_rundate2022-03-23,4,rr,405,245.5998838,0,14.24520393,8.245203931,,
ex4_rr_rundate2022-03-23,4,rr,406,1539.076045,1539.076045,142.5975714,54.30582417,1099.340032,1
ex4_rr_rundate2022-03-23,4,rr,407,1079.495148,0,51.16200977,45.16200977,,
ex4_rr_rundate2022-03-23,4,rr,408,176.1315296,0,5.650121865,5.650121865,,
ex4_rr_rundate2022-03-23,4,rr,409,479.5292977,0,25.53351002,14.7038975,,
ex4_rr_rundate2022-03-23,4,rr,410,1033.18378,0,51.46018179,39.46018179,,
ex4_rr_rundate2022-03-23,4,rr,411,1626.95088,302.0198747,83.9106127,63.16200977,215.7284819,0.140023466
ex4_rr_rundate2022-03-23,4,rr,412,179.6379295,0,13.7101162,7.710116202,,
ex4_rr_rundate2022-03-23,4,rr,413,1843.036879,1843.036879,144.4355049,55.71961917,1316.454914,1
ex4_rr_rundate2022-03-23,4,rr,414,1129.113166,0,74.08753047,48.26666667,,
ex4_rr_rundate2022-03-23,4,rr,415,542.6158786,0,40.58152186,20.90426507,,
ex4_rr_rundate2022-03-23,4,rr,416,173.9376961,0,5.476895687,5.476895687,,
ex4_rr_rundate2022-03-23,4,rr,417,2427.03324,2427.03324,167.1419618,73.18612446,1733.595171,1
ex4_rr_rundate2022-03-23,4,rr,418,293.7092126,0,14.19891361,8.198913615,,
ex4_rr_rundate2022-03-23,4,rr,419,888.6445716,0,47.65012186,37.53191459,,
ex4_rr_rundate2022-03-23,4,rr,420,1316.47347,372.3777755,84.08669124,44.44402778,265.9841254,0.219807091
ex4_rr_rundate2022-03-23,4,rr,421,2304.547088,2304.547088,161.9106127,69.16200977,1646.105063,1
ex4_rr_rundate2022-03-23,4,rr,422,944.095695,0,64.58152186,34.58152186,,
ex4_rr_rundate2022-03-23,4,rr,423,677.9569547,0,28.6799275,28.6799275,,
ex4_rr_rundate2022-03-23,4,rr,424,674.262056,0,32.24520393,31.96182667,,
ex4_rr_rundate2022-03-23,4,rr,425,413.8339893,413.8339893,105.9745589,30.74966073,295.5957067,1
ex4_rr_rundate2022-03-23,4,rr,426,276.3123927,0,7.318511948,7.318511948,,
ex4_rr_rundate2022-03-23,4,rr,427,1221.415159,0,56.53823528,52.78122497,,
ex4_rr_rundate2022-03-23,4,rr,428,1637.01126,337.2305367,74.61939436,65.08206564,240.8789548,0.156347932
ex4_rr_rundate2022-03-23,4,rr,429,249.8648853,0,7.49482566,7.49482566,,
ex4_rr_rundate2022-03-23,4,rr,430,1522.006816,0,67.18612446,61.18612446,,
ex4_rr_rundate2022-03-23,4,rr,431,852.0552802,0,41.65012186,37.53191459,,
ex4_rr_rundate2022-03-23,4,rr,432,521.5878089,0,27.030815,23.58644162,,
ex4_rr_rundate2022-03-23,4,rr,433,213.195847,0,8.15627938,8.15627938,,
ex4_rr_rundate2022-03-23,4,rr,434,2908.483423,2908.483423,221.3987746,119.5375189,2077.48816,1
ex4_rr_rundate2022-03-23,4,rr,435,833.3146525,0,27.97985563,20.87746083,,
ex4_rr_rundate2022-03-23,4,rr,436,516.3886381,0,17.54671844,14.83286764,,
ex4_rr_rundate2022-03-23,4,rr,437,1594.052303,379.3728088,76.64398841,59.53751889,270.9805777,0.182397429
ex4_rr_rundate2022-03-23,4,rr,438,255.3379787,0,7.467738413,7.467738413,,
ex4_rr_rundate2022-03-23,4,rr,439,1210.980188,0,54.22280836,41.80302991,,
ex4_rr_rundate2022-03-23,4,rr,440,665.3180421,0,30.57332787,30.35368524,,
ex4_rr_rundate2022-03-23,4,rr,441,1485.659803,0,68.53785967,59.53751889,,
ex4_rr_rundate2022-03-23,4,rr,442,950.9980425,0,67.31851195,29.94232708,,
ex4_rr_rundate2022-03-23,4,rr,443,1539.076045,1539.076045,136.5975714,54.30582417,1099.340032,1
ex4_rr_rundate2022-03-23,4,rr,444,243.7285709,0,7.611883319,7.611883319,,
ex4_rr_rundate2022-03-23,4,rr,445,2442.866292,2442.866292,194.6990009,98.99923149,1744.904495,1
ex4_rr_rundate2022-03-23,4,rr,446,1093.850932,0,45.46018179,45.46018179,,
ex4_rr_rundate2022-03-23,4,rr,447,276.3123927,0,7.318511948,7.318511948,,
ex4_rr_rundate2022-03-23,4,rr,448,833.4385247,0,33.97985563,20.87746083,,
ex4_rr_rundate2022-03-23,4,rr,449,1522.006816,0,67.31186014,61.31186014,,
ex4_rr_rundate2022-03-23,4,rr,450,1214.679226,0,57.46018179,51.46018179,,
ex4_rr_rundate2022-03-23,4,rr,451,756.0441577,0,43.04443728,29.72214025,,
ex4_rr_rundate2022-03-23,4,rr,452,2369.851365,2369.851365,186.8990009,92.99923149,1692.750975,1
ex4_rr_rundate2022-03-23,4,rr,453,179.6379295,0,7.710116202,7.710116202,,
ex4_rr_rundate2022-03-23,4,rr,454,245.5998838,0,8.245203931,8.245203931,,
ex4_rr_rundate2022-03-23,4,rr,455,1726.790495,1726.790495,172.310303,81.77715618,1233.421782,1
ex4_rr_rundate2022-03-23,4,rr,456,1093.850932,0,45.46018179,45.46018179,,
ex4_rr_rundate2022-03-23,4,rr,457,1644.8875,302.0198747,77.9106127,63.16200977,215.7284819,0.13841205
ex4_rr_rundate2022-03-23,4,rr,458,990.832883,0,47.02906907,35.02906907,,
ex4_rr_rundate2022-03-23,4,rr,459,1368.443918,0,69.06923682,56.83286764,,
ex4_rr_rundate2022-03-23,4,rr,460,377.3568457,0,11.72214025,11.72214025,,
ex4_rr_rundate2022-03-23,4,rr,461,633.093091,633.093091,116.6990009,38.99923149,452.2093507,1
ex4_rr_rundate2022-03-23,4,rr,462,2478.258248,2478.258248,162.4439884,74.18768339,1770.184463,1
ex4_rr_rundate2022-03-23,4,rr,463,1530.420854,572.8317213,89.51969072,48.09206979,409.1655152,0.299370129
ex4_rr_rundate2022-03-23,4,rr,464,1871.36847,670.565237,91.10541818,43.31186014,478.9751693,0.285141879
ex4_rr_rundate2022-03-23,4,rr,465,915.3490972,0,67.46773841,31.46773841,,
ex4_rr_rundate2022-03-23,4,rr,466,572.3979404,0,23.72214025,23.72214025,,
ex4_rr_rundate2022-03-23,4,rr,467,1539.076045,1539.076045,136.5975714,54.30582417,1099.340032,1
ex4_rr_rundate2022-03-23,4,rr,468,240.8789548,0,6.800324389,6.800324389,,
ex4_rr_rundate2022-03-23,4,rr,469,1539.076045,1539.076045,136.5975714,54.30582417,1099.340032,1
ex4_rr_rundate2022-03-23,4,rr,470,509.4376945,0,20.19891361,20.19891362,,
ex4_rr_rundate2022-03-23,4,rr,471,444.088595,0,18.98912993,12.98912993,,
ex4_rr_rundate2022-03-23,4,rr,472,2427.03324,2427.03324,161.1419618,73.18612446,1733.595171,1
ex4_rr_rundate2022-03-23,4,rr,473,1223.189503,0,52.78122497,52.78122497,,
ex4_rr_rundate2022-03-23,4,rr,474,756.0441577,0,31.04443728,29.72214025,,
ex4_rr_rundate2022-03-23,4,rr,475,276.9334667,0,9.824423945,9.824423945,,
ex4_rr_rundate2022-03-23,4,rr,476,2275.390332,2275.390332,158.9987746,71.53751889,1625.278809,1
ex4_rr_rundate2022-03-23,4,rr,477,1683.106553,1683.106553,141.8990009,62.99923149,1202.218966,1
ex4_rr_rundate2022-03-23,4,rr,478,1600.28425,312.4040109,67.91969072,48.09206979,223.1457221,0.147678285
ex4_rr_rundate2022-03-23,4,rr,479,217.7409579,0,12.59489821,6.594898214,,
ex4_rr_rundate2022-03-23,4,rr,480,1683.106553,1683.106553,141.8990009,62.99923149,1202.218966,1
ex4_rr_rundate2022-03-23,4,rr,481,173.9376961,0,5.736752688,5.736752688,,
ex4_rr_rundate2022-03-23,4,rr,482,413.8339893,413.8339893,97.8519085,29.11685269,295.5957067,1
ex4_rr_rundate2022-03-23,4,rr,483,692.5201678,0,29.76499377,23.76499377,,
ex4_rr_rundate2022-03-23,4,rr,484,755.8416904,0,37.31851195,23.94232708,,
ex4_rr_rundate2022-03-23,4,rr,485,1676.902882,661.9877643,84.94196179,49.18612446,472.8484031,0.317824975
ex4_rr_rundate2022-03-23,4,rr,486,135.3026374,0,4.890789337,4.890789337,,
ex4_rr_rundate2022-03-23,4,rr,487,786.1463359,0,36.57332787,30.35368524,,
ex4_rr_rundate2022-03-23,4,rr,488,1131.429571,357.4731702,69.70805994,43.46773841,255.3379787,0.248070896
ex4_rr_rundate2022-03-23,4,rr,489,375.8444771,0,14.06843777,14.06843777,,
ex4_rr_rundate2022-03-23,4,rr,490,1625.737829,363.0585475,69.50541818,61.31186014,259.3275339,0.170385265
ex4_rr_rundate2022-03-23,4,rr,491,1683.106553,1683.106553,141.8990009,62.99923149,1202.218966,1
ex4_rr_rundate2022-03-23,4,rr,492,1644.8875,302.0198747,71.9106127,63.16200977,215.7284819,0.13841205
ex4_rr_rundate2022-03-23,4,rr,493,1539.076045,1539.076045,130.5975714,54.30582417,1099.340032,1
ex4_rr_rundate2022-03-23,4,rr,494,1955.380218,1007.083955,100.7054182,43.31186014,719.3456822,0.431354995
ex4_rr_rundate2022-03-23,4,rr,495,1111.30226,0,56.54504368,43.97987556,,
ex4_rr_rundate2022-03-23,4,rr,496,525.5361028,0,25.04443728,17.72214025,,
ex4_rr_rundate2022-03-23,4,rr,497,1491.2,1491.2,125.4772587,50.36712208,1065.142857,1
ex4_rr_rundate2022-03-23,4,rr,498,472.8484031,0,26.19891362,20.19891362,,
ex4_rr_rundate2022-03-23,4,rr,499,1384.400315,0,62.63717855,43.97987556,,
ex4_rr_rundate2022-03-23,4,rr,500,223.1457221,0,12.22280836,6.222808362,,
ex4_rr_rundate2022-03-23,4,rr,501,339.1747617,0,11.07373004,8.7038975,,
ex4_rr_rundate2022-03-23,4,rr,502,1522.300339,755.9684351,86.17878968,56.13753052,539.9774537,0.413361085
ex4_rr_rundate2022-03-23,4,rr,503,991.0296213,0,47.54627873,35.02906907,,
ex4_rr_rundate2022-03-23,4,rr,504,385.5142457,0,12.63030335,12.63030335,,
ex4_rr_rundate2022-03-23,4,rr,505,512.2381445,0,20.90426507,20.90426507,,
ex4_rr_rundate2022-03-23,4,rr,506,2427.03324,2427.03324,150.4439884,74.18768339,1733.595171,1
ex4_rr_rundate2022-03-23,4,rr,507,2352.556503,2352.556503,141.9769869,67.67460528,1680.397502,1
ex4_rr_rundate2022-03-23,4,rr,508,1539.076045,1539.076045,124.5975714,54.30582417,1099.340032,1
ex4_rr_rundate2022-03-23,4,rr,509,1090.432517,0,55.71961917,43.71961917,,
ex4_rr_rundate2022-03-23,4,rr,510,919.2264523,0,59.72214025,35.72214025,,
ex4_rr_rundate2022-03-23,4,rr,511,2631.273792,2631.273792,154.2066853,77.08206564,1879.48128,1
ex4_rr_rundate2022-03-23,4,rr,512,792.7411301,0,43.53351001,29.07373004,,
ex4_rr_rundate2022-03-23,4,rr,513,1713.647199,670.741343,79.10541818,61.31186014,479.1009593,0.314782401
ex4_rr_rundate2022-03-23,4,rr,514,2955.663553,2955.663553,158.2439884,80.18768339,2111.188252,1
ex4_rr_rundate2022-03-23,4,rr,515,939.4680661,0,52.55356268,26.18768339,,
ex4_rr_rundate2022-03-23,4,rr,516,1395.392461,1281.446798,94.90805994,43.46773841,915.3191413,0.889294123
ex4_rr_rundate2022-03-23,4,rr,517,996.7681882,51.31053286,56.52152875,45.16200977,36.65038061,0.037318074
ex4_rr_rundate2022-03-23,4,rr,518,852.0552802,0,41.65012186,37.53191459,,
ex4_rr_rundate2022-03-23,4,rr,519,1539.076045,1539.076045,124.5975714,54.30582417,1099.340032,1
ex4_rr_rundate2022-03-23,4,rr,520,915.3490972,0,48.94066603,34.30953611,,
ex4_rr_rundate2022-03-23,4,rr,521,1750.236491,670.741343,73.10541818,61.31186014,479.1009593,0.307392632
ex4_rr_rundate2022-03-23,4,rr,522,647.9444106,0,34.53963489,16.06699676,,
ex4_rr_rundate2022-03-23,4,rr,523,255.3379787,0,12.86057705,6.86057705,,
ex4_rr_rundate2022-03-23,4,rr,524,259.3275339,0,13.09333885,7.093338847,,
ex4_rr_rundate2022-03-23,4,rr,525,1032.338927,0,46.78122497,46.78122497,,
ex4_rr_rundate2022-03-23,4,rr,526,2478.258248,2478.258248,145.7106127,75.16200977,1770.184463,1
ex4_rr_rundate2022-03-23,4,rr,527,654.5632443,0,38.82313124,32.18768339,,
ex4_rr_rundate2022-03-23,4,rr,528,1973.086742,1202.680789,97.59343319,36.78653828,859.0577066,0.52720274
ex4_rr_rundate2022-03-23,4,rr,529,2676.946263,2676.946263,148.1377898,77.02906907,1912.104474,1
ex4_rr_rundate2022-03-23,4,rr,530,1459.615796,521.7307535,61.40239694,46.30953611,372.6648239,0.284357607
ex4_rr_rundate2022-03-23,4,rr,531,351.3374252,0,26.00131328,20.00131328,,
ex4_rr_rundate2022-03-23,4,rr,532,1744.434565,713.2127723,75.5106127,63.16200977,509.4376945,0.330662095
ex4_rr_rundate2022-03-23,4,rr,533,395.2307253,0,23.35702135,10.00760111,,
ex4_rr_rundate2022-03-23,4,rr,534,1557.58328,661.9877643,72.94196179,55.18612446,472.8484031,0.34553729
ex4_rr_rundate2022-03-23,4,rr,535,479.5292977,0,25.53351001,14.7038975,,
ex4_rr_rundate2022-03-23,4,rr,536,948.5425392,568.3867115,71.85979081,30.35368524,405.9905082,0.516431216
ex4_rr_rundate2022-03-23,4,rr,537,994.8518883,366.5036757,57.79356302,35.07373004,261.7883398,0.294099079
ex4_rr_rundate2022-03-23,4,rr,538,1343.573831,801.7044928,70.13778979,41.02906907,572.6460663,0.513807224
ex4_rr_rundate2022-03-23,4,rr,539,223.1457221,0,12.22280836,6.222808362,,
ex4_rr_rundate2022-03-23,4,rr,540,1597.105293,695.4983841,74.36392486,37.05967522,496.7845601,0.355254284
ex4_rr_rundate2022-03-23,4,rr,541,1639.968595,964.0446542,75.08272793,56.83286764,688.6033244,0.504646072
ex4_rr_rundate2022-03-23,4,rr,542,1539.076045,1539.076045,118.5975714,54.30582417,1099.340032,1
ex4_rr_rundate2022-03-23,4,rr,543,2670.032303,2670.032303,182.8231511,103.7101162,1907.165931,1
ex4_rr_rundate2022-03-23,4,rr,544,677.9569547,0,25.46773841,25.46773841,,
ex4_rr_rundate2022-03-23,4,rr,545,1440.099594,250.7948667,57.34196179,55.18612446,179.1391905,0.130907221
ex4_rr_rundate2022-03-23,4,rr,546,756.0441577,0,39.20443652,27.20443652,,
ex4_rr_rundate2022-03-23,4,rr,547,799.296453,0,46.78563209,29.47689569,,
ex4_rr_rundate2022-03-23,4,rr,548,525.5361028,0,25.04443728,17.72214025,,
ex4_rr_rundate2022-03-23,4,rr,549,538.1007325,0,25.31851195,17.94232708,,
ex4_rr_rundate2022-03-23,4,rr,550,252.5069702,0,14.13753052,8.137530523,,
ex4_rr_rundate2022-03-23,4,rr,551,1385.559966,302.0198747,53.9106127,51.16200977,215.7284819,0.166038405
ex4_rr_rundate2022-03-23,4,rr,552,179.6379295,0,6.570260496,6.570260496,,
ex4_rr_rundate2022-03-23,4,rr,553,1265.040119,1265.040119,76.04398841,26.18768339,903.6000853,1
ex4_rr_rundate2022-03-23,4,rr,554,1726.790495,1726.790495,148.310303,81.77715618,1233.421782,1
ex4_rr_rundate2022-03-23,4,rr,555,2353.233371,2353.233371,149.4839058,82.6799275,1680.880979,1
ex4_rr_rundate2022-03-23,4,rr,556,1606.134348,742.3676826,82.06611033,52.23172685,530.2626304,0.380381267
ex4_rr_rundate2022-03-23,4,rr,557,1162.9104,314.6747255,54.41350495,51.54884996,224.7676611,0.209475268
ex4_rr_rundate2022-03-23,4,rr,558,1925.678558,1925.678558,128.1975714,66.30582417,1375.484684,1
ex4_rr_rundate2022-03-23,4,rr,559,712.513042,0,33.16200977,33.16200977,,
ex4_rr_rundate2022-03-23,4,rr,560,651.3577057,0,32.19891362,26.19891362,,
ex4_rr_rundate2022-03-23,4,rr,561,1928.22334,1928.22334,131.6990009,68.99923149,1377.302386,1
ex4_rr_rundate2022-03-23,4,rr,562,1513.898322,997.5182588,85.1106127,57.16200977,712.513042,0.579800667
ex4_rr_rundate2022-03-23,4,rr,563,1432.638417,302.0198747,53.9106127,57.16200977,215.7284819,0.16023245
ex4_rr_rundate2022-03-23,4,rr,564,575.592017,0,44.15627938,19.79042,,
ex4_rr_rundate2022-03-23,4,rr,565,853.040509,0,40.6799275,34.6799275,,
ex4_rr_rundate2022-03-23,4,rr,566,795.5436624,0,35.72214025,29.72214025,,
ex4_rr_rundate2022-03-23,4,rr,567,245.5998838,0,8.245203931,8.245203931,,
ex4_rr_rundate2022-03-23,4,rr,568,1258.416888,357.4731702,50.91875017,25.19047921,255.3379787,0.220826793
ex4_rr_rundate2022-03-23,4,rr,569,248.6026361,0,7.04443728,7.04443728,,
ex4_rr_rundate2022-03-23,4,rr,570,422.618976,0,16.6799275,16.6799275,,
ex4_rr_rundate2022-03-23,4,rr,571,1653.903666,1474.265737,101.0982363,57.46018179,1053.046955,0.854271005
ex4_rr_rundate2022-03-23,4,rr,572,1762.371185,713.2127723,69.5106127,63.16200977,509.4376945,0.326856773
ex4_rr_rundate2022-03-23,4,rr,573,1367.129943,510.922546,56.66948345,53.28421804,364.9446757,0.298852767
ex4_rr_rundate2022-03-23,4,rr,574,2908.483423,2908.483423,186.2990009,110.9992315,2077.48816,1
ex4_rr_rundate2022-03-23,4,rr,575,339.1747617,0,9.979855625,8.877460834,,
ex4_rr_rundate2022-03-23,4,rr,576,1174.691279,159.5233958,52.51378961,48.26666667,113.9452827,0.100915733
ex4_rr_rundate2022-03-23,4,rr,577,755.8416904,0,29.77724123,21.05051833,,
ex4_rr_rundate2022-03-23,4,rr,578,498.106854,0,33.27975893,21.27975893,,
ex4_rr_rundate2022-03-23,4,rr,579,230.5080549,0,8.89976935,8.89976935,,
ex4_rr_rundate2022-03-23,4,rr,580,919.2261835,0,47.72214025,35.72214025,,
ex4_rr_rundate2022-03-23,4,rr,581,888.6445716,0,41.65012186,37.53191459,,
ex4_rr_rundate2022-03-23,4,rr,582,890.1365523,0,43.53351001,35.07373004,,
ex4_rr_rundate2022-03-23,4,rr,583,1245.018365,687.3583824,63.94014107,39.16200977,490.9702731,0.468201514
ex4_rr_rundate2022-03-23,4,rr,584,1741.767578,1255.157472,86.20988144,58.00760111,896.5410511,0.648187327
ex4_rr_rundate2022-03-23,4,rr,585,1639.968595,964.0446542,69.08272793,56.83286764,688.6033244,0.504646072
ex4_rr_rundate2022-03-23,4,rr,586,2353.566488,2353.566488,129.5054182,67.31186014,1681.11892,1
ex4_rr_rundate2022-03-23,4,rr,587,1068.877428,528.299584,57.23878233,35.72214025,377.3568457,0.411093349
ex4_rr_rundate2022-03-23,4,rr,588,915.3490972,0,42.94066603,34.30953611,,
ex4_rr_rundate2022-03-23,4,rr,589,230.5080549,0,9.20443652,9.20443652,,
ex4_rr_rundate2022-03-23,4,rr,590,672.3907431,0,36.09206979,30.09206979,,
ex4_rr_rundate2022-03-23,4,rr,591,1031.3572,312.4040109,43.91969072,42.09206979,223.1457221,0.236860185
ex4_rr_rundate2022-03-23,4,rr,592,1192.265931,322.7112768,47.96576748,39.20443652,230.5080549,0.209540832
ex4_rr_rundate2022-03-23,4,rr,593,2352.556503,2352.556503,123.9769869,67.67460528,1680.397502,1
ex4_rr_rundate2022-03-23,4,rr,594,1255.67701,761.6488203,59.03878233,41.72214025,544.0348717,0.524086534
ex4_rr_rundate2022-03-23,4,rr,595,339.1747617,0,9.979855625,8.877460834,,
ex4_rr_rundate2022-03-23,4,rr,596,1843.601324,997.5182588,79.1106127,63.16200977,712.513042,0.457150534
ex4_rr_rundate2022-03-23,4,rr,597,833.4385247,0,27.97985563,20.87746083,,
ex4_rr_rundate2022-03-23,4,rr,598,790.7798291,0,35.54671844,26.40658722,,
ex4_rr_rundate2022-03-23,4,rr,599,2016.785575,2016.785575,157.613505,93.54884996,1440.561125,1
ex4_rr_rundate2022-03-23,4,rr,600,368.9787907,0,23.73675269,17.73675269,,
ex4_rr_rundate2022-03-23,4,rr,601,1694.751719,1694.751719,116.2798007,61.75369283,1210.536942,1
ex4_rr_rundate2022-03-23,4,rr,602,2352.556503,2352.556503,123.9769869,67.67460528,1680.397502,1
ex4_rr_rundate2022-03-23,4,rr,603,1683.106553,1683.106553,115.9080599,61.46773841,1202.218966,1
ex4_rr_rundate2022-03-23,4,rr,604,755.8416904,0,35.77724123,21.05051833,,
ex4_rr_rundate2022-03-23,4,rr,605,248.6026361,0,13.04443728,7.04443728,,
ex4_rr_rundate2022-03-23,4,rr,606,592.1245128,0,24.22280836,17.80302991,,
ex4_rr_rundate2022-03-23,4,rr,607,816.6766001,572.8317213,59.51969072,30.09206979,409.1655152,0.626583465
ex4_rr_rundate2022-03-23,4,rr,608,486.9491113,0,26.17966187,20.17966187,,
ex4_rr_rundate2022-03-23,4,rr,609,633.093091,633.093091,86.69900093,38.99923149,452.2093507,1
ex4_rr_rundate2022-03-23,4,rr,610,1639.968405,964.0446542,63.08272793,56.83286764,688.6033244,0.504646142
ex4_rr_rundate2022-03-23,4,rr,611,1539.076045,1539.076045,106.5975714,54.30582417,1099.340032,1
ex4_rr_rundate2022-03-23,4,rr,612,973.7930606,0,35.77724123,27.05051833,,
ex4_rr_rundate2022-03-23,4,rr,613,513.436739,0,27.27975893,21.27975893,,
ex4_rr_rundate2022-03-23,4,rr,614,1061.523,386.8373498,45.51406553,29.94232708,276.3123927,0.290549907
ex4_rr_rundate2022-03-23,4,rr,615,1671.000017,1176.971828,67.1250252,53.94232708,840.6941626,0.629864452
ex4_rr_rundate2022-03-23,4,rr,616,1639.968405,964.0446542,63.08272793,56.83286764,688.6033244,0.504646142
ex4_rr_rundate2022-03-23,4,rr,617,976.3169134,301.6312636,47.10855679,31.97987556,215.4509026,0.242042529
ex4_rr_rundate2022-03-23,4,rr,618,1166.238335,753.3410255,59.3250252,29.94232708,538.1007325,0.565827382
ex4_rr_rundate2022-03-23,4,rr,619,677.9569547,0,25.46773841,25.46773841,,
ex4_rr_rundate2022-03-23,4,rr,620,2694.359394,2694.359394,186.4231511,115.7101162,1924.542424,1
ex4_rr_rundate2022-03-23,4,rr,621,472.8484031,0,25.18612446,19.18612446,,
ex4_rr_rundate2022-03-23,4,rr,622,173.9376961,0,5.736752688,5.736752688,,
ex4_rr_rundate2022-03-23,4,rr,623,1933.569787,1418.341291,93.37878968,68.13753052,1013.100922,0.662881254
ex4_rr_rundate2022-03-23,4,rr,624,1741.797534,1255.157472,80.20988144,58.00760111,896.5410511,0.648173289
ex4_rr_rundate2022-03-23,4,rr,625,341.4649688,0,11.66783867,11.66783867,,
ex4_rr_rundate2022-03-23,4,rr,626,1579.850312,1110.273599,70.70541818,43.31186014,793.0525707,0.628096133
ex4_rr_rundate2022-03-23,4,rr,627,1399.16225,861.0615176,63.77383823,37.97987556,615.0439411,0.53336234
ex4_rr_rundate2022-03-23,4,rr,628,1928.22334,1928.22334,119.6990009,68.99923149,1377.302386,1
ex4_rr_rundate2022-03-23,4,rr,629,507.4415216,0,21.20443652,21.20443652,,
ex4_rr_rundate2022-03-23,4,rr,630,401.2556388,0,21.06923682,7.49482566,,
ex4_rr_rundate2022-03-23,4,rr,631,1539.076045,1539.076045,100.5975714,54.30582417,1099.340032,1
ex4_rr_rundate2022-03-23,4,rr,632,1451.608867,1048.18502,65.69823633,39.46018179,748.7035856,0.649844422
ex4_rr_rundate2022-03-23,4,rr,633,795.5436624,0,30.22280836,23.80302991,,
ex4_rr_rundate2022-03-23,4,rr,634,1225.79016,1030.633808,61.1250252,29.94232708,736.1670054,0.790452639
ex4_rr_rundate2022-03-23,4,rr,635,339.7397,0,20.24520393,14.24520393,,
ex4_rr_rundate2022-03-23,4,rr,636,252.5069702,0,14.10965128,8.109651283,,
ex4_rr_rundate2022-03-23,4,rr,637,1969.605145,1508.440805,82.7106127,63.16200977,1077.457718,0.700274452
ex4_rr_rundate2022-03-23,4,rr,638,565.2687151,324.3897604,35.47007061,20.82313124,231.7069717,0.490295962
ex4_rr_rundate2022-03-23,4,rr,639,1969.605145,1508.440805,82.7106127,63.16200977,1077.457718,0.700274452
ex4_rr_rundate2022-03-23,4,rr,640,1144.936502,648.1519418,51.86442967,27.20443652,462.9656727,0.482381412
ex4_rr_rundate2022-03-23,4,rr,641,1909.895908,1909.895908,97.88272793,56.83286764,1364.211363,1
ex4_rr_rundate2022-03-23,4,rr,642,1928.22334,1928.22334,113.6990009,68.99923149,1377.302386,1
ex4_rr_rundate2022-03-23,4,rr,643,1543.986074,1047.201514,79.37336768,52.23172685,748.0010814,0.600907543
ex4_rr_rundate2022-03-23,4,rr,644,582.9033326,0,29.07373004,17.07373004,,
ex4_rr_rundate2022-03-23,4,rr,645,1866.074609,1474.265737,83.09823633,57.46018179,1053.046955,0.728824936
ex4_rr_rundate2022-03-23,4,rr,646,1634.774488,1634.774488,103.4478474,61.11372879,1167.696063,1
ex4_rr_rundate2022-03-23,4,rr,647,343.793932,0,17.07373004,8.7038975,,
ex4_rr_rundate2022-03-23,4,rr,648,615.4871544,0,25.31851195,17.94232708,,
ex4_rr_rundate2022-03-23,4,rr,649,856.2389682,314.6747255,36.41350495,33.54884996,224.7676611,0.29330328
ex4_rr_rundate2022-03-23,4,rr,650,509.4376945,0,26.19891362,20.19891362,,
ex4_rr_rundate2022-03-23,4,rr,651,1592.315615,1229.919445,72.50541818,43.31186014,878.5138891,0.707959358
ex4_rr_rundate2022-03-23,4,rr,652,1925.678558,1925.678558,110.1975714,66.30582417,1375.484684,1
ex4_rr_rundate2022-03-23,4,rr,653,245.5998838,0,14.24520393,8.245203931,,
ex4_rr_rundate2022-03-23,4,rr,654,343.5116404,0,13.53351001,8.7038975,,
ex4_rr_rundate2022-03-23,4,rr,655,1219.891309,801.7044928,46.13778979,35.02906907,572.6460663,0.577944148
ex4_rr_rundate2022-03-23,4,rr,656,1336.627286,1070.643161,65.77878968,44.13753052,764.7451147,0.741945688
ex4_rr_rundate2022-03-23,4,rr,657,479.5292977,0,23.77724123,15.05051833,,
ex4_rr_rundate2022-03-23,4,rr,658,479.1009593,0,25.31186014,19.31186014,,
ex4_rr_rundate2022-03-23,4,rr,659,2507.080761,2507.080761,145.1657675,93.20443652,1790.771972,1
ex4_rr_rundate2022-03-23,4,rr,660,249.8648853,0,13.49482566,7.49482566,,
ex4_rr_rundate2022-03-23,4,rr,661,2694.359394,2694.359394,174.4231511,115.7101162,1924.542424,1
ex4_rr_rundate2022-03-23,4,rr,662,1519.303603,1303.852701,62.9250252,41.94232708,931.3233575,0.8121244
ex4_rr_rundate2022-03-23,4,rr,663,509.4376945,0,26.19891362,20.19891362,,
ex4_rr_rundate2022-03-23,4,rr,664,339.1747617,0,9.979855625,8.877460834,,
ex4_rr_rundate2022-03-23,4,rr,665,255.3379787,0,13.46773841,7.467738413,,
ex4_rr_rundate2022-03-23,4,rr,666,1422.219424,865.9252938,65.95860084,46.42320659,618.518067,0.526482504
ex4_rr_rundate2022-03-23,4,rr,667,1120.779719,941.6405283,57.19148897,37.53191459,672.6003773,0.789678445
ex4_rr_rundate2022-03-23,4,rr,668,1070.168922,528.299584,39.23878233,35.72214025,377.3568457,0.410515771
ex4_rr_rundate2022-03-23,4,rr,669,932.6737816,385.8121643,36.29823633,33.46018179,275.5801174,0.335075551
ex4_rr_rundate2022-03-23,4,rr,670,813.8565026,572.9775478,41.1022241,20.83286764,409.269677,0.629501712
ex4_rr_rundate2022-03-23,4,rr,671,723.3459441,470.838974,45.69240479,28.68646522,336.3135528,0.571164794
ex4_rr_rundate2022-03-23,4,rr,672,2353.566488,2353.566488,111.5054182,67.31186014,1681.11892,1
ex4_rr_rundate2022-03-23,4,rr,673,215.7284819,0,15.16200977,9.162009769,,
ex4_rr_rundate2022-03-23,4,rr,674,176.1315296,0,5.650121865,5.650121865,,
ex4_rr_rundate2022-03-23,4,rr,675,1415.865658,1144.456461,67.49823633,45.46018179,817.4689004,0.750744185
ex4_rr_rundate2022-03-23,4,rr,676,691.9400159,366.5036757,33.79356302,17.07373004,261.7883398,0.445806092
ex4_rr_rundate2022-03-23,4,rr,677,1997.991017,1738.663483,90.5106127,63.16200977,1241.902488,0.827256629
ex4_rr_rundate2022-03-23,4,rr,678,248.6026361,0,6.98912993,6.98912993,,
ex4_rr_rundate2022-03-23,4,rr,679,1687.84058,1464.694858,64.7250252,47.94232708,1046.210613,0.82420561
ex4_rr_rundate2022-03-23,4,rr,680,1225.79016,1030.633808,49.1250252,29.94232708,736.1670054,0.790452639
ex4_rr_rundate2022-03-23,4,rr,681,962.6869411,585.3300954,33.34393888,23.80302991,418.0929253,0.525605689
ex4_rr_rundate2022-03-23,4,rr,682,2427.03324,2427.03324,114.4439884,74.18768339,1733.595171,1
ex4_rr_rundate2022-03-23,4,rr,683,615.4871544,0,19.31851195,17.94232708,,
ex4_rr_rundate2022-03-23,4,rr,684,339.1747617,0,9.979855625,8.877460834,,
ex4_rr_rundate2022-03-23,4,rr,685,1009.936634,1009.936634,76.27546084,44.82727757,721.38331,1
ex4_rr_rundate2022-03-23,4,rr,686,1232.045218,661.9877643,42.94196179,43.18612446,472.8484031,0.453395098
ex4_rr_rundate2022-03-23,4,rr,687,385.5142457,0,18.63030335,12.63030335,,
ex4_rr_rundate2022-03-23,4,rr,688,1132.466253,917.0153507,47.99584905,35.07373004,655.0109648,0.752486685
ex4_rr_rundate2022-03-23,4,rr,689,1857.748422,1610.902264,94.03195239,70.48611722,1150.644474,0.823364713
ex4_rr_rundate2022-03-23,4,rr,690,1897.946952,1388.509258,66.50541818,61.31186014,991.792327,0.66065314
ex4_rr_rundate2022-03-23,4,rr,691,265.9841254,0,9.297454803,9.297454803,,
ex4_rr_rundate2022-03-23,4,rr,692,1047.205566,831.4770845,60.40611979,44.62009215,593.9122032,0.733550344
ex4_rr_rundate2022-03-23,4,rr,693,897.456466,366.5036757,27.79356302,29.07373004,261.7883398,0.330231812
ex4_rr_rundate2022-03-23,4,rr,694,1395.392081,1281.446798,58.90805994,43.46773841,915.3191413,0.889294451
ex4_rr_rundate2022-03-23,4,rr,695,813.8565026,572.9775478,35.1022241,20.83286764,409.269677,0.629501712
ex4_rr_rundate2022-03-23,4,rr,696,259.3275339,0,7.093338847,7.093338847,,
ex4_rr_rundate2022-03-23,4,rr,697,259.3275339,0,7.093338847,7.093338847,,
ex4_rr_rundate2022-03-23,4,rr,698,1508.440805,1508.440805,79.46948345,47.28421804,1077.457718,1
ex4_rr_rundate2022-03-23,4,rr,699,1997.991017,1738.663483,84.5106127,63.16200977,1241.902488,0.827256629
ex4_rr_rundate2022-03-23,4,rr,700,339.1747617,0,9.979855625,8.877460834,,
ex4_rr_rundate2022-03-23,4,rr,701,252.5069702,0,8.137530523,8.137530523,,
ex4_rr_rundate2022-03-23,4,rr,702,1413.383684,1197.655202,68.96576748,27.20443652,855.4680012,0.798609793
ex4_rr_rundate2022-03-23,4,rr,703,1720.756546,1247.908143,60.68272793,56.83286764,891.3629595,0.653390658
ex4_rr_rundate2022-03-23,4,rr,704,1605.634,1176.971828,49.1250252,47.94232708,840.6941626,0.662299576
ex4_rr_rundate2022-03-23,4,rr,705,730.6312818,386.8373498,27.51406553,17.94232708,276.3123927,0.445588735
ex4_rr_rundate2022-03-23,4,rr,706,692.3283436,556.246819,43.97383823,25.97987556,397.3191564,0.744879357
ex4_rr_rundate2022-03-23,4,rr,707,509.4376945,0,20.19891362,20.19891362,,
ex4_rr_rundate2022-03-23,4,rr,708,249.8648853,0,7.49482566,7.49482566,,
ex4_rr_rundate2022-03-23,4,rr,709,65.96489919,0,1.75,1.75,,
ex4_rr_rundate2022-03-23,4,rr,710,339.1747617,0,9.979855625,8.877460834,,
ex4_rr_rundate2022-03-23,4,rr,711,1422.149412,1206.42093,63.86948345,47.28421804,861.7292357,0.799780095
ex4_rr_rundate2022-03-23,4,rr,712,479.5292977,0,19.53351001,14.7038975,,
ex4_rr_rundate2022-03-23,4,rr,713,1141.915056,910.2080845,45.08272793,32.83286764,650.1486318,0.737250667
ex4_rr_rundate2022-03-23,4,rr,714,179.6379295,0,6.570260496,6.570260496,,
ex4_rr_rundate2022-03-23,4,rr,715,723.3459441,470.838974,39.69240479,28.68646522,336.3135528,0.571164794
ex4_rr_rundate2022-03-23,4,rr,716,632.8691403,301.6312636,29.10855679,25.97987556,215.4509026,0.394101563
ex4_rr_rundate2022-03-23,4,rr,717,865.7479028,353.5097583,28.57878968,32.13753052,252.5069702,0.330184483
ex4_rr_rundate2022-03-23,4,rr,718,863.3985501,516.570307,35.05777849,29.73675269,368.9787907,0.515472429
ex4_rr_rundate2022-03-23,4,rr,719,2427.03324,2427.03324,108.4439884,74.18768339,1733.595171,1
ex4_rr_rundate2022-03-23,4,rr,720,1782.753859,1457.215797,68.14196179,55.18612446,1040.868426,0.761756062
ex4_rr_rundate2022-03-23,4,rr,721,739.7160291,516.570307,35.05777849,23.73675269,368.9787907,0.623143921
ex4_rr_rundate2022-03-23,4,rr,722,1237.3122,1113.629679,50.63878233,35.72214025,795.449771,0.865435561
ex4_rr_rundate2022-03-23,4,rr,723,1179.311606,923.9736276,41.00239694,34.30953611,659.9811626,0.721039398
ex4_rr_rundate2022-03-23,4,rr,724,2254.378663,2254.378663,91.70541818,61.31186014,1610.270473,1
ex4_rr_rundate2022-03-23,4,rr,725,339.1747617,0,15.97985562,8.877460834,,
ex4_rr_rundate2022-03-23,4,rr,726,2015.430637,1799.702155,76.10541818,61.31186014,1285.50154,0.856298849
ex4_rr_rundate2022-03-23,4,rr,727,270.9805777,0,14.53785967,8.187683389,,
ex4_rr_rundate2022-03-23,4,rr,728,1639.278592,1362.966199,58.91969072,42.09206979,973.5472851,0.778925268
ex4_rr_rundate2022-03-23,4,rr,729,590.3320881,411.1928977,22.6585877,20.19891362,293.7092126,0.621148788
ex4_rr_rundate2022-03-23,4,rr,730,271.7612976,271.7612976,28.18731036,12.4517772,194.1152126,1
ex4_rr_rundate2022-03-23,4,rr,731,681.3828016,312.4040109,20.08965087,17.80302991,223.1457221,0.376856079
ex4_rr_rundate2022-03-23,4,rr,732,1225.79016,1030.633808,43.1250252,29.94232708,736.1670054,0.790452639
ex4_rr_rundate2022-03-23,4,rr,733,967.5688984,967.5688984,56.95597842,34.58152186,691.1206417,1
ex4_rr_rundate2022-03-23,4,rr,734,377.3568457,0,11.47689569,11.47689569,,
ex4_rr_rundate2022-03-23,4,rr,735,1620.955898,1390.447843,68.30541818,43.31186014,993.1770305,0.811627961
ex4_rr_rundate2022-03-23,4,rr,736,2676.946263,2676.946263,112.1377898,77.02906907,1912.104474,1
ex4_rr_rundate2022-03-23,4,rr,737,532.1882197,159.5233958,22.40170726,20.00131328,113.9452827,0.234161357
ex4_rr_rundate2022-03-23,4,rr,738,1024.502839,801.3571165,42.83878233,29.72214025,572.3979404,0.719505374
ex4_rr_rundate2022-03-23,4,rr,739,1186.527932,949.1357891,45.10805994,31.46773841,677.9541351,0.740653184
ex4_rr_rundate2022-03-23,4,rr,740,2355.933755,2355.933755,112.8668351,77.58987319,1682.809825,1
ex4_rr_rundate2022-03-23,4,rr,741,1226.166641,932.4574282,55.46442967,27.20443652,666.0410201,0.693973283
ex4_rr_rundate2022-03-23,4,rr,742,339.1747617,0,9.979855625,8.877460834,,
ex4_rr_rundate2022-03-23,4,rr,743,339.7397,0,14.24520393,14.24520393,,
ex4_rr_rundate2022-03-23,4,rr,744,633.093091,633.093091,62.69900093,38.99923149,452.2093507,1
ex4_rr_rundate2022-03-23,4,rr,745,457.3826858,233.4856709,19.53289286,12.30582417,166.7754792,0.426893323
ex4_rr_rundate2022-03-23,4,rr,746,1040.033572,945.8937554,49.30855092,33.82442395,675.6383967,0.877705273
ex4_rr_rundate2022-03-23,4,rr,747,2478.258248,2478.258248,109.7106127,75.16200977,1770.184463,1
ex4_rr_rundate2022-03-23,4,rr,748,1539.076045,1539.076045,82.59757142,54.30582417,1099.340032,1
ex4_rr_rundate2022-03-23,4,rr,749,2955.663553,2955.663553,110.2439884,80.18768339,2111.188252,1
ex4_rr_rundate2022-03-23,4,rr,750,1967.754919,1749.803549,60.71969072,48.09206979,1249.859678,0.851512652
ex4_rr_rundate2022-03-23,4,rr,751,711.7928943,468.0643234,17.31506675,17.07373004,334.3316596,0.578368208
ex4_rr_rundate2022-03-23,4,rr,752,1746.710891,1526.563586,58.40239694,46.30953611,1090.402561,0.832019131
ex4_rr_rundate2022-03-23,4,rr,753,651.7962897,385.8121643,18.29823633,21.46018179,275.5801174,0.508859514
ex4_rr_rundate2022-03-23,4,rr,754,287.3163387,0,10.5722728,10.5722728,,
ex4_rr_rundate2022-03-23,4,rr,755,1978.841346,1799.702155,70.10541818,61.31186014,1285.50154,0.877690695
ex4_rr_rundate2022-03-23,4,rr,756,1124.685867,1030.633808,33.36567383,27.05051833,736.1670054,0.886714165
ex4_rr_rundate2022-03-23,4,rr,757,200.0519363,0,6.872102929,6.872102929,,
ex4_rr_rundate2022-03-23,4,rr,758,1387.034588,1387.034588,51.53778979,35.02906907,990.7389915,1
ex4_rr_rundate2022-03-23,4,rr,759,1030.633808,1030.633808,27.36567383,21.05051833,736.1670054,1
ex4_rr_rundate2022-03-23,4,rr,760,854.9016732,854.9016732,20.77381231,15.97985562,610.6440523,1
ex4_rr_rundate2022-03-23,4,rr,761,505.7439665,505.7439665,13.00988144,10.00760111,361.2456904,1
ex4_rr_rundate2022-03-23,4,rr,762,1387.034588,1387.034588,45.53778979,35.02906907,990.7389915,1
ex4_rr_rundate2022-03-23,4,rr,763,634.8956786,559.1781018,25.04895741,19.26842878,399.4129299,0.84063836
ex4_rr_rundate2022-03-23,4,rr,764,1387.034588,1387.034588,45.53778979,35.02906907,990.7389915,1
ex4_rr_rundate2022-03-23,4,rr,765,735.7505439,735.7505439,23.03878233,17.72214025,525.5361028,1
ex4_rr_rundate2022-03-23,4,rr,766,1939.882868,1939.882868,74.69823633,57.46018179,1385.63062,1
ex4_rr_rundate2022-03-23,4,rr,767,1702.463405,1702.463405,84.97434888,65.36488375,1216.045289,1
ex4_rr_rundate2022-03-23,4,rr,768,1206.42093,1206.42093,41.96392486,32.2799422,861.7292357,1
ex4_rr_rundate2022-03-23,4,rr,769,631.4659772,631.4659772,25.49610029,19.61238484,451.0471266,1
ex4_rr_rundate2022-03-23,4,rr,770,1474.265737,1474.265737,57.80673529,44.46671945,1053.046955,1
ex4_rr_rundate2022-03-23,4,rr,771,312.4040109,312.4040109,8.089650871,6.222808362,223.1457221,1
ex4_rr_rundate2022-03-23,4,rr,772,544.3826593,544.3826593,15.99757142,12.30582417,388.8447567,1
ex4_rr_rundate2022-03-23,4,rr,773,1176.971828,1176.971828,31.1250252,23.94232708,840.6941626,1
ex4_rr_rundate2022-03-23,4,rr,774,689.054047,689.054047,30.41128602,23.39329694,492.1814621,1
ex4_rr_rundate2022-03-23,4,rr,775,801.7044928,801.7044928,22.13778979,17.02906907,572.6460663,1
ex4_rr_rundate2022-03-23,4,rr,776,1270.786673,1270.786673,48.17757779,37.05967522,907.7047663,1
ex4_rr_rundate2022-03-23,4,rr,777,1837.871841,1837.871841,62.51969072,48.09206979,1312.765601,1
ex4_rr_rundate2022-03-23,4,rr,778,1582.422469,1582.422469,54.5250252,41.94232708,1130.301764,1
ex4_rr_rundate2022-03-23,4,rr,779,941.6405283,941.6405283,34.16392486,26.2799422,672.6003773,1
ex4_rr_rundate2022-03-23,4,rr,780,831.4770845,831.4770845,42.40611979,32.62009215,593.9122032,1
ex4_rr_rundate2022-03-23,4,rr,781,1539.076045,1539.076045,70.59757142,54.30582417,1099.340032,1
ex4_rr_rundate2022-03-23,4,rr,782,348.0436905,348.0436905,9.085868909,6.98912993,248.6026361,1
ex4_rr_rundate2022-03-23,4,rr,783,643.7964578,643.7964578,19.56567383,15.05051833,459.8546127,1
ex4_rr_rundate2022-03-23,4,rr,784,895.635327,895.635327,35.36576748,27.20443652,639.7395193,1
ex4_rr_rundate2022-03-23,4,rr,785,2352.556503,2352.556503,87.97698686,67.67460528,1680.397502,1
ex4_rr_rundate2022-03-23,4,rr,786,1683.106553,1683.106553,81.89900093,62.99923149,1202.218966,1
ex4_rr_rundate2022-03-23,4,rr,787,1206.42093,1206.42093,41.96392486,32.2799422,861.7292357,1
ex4_rr_rundate2022-03-23,4,rr,788,1954.238403,1954.238403,87.70805994,67.46773841,1395.884574,1
ex4_rr_rundate2022-03-23,4,rr,789,917.0153507,917.0153507,29.99584905,23.07373004,655.0109648,1
ex4_rr_rundate2022-03-23,4,rr,790,1928.22334,1928.22334,89.69900093,68.99923149,1377.302386,1
ex4_rr_rundate2022-03-23,4,rr,791,357.4731702,357.4731702,9.708059937,7.467738413,255.3379787,1
ex4_rr_rundate2022-03-23,4,rr,792,1804.153455,1804.153455,72.97878968,56.13753052,1288.681039,1
ex4_rr_rundate2022-03-23,4,rr,793,1307.231222,1307.231222,46.4944919,35.76499377,933.7365873,1
ex4_rr_rundate2022-03-23,4,rr,794,544.3826593,544.3826593,15.99757142,12.30582417,388.8447567,1
ex4_rr_rundate2022-03-23,4,rr,795,1357.589761,1357.589761,56.50805994,43.46773841,969.7069722,1
ex4_rr_rundate2022-03-23,4,rr,796,716.0757972,716.0757972,26.60673529,20.46671945,511.4827123,1
ex4_rr_rundate2022-03-23,4,rr,797,1909.895908,1909.895908,73.88272793,56.83286764,1364.211363,1
ex4_rr_rundate2022-03-23,4,rr,798,828.8428699,828.8428699,23.14393888,17.80302991,592.0306213,1
ex4_rr_rundate2022-03-23,4,rr,799,643.7964578,643.7964578,19.56567383,15.05051833,459.8546127,1
ex4_rr_rundate2022-03-23,4,rr,800,1206.42093,1206.42093,41.96392486,32.2799422,861.7292357,1
ex4_rr_rundate2022-03-23,4,rr,801,895.635327,895.635327,35.36576748,27.20443652,639.7395193,1
ex4_rr_rundate2022-03-23,4,rr,802,402.2428741,402.2428741,13.74395464,10.5722728,287.3163387,1
ex4_rr_rundate2022-03-23,4,rr,803,1058.461821,1058.461821,35.36576748,27.20443652,756.0441577,1
ex4_rr_rundate2022-03-23,4,rr,804,1206.42093,1206.42093,41.96392486,32.2799422,861.7292357,1
ex4_rr_rundate2022-03-23,4,rr,805,271.7612976,271.7612976,16.18731036,12.4517772,194.1152126,1
ex4_rr_rundate2022-03-23,4,rr,806,2507.080761,2507.080761,121.1657675,93.20443652,1790.771972,1
ex4_rr_rundate2022-03-23,4,rr,807,1176.971828,1176.971828,31.1250252,23.94232708,840.6941626,1
ex4_rr_rundate2022-03-23,4,rr,808,1539.076045,1539.076045,70.59757142,54.30582417,1099.340032,1
ex4_rr_rundate2022-03-23,4,rr,809,1878.086959,1878.086959,91.3116827,70.23975592,1341.490685,1
ex4_rr_rundate2022-03-23,4,rr,810,337.2305367,337.2305367,8.840421706,6.800324389,240.8789548,1
ex4_rr_rundate2022-03-23,4,rr,811,1694.751719,1694.751719,80.27980068,61.75369283,1210.536942,1
ex4_rr_rundate2022-03-23,4,rr,812,2579.127335,2579.127335,95.30541818,73.31186014,1842.233811,1
ex4_rr_rundate2022-03-23,4,rr,813,2438.52622,2438.52622,89.48272793,68.83286764,1741.804443,1
ex4_rr_rundate2022-03-23,4,rr,814,1023.757393,1023.757393,37.28390575,28.6799275,731.2552809,1
ex4_rr_rundate2022-03-23,4,rr,815,1000.116591,1000.116591,44.94395464,34.5722728,714.3689935,1
ex4_rr_rundate2022-03-23,4,rr,816,379.3728088,379.3728088,10.64398841,8.187683389,270.9805777,1
ex4_rr_rundate2022-03-23,4,rr,817,343.8398373,343.8398373,10.71876511,8.245203931,245.5998838,1
ex4_rr_rundate2022-03-23,4,rr,818,343.8398373,343.8398373,10.71876511,8.245203931,245.5998838,1
ex4_rr_rundate2022-03-23,4,rr,819,1444.577216,1444.577216,52.00988144,40.00760111,1031.840869,1
ex4_rr_rundate2022-03-23,4,rr,820,690.1309701,690.1309701,47.77455895,36.74966073,492.950693,1
ex4_rr_rundate2022-03-23,4,rr,821,949.1357891,949.1357891,33.10805994,25.46773841,677.9541351,1
ex4_rr_rundate2022-03-23,4,rr,822,2676.946263,2676.946263,88.64398841,68.18768339,1912.104474,1
ex4_rr_rundate2022-03-23,4,rr,823,643.7964578,643.7964578,19.11506675,14.7038975,459.8546127,1
ex4_rr_rundate2022-03-23,4,rr,824,1707.12882,1707.12882,68.61559246,52.78122497,1219.377729,1
ex4_rr_rundate2022-03-23,4,rr,825,1481.551238,1481.551238,50.20611979,38.62009215,1058.250884,1
ex4_rr_rundate2022-03-23,4,rr,826,801.7044928,801.7044928,22.13778979,17.02906907,572.6460663,1
ex4_rr_rundate2022-03-23,4,rr,827,399.6364887,399.6364887,18.66744591,14.35957378,285.4546348,1
ex4_rr_rundate2022-03-23,4,rr,828,1000.321756,1000.321756,38.65777849,29.73675269,714.5155402,1
ex4_rr_rundate2022-03-23,4,rr,829,758.6442963,758.6442963,26.57723611,20.44402778,541.8887831,1
ex4_rr_rundate2022-03-23,4,rr,830,1966.403241,1966.403241,82.49823633,63.46018179,1404.573744,1
ex4_rr_rundate2022-03-23,4,rr,831,2427.03324,2427.03324,96.44398841,74.18768339,1733.595171,1
