method,example,orderid,ordercompleted,orderdist,ordershortestdist,orderdetour,ordertime,ordershortesttime,orderdelay
rr,4,1,1,472.84840310000004,472.8484031,1.2021489020189528e-16,20.198913615000002,20.19891362,-2.4753787908338154e-10
rr,4,2,1,1296.5347920000002,1249.859678,0.03734428337962601,91.318511948,47.94232708,0.9047576016829426
rr,4,3,1,496.78456,496.78456,0.0,20.279942196999997,20.2799422,-1.479295574924322e-10
rr,4,4,1,959.7502327,639.7395193,0.5002203299088889,50.279942197,25.05967522,1.006408373436214
rr,4,5,1,245.5998838,245.5998838,0.0,14.245203930999999,8.245203931,0.7276957671648883
rr,4,6,1,496.78456,496.78456,0.0,26.279942196999997,20.2799422,0.2958588312445978
rr,4,7,1,1539.5567925,1084.734371,0.4192938231326681,67.311860141,43.31186014,0.5541207402181088
rr,4,8,1,692.5201677,688.6033244,0.005688098156384652,27.069236822,20.83286764,0.29935241224428966
rr,4,9,1,308.3379153,308.3379153,0.0,24.570260496,18.5044975,0.3277993901752805
rr,4,10,1,672.9160896,672.6003773,0.0004693906079376992,29.650121865000003,25.53191459,0.16129645352225053
rr,4,11,1,217.9513702,217.9513702,0.0,5.792768582000001,5.792768582,2.220446049250313e-16
rr,4,12,0,,,,,,
rr,4,13,1,1017.9019014999999,995.0589915,0.02295633745851122,65.29123927,41.29123927,0.5812370959143656
rr,4,14,0,,,,,,
rr,4,15,1,1273.4888613,1232.684885,0.03310170895784137,57.46018179399999,57.46018179,6.961320409004657e-11
rr,4,16,1,1432.5585773,1430.376581,0.0015254698161197293,68.279942197,56.2799422,0.21321983512982357
rr,4,17,1,227.3685256,227.3685256,0.0,7.6169511929999985,7.616951193,-2.220446049250313e-16
rr,4,18,1,1368.4439182,1364.211363,0.003102565566300892,61.186124456,55.18612446,0.10872298163189398
rr,4,19,1,240.8789548,240.8789548,0.0,12.800324389,6.800324389,0.8823108511860727
rr,4,20,0,,,,,,
rr,4,21,1,1485.6598033,1385.63062,0.07219036722788366,105.460181794,57.46018179,0.8353610884738552
rr,4,22,1,1208.69768275,995.0589915,0.21469952342016493,62.478843978,41.29123927,0.5131259095774774
rr,4,23,1,1123.966958,951.5606963,0.181182621739607,62.620092145,50.62009215,0.23706001876569083
rr,4,24,1,786.1463359,783.4286109,0.0034690142307644014,54.573327867,30.35368524,0.7979144026664486
rr,4,25,0,,,,,,
rr,4,26,0,,,,,,
rr,4,27,1,125.6224314,125.6224314,0.0,4.5535626759999985,4.553562676,-4.440892098500626e-16
rr,4,28,0,,,,,,
rr,4,29,0,,,,,,
rr,4,30,1,1221.4151588,1219.377729,0.0016708766705709835,62.538235278,52.78122497,0.184857594979005
rr,4,31,1,919.2261836,917.9346899,0.0014069559786881374,71.722140251,35.72214025,1.007778362356102
rr,4,32,1,1368.4439182,1364.211363,0.003102565566300892,61.186124456,55.18612446,0.10872298163189398
rr,4,33,1,479.10095920000003,479.1009592,1.1864601347433082e-16,31.311860140999997,19.31186014,0.6213798108523376
rr,4,34,1,925.5325265,917.9346899,0.008277099322641092,55.04443728,35.72214025,0.5409053571475184
rr,4,35,1,888.6445715,888.3288592,0.000355400251528801,59.650121865,37.53191459,0.5893173187837633
rr,4,36,1,1306.3093576,1288.681039,0.01367934971222934,140.137530523,56.13753052,1.4963251718575954
rr,4,37,1,915.3490973,915.3191413,3.272738288586231e-5,48.940666027,34.30953611,0.4264449938958965
rr,4,38,1,959.7502327,639.7395193,0.5002203299088889,57.434176667,27.20443652,1.111206259492854
rr,4,39,1,849.89375027,799.0729281,0.06359972961521738,41.777241231,27.05051833,0.5444155532009727
rr,4,40,0,,,,,,
rr,4,41,1,1029.264424,969.7069722,0.06141798863720696,56.001313278,44.00131328,0.2727191327594847
rr,4,42,1,950.9980424999999,931.3233575,0.021125514400082937,55.318511947999994,29.94232708,0.8475020929468784
rr,4,43,0,,,,,,
rr,4,44,0,,,,,,
rr,4,45,0,,,,,,
rr,4,46,0,,,,,,
rr,4,47,1,180.5588058,180.5588058,0.0,5.073730041000001,5.073730041,2.220446049250313e-16
rr,4,48,0,,,,,,
rr,4,49,1,575.89497189,538.8737946,0.0687010161952306,38.014879861,24.5044975,0.5513429671838812
rr,4,50,1,1029.264424,969.7069722,0.06141798863720696,49.467738413000006,43.46773841,0.13803340644057216
rr,4,51,1,1558.5961068000001,1501.230021,0.03821272223279104,67.311860141,61.31186014,0.09786034850842151
rr,4,52,1,795.5436625,795.449771,0.00011803573704206517,54.222808362,23.80302991,1.2779792558770096
rr,4,53,0,,,,,,
rr,4,54,1,1123.70594311,1115.697385,0.0071780737480172255,63.16200976900001,51.16200977,0.23454903458535514
rr,4,55,1,795.5436625,795.449771,0.00011803573704206517,35.722140251,29.72214025,0.20186971565750556
rr,4,56,0,,,,,,
rr,4,57,0,,,,,,
rr,4,58,1,1093.8509318,1053.046955,0.038748487525895624,50.466719451,44.46671945,0.13493237358664656
rr,4,59,1,245.5998838,245.5998838,0.0,14.245203930999999,8.245203931,0.7276957671648883
rr,4,60,1,265.9841254,265.9841254,0.0,15.777156177000002,9.777156177,0.613675376702536
rr,4,61,1,773.9264453000001,714.3689935,0.08337071225362483,76.57227280000001,34.5722728,1.2148463667103773
rr,4,62,1,1623.659506,1041.37434,0.5591506758270997,96.630303352,47.08206564,1.0523802861764158
rr,4,63,1,484.3969467,308.6391246,0.5694606033106925,23.51726875,13.21165365,0.7800397567945629
rr,4,64,1,959.7502327,639.7395193,0.5002203299088889,45.434176667,27.20443652,0.670101736295768
rr,4,65,0,,,,,,
rr,4,66,0,,,,,,
rr,4,67,1,950.9980424999999,931.3233575,0.021125514400082937,55.318511947999994,29.94232708,0.8475020929468784
rr,4,68,0,,,,,,
rr,4,69,1,951.5301165999999,949.4630648,0.0021770744714912733,45.20443652,33.20443652,0.36139748954246076
rr,4,70,1,1558.5961068000001,1501.230021,0.03821272223279104,73.311860141,61.31186014,0.19572069700053296
rr,4,71,0,,,,,,
rr,4,72,1,176.1315296,176.1315296,0.0,5.650121864999999,5.650121865,-1.1102230246251565e-16
rr,4,73,1,1558.5961068,1501.230021,0.03821272223279089,81.16200976900001,63.16200977,0.28498143210682714
rr,4,74,1,863.5370725999999,840.6941626,0.027171486393284785,43.318511948,23.94232708,0.8092857809208411
rr,4,75,1,915.3490973,915.3191413,3.272738288586231e-5,43.467738413,31.46773841,0.3813429438954079
rr,4,76,1,564.3355332,559.4924311,0.008656242391837444,21.979855625,20.87746083,0.05280310685176359
rr,4,77,1,255.3379787,255.3379787,0.0,12.86057705,6.86057705,0.8745620020403386
rr,4,78,0,,,,,,
rr,4,79,1,65.96489919,65.96489919,0.0,1.75,1.75,0.0
rr,4,80,0,,,,,,
rr,4,81,1,339.1747617,334.3316596,0.014485921272889087,11.073730040999997,8.7038975,0.2722725699607558
rr,4,82,1,991.0296214,990.7389916,0.0002933464842548278,54.222808362,29.80302991,0.819372343206161
rr,4,83,0,,,,,,
rr,4,84,0,,,,,,
rr,4,85,0,,,,,,
rr,4,86,1,888.6445715,888.3288592,0.000355400251528801,41.650121865,37.53191459,0.10972547816937794
rr,4,87,1,1204.3777997999998,1144.790392,0.05205093283137871,73.719619166,55.71961917,0.323045998234162
rr,4,88,1,675.9237505,675.9237505,0.0,55.186124456,31.18612446,0.7695730204239686
rr,4,89,0,,,,,,
rr,4,90,1,444.08859500000005,442.0215432,0.004676359855756592,18.98912993,12.98912993,0.46192470414375175
rr,4,91,0,,,,,,
rr,4,92,1,173.9376961,173.9376961,0.0,5.736752687999999,5.736752688,-1.1102230246251565e-16
rr,4,93,1,486.64006259999996,427.0554745,0.13952423433925554,34.890789337,22.30953611,0.5639406021248732
rr,4,94,1,1114.7121425,1113.223911,0.0013368662721797964,47.546278728999994,41.02906907,0.15884371268285258
rr,4,95,1,755.8416904000001,736.1670054,0.026725844619061308,31.318511948,23.94232708,0.3080813675025613
rr,4,96,1,755.8416904000001,736.1670054,0.026725844619061308,31.318511948,23.94232708,0.3080813675025613
rr,4,97,1,677.9569548000001,677.9541351,4.1591309117333295e-6,37.467738413,25.46773841,0.471184359200429
rr,4,98,1,498.106854,498.106854,0.0,27.279758924999996,21.27975893,0.2819580811388447
rr,4,99,1,1333.4991206,1292.695144,0.03156504206687106,74.466719451,56.46671945,0.31877183899338424
rr,4,100,0,,,,,,
rr,4,101,1,245.5998838,245.5998838,0.0,14.245203930999999,8.245203931,0.7276957671648883
rr,4,102,0,,,,,,
rr,4,103,1,755.8416904000001,736.1670054,0.026725844619061308,31.318511948,23.94232708,0.3080813675025613
rr,4,104,1,959.7502327,639.7395193,0.5002203299088889,63.434176667,27.20443652,1.3317585210913974
rr,4,105,1,1150.8544794,1110.050503,0.03675866664599855,81.297454803,44.44402778,0.8292098818186815
rr,4,106,1,451.1163339,451.1163339,0.0,20.245203931,20.24520393,4.939448849938799e-11
rr,4,107,1,1085.6673339499998,855.4680012,0.26909169299972624,69.20443652,39.20443652,0.7652195175588254
rr,4,108,1,888.6445715,888.3288592,0.000355400251528801,47.650121865,37.53191459,0.2695894250408397
rr,4,109,0,,,,,,
rr,4,110,1,792.74113,769.89822,0.029670038722780734,55.533510015,29.07373004,0.910092373376113
rr,4,111,1,587.2246799,564.3817699,0.04047421659995748,19.533510015,17.07373004,0.14406810751003296
rr,4,112,1,677.9569548000001,677.9541351,4.1591309117333295e-6,25.467738413,25.46773841,1.1779599518035866e-10
rr,4,113,1,1485.6598033,1385.63062,0.07219036722788366,69.460181794,57.46018179,0.2088402721706737
rr,4,114,1,254.7342814,254.7342814,0.0,9.621779987,9.621779987,0.0
rr,4,115,1,692.5201677,688.6033244,0.005688098156384652,29.764993770000004,23.76499377,0.2524721890554067
rr,4,116,1,1100.2594471,855.4680012,0.2861491552654465,57.20443652,39.20443652,0.4591317105352952
rr,4,117,1,852.0552801000001,851.7395678,0.0003706676452939193,41.650121865,37.53191459,0.10972547816937794
rr,4,118,1,385.5142457,385.5142457,0.0,18.630303352,12.63030335,0.4750479727788959
rr,4,119,1,1085.2831358,409.2314644,1.6520031576535834,56.68043762400001,13.05967522,3.3401108120359524
rr,4,120,1,990.8328831000001,990.7389916,9.476915796815838e-5,54.222808361999995,29.80302991,0.8193723432061608
rr,4,121,1,275.5801174,275.5801174,0.0,9.70961287,9.70961287,0.0
rr,4,122,1,766.3319039,748.7035856,0.023545123382670823,33.548849963,33.54884996,8.942202534001353e-11
rr,4,123,1,240.8789548,240.8789548,0.0,6.800324389,6.800324389,0.0
rr,4,124,1,677.9569548000001,677.9541351,4.1591309117333295e-6,28.679927501,28.6799275,3.4867664311377666e-11
rr,4,125,1,249.8648853,249.8648853,0.0,7.49482566,7.49482566,0.0
rr,4,126,1,572.3979404,572.3979404,0.0,18.363327955000003,18.36332796,-2.7228164167780733e-10
rr,4,127,1,1080.4448992,409.2314644,1.6401804191281044,68.680437624,13.05967522,4.258969803385356
rr,4,128,1,135.3026374,135.3026374,0.0,4.679927501000002,4.679927501,4.440892098500626e-16
rr,4,129,1,173.9376961,173.9376961,0.0,5.476895686999999,5.476895687,-1.1102230246251565e-16
rr,4,130,1,572.3979404,572.3979404,0.0,23.722140251,23.72214025,4.2154724155807344e-11
rr,4,131,1,1405.0332096,1400.800654,0.003021526002228772,81.16200976900001,57.16200977,0.4198592753398218
rr,4,132,0,,,,,,
rr,4,133,1,294.6974805,291.6610287,0.010410893130063246,10.539634892000002,10.32215408,0.021069324320723615
rr,4,134,1,479.52929770000003,459.8546127,0.042784576813270726,17.777241230999998,15.05051833,0.18117136175734605
rr,4,135,1,959.7502327,639.7395193,0.5002203299088889,57.434176667,27.20443652,1.111206259492854
rr,4,136,1,377.3568457,377.3568457,0.0,11.476895687000003,11.47689569,-2.6139446163142566e-10
rr,4,137,1,1214.6792256,1173.875249,0.03476006214012965,57.46018179399999,51.46018179,0.11659500210249818
rr,4,138,1,1040.20458583,818.8787098,0.2702791919990884,57.20443652,39.20443652,0.4591317105352952
rr,4,139,1,245.5998838,245.5998838,0.0,8.245203930999999,8.245203931,-2.220446049250313e-16
rr,4,140,0,,,,,,
rr,4,141,1,135.3026374,135.3026374,0.0,4.679927501000002,4.679927501,4.440892098500626e-16
rr,4,142,1,890.1365524,853.9893709,0.042327437239535304,55.533510015000005,35.07373004,0.5833363018893785
rr,4,143,1,859.2157253,840.6941626,0.02203127311211332,31.318511948,23.94232708,0.3080813675025613
rr,4,144,1,959.7502327,639.7395193,0.5002203299088889,69.434176667,27.20443652,1.5523107826899403
rr,4,145,1,1299.2685729,1241.902488,0.04619210079237721,69.16200976900001,51.16200977,0.3518235518878057
rr,4,146,0,,,,,,
rr,4,147,1,245.5998838,245.5998838,0.0,8.245203930999999,8.245203931,-2.220446049250313e-16
rr,4,148,1,479.52929770000003,459.8546127,0.042784576813270726,19.533510014999997,14.7038975,0.32845798299396445
rr,4,149,0,,,,,,
rr,4,150,1,592.1245129,592.0306214,0.00015859230351634757,29.736752688000003,23.73675269,0.25277257072016135
rr,4,151,1,1214.6792256,1173.875249,0.03476006214012965,57.46018179399999,51.46018179,0.11659500210249818
rr,4,152,1,1352.06097682,639.7395193,1.1134554549630118,93.20443652,27.20443652,2.426074877583974
rr,4,153,1,766.3319039,748.7035856,0.023545123382670823,33.548849963,33.54884996,8.942202534001353e-11
rr,4,154,1,1540.6594875,1538.477491,0.001418283018610617,84.630303352,65.08206564,0.30036289598014054
rr,4,155,1,412.29758549999997,412.2975855,-1.3786988054240743e-16,25.268428778,19.26842878,0.31139020552769736
rr,4,156,1,366.95984387,339.2086953,0.08181143040999161,16.14914187,12.12779746,0.3315807691597119
rr,4,157,1,512.2381445999999,512.2381446,-2.2194137418327674e-16,26.904265068,20.90426507,0.2870227667850751
rr,4,158,1,1522.0068154,1464.64073,0.039167342697072186,73.311860141,61.31186014,0.19572069700053296
rr,4,159,1,316.07135887,285.5258886,0.10697968727029124,12.222808362000002,12.22280836,1.6362866617214422e-10
rr,4,160,1,339.1747617,334.3316596,0.014485921272889087,11.073730040999997,8.7038975,0.2722725699607558
rr,4,161,1,852.0552801000001,851.7395678,0.0003706676452939193,47.650121865,37.53191459,0.2695894250408397
rr,4,162,1,792.7933718,771.503013,0.027595950296048985,35.476895686999995,29.47689569,0.20354924955803577
rr,4,163,1,1558.5961068,1501.230021,0.03821272223279089,75.16200976900001,63.16200977,0.18998762139927416
rr,4,164,1,759.10430305,739.2671624,0.026833520625479414,46.698885321000006,33.82442395,0.3806261827261659
rr,4,165,1,525.5361028,525.5361028,0.0,25.044437279999997,17.72214025,0.4131722764128334
rr,4,166,0,,,,,,
rr,4,167,1,496.78456,496.78456,0.0,26.279942196999997,20.2799422,0.2958588312445978
rr,4,168,1,1169.7557511300001,1015.555462,0.1518383730872988,87.460181794,39.46018179,1.216416088994404
rr,4,169,0,,,,,,
rr,4,170,1,915.3490973,915.3191413,3.272738288586231e-5,49.467738413000006,31.46773841,0.5720144157954441
rr,4,171,1,950.9980424999999,931.3233575,0.021125514400082937,61.318511947999994,29.94232708,1.047887319651843
rr,4,172,1,472.84840310000004,472.8484031,1.2021489020189528e-16,26.198913615000002,20.19891362,0.29704567819227123
rr,4,173,1,255.3379787,255.3379787,0.0,12.860577050000003,6.86057705,0.8745620020403391
rr,4,174,0,,,,,,
rr,4,175,0,,,,,,
rr,4,176,1,926.7690262000001,753.7078802,0.2296130245501447,48.092069787,42.09206979,0.14254466522873277
rr,4,177,1,254.7342814,254.7342814,0.0,15.621779986999996,9.621779987,0.6235852418270429
rr,4,178,1,1439.0071708,1232.442762,0.16760568130952289,72.092069787,64.23975592,0.12223449100240624
rr,4,179,1,1368.4439182,1364.211363,0.003102565566300892,63.06923682199999,56.83286764,0.10973173519068946
rr,4,180,1,1042.9058562,1040.868426,0.0019574329945137724,43.186124456,43.18612446,-9.262235423079801e-11
rr,4,181,1,954.1264208,740.8232246,0.2879272532461046,54.092069787,40.23975592,0.3442444803725837
rr,4,182,1,479.10095920000003,479.1009592,1.1864601347433082e-16,19.311860140999997,19.31186014,5.1781468002332076e-11
rr,4,183,1,651.3577057,651.3577057,0.0,44.198913614999995,26.19891362,0.6870513890796972
rr,4,184,1,1522.0068154,1464.64073,0.039167342697072186,67.311860141,61.31186014,0.09786034850842151
rr,4,185,0,,,,,,
rr,4,186,1,287.3163387,287.3163387,0.0,10.5722728,10.5722728,0.0
rr,4,187,0,,,,,,
rr,4,188,1,1411.12669033,1398.040555,0.00936034028712417,80.279942197,56.2799422,0.42643967031295205
rr,4,189,1,1079.4951475999999,1077.457718,0.0018909601425304082,57.16200976900001,45.16200977,0.26571005276588266
rr,4,190,1,351.3374252,291.7528371,0.2042296784232367,32.001313278,20.00131328,0.599960604086893
rr,4,191,1,245.5998838,245.5998838,0.0,8.245203930999999,8.245203931,-2.220446049250313e-16
rr,4,192,1,1166.4489451000002,1130.301764,0.0319801156215838,56.637178555000006,37.97987556,0.49124181477439266
rr,4,193,1,572.3979404,572.3979404,0.0,23.722140251,23.72214025,4.2154724155807344e-11
rr,4,194,1,240.8789548,240.8789548,0.0,6.8003243889999965,6.800324389,-5.551115123125783e-16
rr,4,195,1,587.2246799,564.3817699,0.04047421659995748,19.533510014999997,17.07373004,0.14406810751003274
rr,4,196,0,,,,,,
rr,4,197,1,1816.4902591999999,1361.667837,0.3340186276280534,85.311860141,55.31186014,0.5423791556651125
rr,4,198,1,538.1007325,538.1007325,0.0,25.318511947999994,17.94232708,0.41110525045673163
rr,4,199,1,479.52929770000003,459.8546127,0.042784576813270726,25.533510015000005,14.7038975,0.7365130581874639
rr,4,200,0,,,,,,
rr,4,201,0,,,,,,
rr,4,202,1,1015.8868521,973.5472851,0.043489995450658674,49.533510015000005,41.07373004,0.20596571012083342
rr,4,203,1,572.3979404,572.3979404,0.0,35.722140251,23.72214025,0.5058565489680047
rr,4,204,1,166.7754792,166.7754792,0.0,5.794532967000002,5.794532967,2.220446049250313e-16
rr,4,205,1,1310.5798226000002,1269.205875,0.03259829505595384,72.940666027,46.30953611,0.5750679482891499
rr,4,206,1,915.3490973,915.3191413,3.272738288586231e-5,49.467738413000006,31.46773841,0.5720144157954441
rr,4,207,1,1273.4888613,1232.684885,0.03310170895784137,87.460181794,57.46018179,0.5221006803222645
rr,4,208,1,757.6036626,739.9753443,0.023822845498556493,39.297454802999994,29.58862278,0.32812720264771955
rr,4,209,0,,,,,,
rr,4,210,1,818.2708144000001,777.4668377,0.052483237511083386,39.297454802999994,32.44402778,0.21123847721597522
rr,4,211,1,572.3979404,572.3979404,0.0,29.722140251,23.72214025,0.2529282745050798
rr,4,212,1,991.0296214,990.7389916,0.0002933464842548278,36.222808361999995,29.80302991,0.2154069056531036
rr,4,213,0,,,,,,
rr,4,214,1,339.73970001,336.3135528,0.010187359924913361,14.245203930999999,14.24520393,7.01989577578388e-11
rr,4,215,1,240.8789548,240.8789548,0.0,12.800324388999996,6.800324389,0.8823108511860722
rr,4,216,0,,,,,,
rr,4,217,1,1558.5961068,1501.230021,0.03821272223279089,75.16200976900001,63.16200977,0.18998762139927416
rr,4,218,1,653.1320501,651.3577057,0.002724070636568533,34.781224965999996,28.78122497,0.2084692365336802
rr,4,219,1,653.1320501,651.3577057,0.002724070636568533,34.781224965999996,28.78122497,0.2084692365336802
rr,4,220,1,890.1365524,853.9893709,0.042327437239535304,43.533510015000005,35.07373004,0.24119989420435206
rr,4,221,1,249.8648853,249.8648853,0.0,7.494825660000004,7.49482566,4.440892098500626e-16
rr,4,222,1,669.9515352999999,637.2205857,0.0513651792401595,31.311860140999997,25.31186014,0.2370430291497334
rr,4,223,1,674.262056,591.3348114,0.14023737990947574,32.245203931000006,31.96182667,0.008866115942803399
rr,4,224,1,451.1163339,451.1163339,0.0,20.245203931000006,20.24520393,4.9394710543992915e-11
rr,4,225,1,1250.7118882,1229.332648,0.017390931766744968,78.706585751,52.48611722,0.4995695989683271
rr,4,226,1,1540.6594875,1538.477491,0.001418283018610617,66.630303352,65.08206564,0.023789006952607217
rr,4,227,0,,,,,,
rr,4,228,0,,,,,,
rr,4,229,1,1175.4787145999999,855.4680012,0.3740767778001138,105.434176667,39.20443652,1.6893429934444573
rr,4,230,1,1228.95419431,1056.486843,0.16324609478359606,97.9396375,57.16200977,0.713369384562841
rr,4,231,1,846.0830649000001,788.7169795,0.07273342262311482,35.764993770000004,24.42,0.46457795945945946
rr,4,232,1,991.0296214,990.7389916,0.0002933464842548278,42.222808361999995,29.80302991,0.41672871817078927
rr,4,233,1,592.1245129,592.0306214,0.00015859230351634757,30.222808361999995,17.80302991,0.6976216135560038
rr,4,234,1,795.5436625,795.449771,0.00011803573704206517,35.722140251,29.72214025,0.20186971565750556
rr,4,235,1,756.0441577,756.0441577,0.0,31.044437279999997,29.72214025,0.04448862090272909
rr,4,236,1,951.5301165999999,949.4630648,0.0021770744714912733,57.20443652,33.20443652,0.7227949790849213
rr,4,237,1,1029.264424,969.7069722,0.06141798863720696,56.001313278,44.00131328,0.2727191327594847
rr,4,238,1,1214.6792256,1173.875249,0.03476006214012965,57.46018179399999,51.46018179,0.11659500210249818
rr,4,239,1,1033.18378,1015.555462,0.01735830159909084,45.46018179399999,39.46018179,0.15205201121299727
rr,4,240,1,755.8416904000001,736.1670054,0.026725844619061308,29.777241231000005,21.05051833,0.4145609511459476
rr,4,241,1,1115.2973239,1079.150142,0.033495971036067454,56.637178555000006,43.97987556,0.28779760819768896
rr,4,242,0,,,,,,
rr,4,243,1,1210.0796859,1110.050503,0.09011228104456796,105.297454803,44.44402778,1.3692149443391424
rr,4,244,1,2219.7480213999997,1197.928677,0.8529884658567194,116.17966186500001,52.23172685,1.2243120967194292
rr,4,245,0,,,,,,
rr,4,246,1,764.7451148,764.7451148,0.0,32.137530522999995,32.13753052,9.334866213350779e-11
rr,4,247,0,,,,,,
rr,4,248,1,1571.1757740100002,1569.077255,0.0013374223629289978,109.9396375,69.16200977,0.5895957602389958
rr,4,249,1,1228.95419431,1056.486843,0.16324609478359606,73.9396375,57.16200977,0.29351010920552545
rr,4,250,1,339.73970001,336.3135528,0.010187359924913361,20.245203931000006,14.24520393,0.4211943914936993
rr,4,251,1,1463.6959187,1403.612108,0.042806563407046326,68.279942197,50.2799422,0.3579956382089873
rr,4,252,1,959.7502327,639.7395193,0.5002203299088889,57.434176667,27.20443652,1.111206259492854
rr,4,253,1,1095.2244722,855.4680012,0.2802635173538739,58.877031591999994,39.16200977,0.5034221159176224
rr,4,254,1,246.8461583,246.8461583,0.0,6.517231279999997,6.51723128,-4.440892098500626e-16
rr,4,255,1,852.0552801000001,851.7395678,0.0003706676452939193,53.650121865,37.53191459,0.4294533719123015
rr,4,256,1,1510.150615,1338.034753,0.12863332705977937,78.092069787,48.09206979,0.6238034696364438
rr,4,257,1,479.52929770000003,459.8546127,0.042784576813270726,23.777241231000005,15.05051833,0.5798287281312529
rr,4,258,1,739.3240923,739.3240923,0.0,29.029069070000006,23.02906907,0.26054027549972547
rr,4,259,1,915.3490973,915.3191413,3.272738288586231e-5,73.467738413,31.46773841,1.3347003033955884
rr,4,260,1,479.52929770000003,459.8546127,0.042784576813270726,23.777241231000005,15.05051833,0.5798287281312529
rr,4,261,1,250.2220457,250.2220457,0.0,14.068437770999992,8.068437771,0.7436383808480878
rr,4,262,1,950.9980424999999,931.3233575,0.021125514400082937,49.318511947999994,29.94232708,0.647116866241914
rr,4,263,1,757.6036626,739.9753443,0.023822845498556493,39.297454802999994,29.58862278,0.32812720264771955
rr,4,264,1,339.1747617,334.3316596,0.014485921272889087,9.979855624999999,8.877460834,0.1241790655699555
rr,4,265,1,293.7092126,293.7092126,0.0,14.198913614999995,8.198913615,0.7318042708759525
rr,4,266,1,1540.6594875,1538.477491,0.001418283018610617,75.16200976900001,63.16200977,0.18998762139927416
rr,4,267,1,1175.4787145999999,855.4680012,0.3740767778001138,63.434176667,39.20443652,0.6180356688621016
rr,4,268,1,377.3568457,377.3568457,0.0,11.722140250999999,11.72214025,8.53084269891724e-11
rr,4,269,0,,,,,,
rr,4,270,1,1306.3093576,1288.681039,0.01367934971222934,86.13753052300001,56.13753052,0.534401847126353
rr,4,271,0,,,,,,
rr,4,272,1,412.89731,408.712906,0.010238003103332463,13.927844098999998,13.9278441,-7.179878913632365e-11
rr,4,273,1,1558.5961068,1501.230021,0.03821272223279089,75.16200976900001,63.16200977,0.18998762139927416
rr,4,274,1,592.6026685100001,492.1814621,0.204032890595942,45.621779987,23.39329694,0.9502073651273883
rr,4,275,1,230.5080549,230.5080549,0.0,9.204436520000002,9.20443652,2.220446049250313e-16
rr,4,276,0,,,,,,
rr,4,277,1,339.1747617,334.3316596,0.014485921272889087,11.073730041000005,8.7038975,0.27227256996075666
rr,4,278,1,270.9805777,270.9805777,0.0,8.537859669,8.187683389,0.04276866402411872
rr,4,279,1,223.8970149,223.8970149,0.0,7.753692830000006,7.75369283,6.661338147750939e-16
rr,4,280,1,274.0342071,274.0342071,0.0,10.149141869999994,10.14914187,-5.551115123125783e-16
rr,4,281,0,,,,,,
rr,4,282,1,1109.9532302100001,981.5634556,0.13080129855845066,77.72214025100001,41.72214025,0.8628512292343393
rr,4,283,1,652.99230129,512.6036821,0.2738736066328385,54.800324389,24.80032439,1.2096615966481719
rr,4,284,1,223.8970149,223.8970149,0.0,7.753692830000006,7.75369283,6.661338147750939e-16
rr,4,285,1,1114.7121425,1113.223911,0.0013368662721797964,53.546278728999994,41.02906907,0.30508149326138234
rr,4,286,1,377.3568457,377.3568457,0.0,11.722140250999999,11.72214025,8.53084269891724e-11
rr,4,287,1,990.8328831000001,990.7389916,9.476915796815838e-5,54.222808361999995,29.80302991,0.8193723432061608
rr,4,288,0,,,,,,
rr,4,289,0,,,,,,
rr,4,290,1,287.3163387,287.3163387,0.0,10.572272800000007,10.5722728,6.661338147750939e-16
rr,4,291,1,125.6224314,125.6224314,0.0,4.5535626759999985,4.553562676,-4.440892098500626e-16
rr,4,292,1,615.4871544,610.6440523,0.007931137758172528,19.318511947999994,17.94232708,0.07670046710574163
rr,4,293,1,1166.4489451000002,1130.301764,0.0319801156215838,56.637178555000006,37.97987556,0.49124181477439266
rr,4,294,0,,,,,,
rr,4,295,0,,,,,,
rr,4,296,1,179.6379295,179.6379295,0.0,6.570260496000003,6.570260496,4.440892098500626e-16
rr,4,297,1,451.04712659999996,451.0471266,-1.2602545390166778e-16,19.612384840999994,19.61238484,5.0987880584330014e-11
rr,4,298,1,179.6379295,179.6379295,0.0,7.710116201999995,7.710116202,-6.661338147750939e-16
rr,4,299,1,179.6379295,179.6379295,0.0,6.570260496000003,6.570260496,4.440892098500626e-16
rr,4,300,1,246.8461583,246.8461583,0.0,6.517231280000004,6.51723128,6.661338147750939e-16
rr,4,301,1,1614.1677478000001,1197.928677,0.3474656536667917,92.17966186500001,52.23172685,0.7648212575801523
rr,4,302,1,1150.9212265,1114.774045,0.03242556790959393,86.63717855499999,43.97987556,0.9699277783722766
rr,4,303,0,,,,,,
rr,4,304,1,479.10095920000003,479.1009592,1.1864601347433082e-16,25.311860140999997,19.31186014,0.31068990545205954
rr,4,305,1,245.5998838,245.5998838,0.0,14.245203931000006,8.245203931,0.7276957671648892
rr,4,306,0,,,,,,
rr,4,307,1,135.3026374,135.3026374,0.0,4.6799275009999945,4.679927501,-1.1102230246251565e-15
rr,4,308,1,472.5859265,472.5859265,0.0,24.800324388999996,18.80032439,0.31914342936505014
rr,4,309,0,,,,,,
rr,4,310,1,704.6900692,685.0153842,0.0287215228355452,35.777241231000005,27.05051833,0.3226083431947311
rr,4,311,1,1310.9529541,639.7395193,1.0491980166153227,75.20443652,27.20443652,1.764418092788345
rr,4,312,1,795.5436625,795.449771,0.00011803573704206517,36.222808361999995,23.80302991,0.5217730053257743
rr,4,313,1,859.2157253,840.6941626,0.02203127311211332,37.318511947999994,23.94232708,0.5586835742117009
rr,4,314,1,950.9980424999999,931.3233575,0.021125514400082937,61.318511947999994,29.94232708,1.047887319651843
rr,4,315,1,385.5142457,385.5142457,0.0,12.630303351999999,12.63030335,1.5834911160084175e-10
rr,4,316,0,,,,,,
rr,4,317,1,179.6379295,179.6379295,0.0,13.710116201999995,7.710116202,0.7781983880403252
rr,4,318,1,1166.4489451000002,1130.301764,0.0319801156215838,74.63717855499999,37.97987556,0.9651770168938381
rr,4,319,1,1210.0796859,1110.050503,0.09011228104456796,75.297454803,44.44402778,0.6942086161885663
rr,4,320,1,652.014916,650.1486318,0.0028705500691941863,24.630303352,23.08206564,0.06707535348643079
rr,4,321,1,585.9721581,492.1814621,0.1905612121184359,39.621779987,23.39329694,0.6937236375284517
rr,4,322,1,339.1747617,334.3316596,0.014485921272889087,11.073730041000005,8.7038975,0.27227256996075666
rr,4,323,1,653.1320501,651.3577057,0.002724070636568533,34.781224965999996,28.78122497,0.2084692365336802
rr,4,324,1,1042.9058562,1040.868426,0.0019574329945137724,49.186124456,43.18612446,0.1389335132759444
rr,4,325,1,1368.4439182,1364.211363,0.003102565566300892,87.069236822,56.83286764,0.5320225854786726
rr,4,326,1,1292.1992448,1249.859678,0.03387545621741392,60.092069787,42.09206979,0.42763399582874273
rr,4,327,1,243.7285709,243.7285709,0.0,13.611883319,7.611883319,0.7882411945311112
rr,4,328,1,652.0149160000001,650.1486318,0.002870550069194361,35.546718436000006,20.83286764,0.7062806258965895
rr,4,329,0,,,,,,
rr,4,330,1,1319.76532161,639.7395193,1.0629729472615372,99.20443652,27.20443652,2.646627139182517
rr,4,331,1,846.0830649000001,788.7169795,0.07273342262311482,47.764993770000004,24.42,0.9559784508599509
rr,4,332,1,1540.6594875,1538.477491,0.001418283018610617,72.630303352,65.08206564,0.11598030329511833
rr,4,333,1,1747.270523,704.267573,1.4809753991044539,77.76499376999999,35.76499377,1.1743326524840603
rr,4,334,1,1029.264424,969.7069722,0.06141798863720696,97.467738413,43.46773841,1.2423006574130158
rr,4,335,0,,,,,,
rr,4,336,1,496.78456,496.78456,0.0,20.279942196999997,20.2799422,-1.479295574924322e-10
rr,4,337,1,391.8088715,332.583665,0.17807611356979908,15.886008352000005,11.53751889,0.37689987799447966
rr,4,338,1,1045.23956073,818.8787098,0.2764278130827037,69.20443652,39.20443652,0.7652195175588254
rr,4,339,0,,,,,,
rr,4,340,1,853.0403746000001,853.0375549,3.305481668227833e-6,40.679927500999995,34.6799275,0.1730107423379128
rr,4,341,0,,,,,,
rr,4,342,0,,,,,,
rr,4,343,1,863.5370725999999,840.6941626,0.027171486393284785,31.318511947999994,23.94232708,0.3080813675025609
rr,4,344,1,377.3568457,377.3568457,0.0,11.476895686999995,11.47689569,-2.6139501674293797e-10
rr,4,345,1,748.1308429,725.2879329,0.03149495388495517,29.667838673000006,23.66783867,0.25350857282144923
rr,4,346,1,485.2423363,485.2423363,0.0,20.89976935,20.89976935,0.0
rr,4,347,1,1028.1327194,788.6972121,0.30358355985876323,58.23172685,34.23172685,0.7011039818460107
rr,4,348,1,1483.8879979,1147.375473,0.2932889301007396,90.51723128,48.51723128,0.8656718219886024
rr,4,349,1,915.3490973,915.3191413,3.272738288586231e-5,43.467738413000006,31.46773841,0.3813429438954081
rr,4,350,1,1100.2594471,855.4680012,0.2861491552654465,45.20443652,39.20443652,0.153043903511765
rr,4,351,1,852.0552801000001,851.7395678,0.0003706676452939193,53.650121865,37.53191459,0.4294533719123015
rr,4,352,0,,,,,,
rr,4,353,1,438.9654634,438.9654634,0.0,19.093338847,19.09333885,-1.5712287027014327e-10
rr,4,354,1,245.5998838,245.5998838,0.0,8.245203931000006,8.245203931,6.661338147750939e-16
rr,4,355,1,1241.0476236,1198.708057,0.03532099943164051,54.092069787,48.09206979,0.12476069387738464
rr,4,356,1,1522.0068154,1464.64073,0.039167342697072186,67.18612445599999,61.18612446,0.09806144855476906
rr,4,357,1,217.7409579,217.7409579,0.0,6.594898213999997,6.594898214,-4.440892098500626e-16
rr,4,358,1,240.8789548,240.8789548,0.0,6.8003243889999965,6.800324389,-5.551115123125783e-16
rr,4,359,1,764.7451148,764.7451148,0.0,32.137530522999995,32.13753052,9.334866213350779e-11
rr,4,360,1,677.9569548000001,677.9541351,4.1591309117333295e-6,31.467738413000006,25.46773841,0.23559217965911272
rr,4,361,1,1093.8509318,1053.046955,0.038748487525895624,44.466719451,44.46671945,2.2488899631412096e-11
rr,4,362,1,246.8461583,246.8461583,0.0,7.146470261999994,7.146470262,-8.881784197001252e-16
rr,4,363,1,764.7451148,764.7451148,0.0,32.137530522999995,32.13753052,9.334866213350779e-11
rr,4,364,1,385.5142457,385.5142457,0.0,18.630303352,12.63030335,0.4750479727788959
rr,4,365,1,1204.3478438,1144.790392,0.05202476559569155,91.719619166,55.71961917,0.646091996540112
rr,4,366,1,693.4737276000001,356.9612022,0.9427145676505683,43.032079588,17.33178681,1.482841501556642
rr,4,367,1,587.2246799,564.3817699,0.04047421659995748,25.533510015000005,17.07373004,0.49548516669647436
rr,4,368,0,,,,,,
rr,4,369,0,,,,,,
rr,4,370,1,755.8416904000001,736.1670054,0.026725844619061308,37.318511947999994,23.94232708,0.5586835742117009
rr,4,371,1,795.5436625,795.449771,0.00011803573704206517,41.722140251,29.72214025,0.403739431281366
rr,4,372,1,230.5080549,230.5080549,0.0,15.204436520000002,9.20443652,0.6518595665212976
rr,4,373,1,1510.150615,1338.034753,0.12863332705977937,72.09206978700001,48.09206979,0.4990427756966793
rr,4,374,1,385.5142457,385.5142457,0.0,22.144170722,15.13462963,0.463145862393991
rr,4,375,0,,,,,,
rr,4,376,1,651.3577057,651.3577057,0.0,26.198913614999995,26.19891362,-1.9084778202227426e-10
rr,4,377,0,,,,,,
rr,4,378,1,461.1643399,461.1643399,0.0,24.730095422000005,15.25619282,0.6209873402740596
rr,4,379,1,582.9033326,564.3817699,0.032817436153690344,29.073730041000005,17.07373004,0.7028341184314522
rr,4,380,1,274.0342071,274.0342071,0.0,16.149141869999994,10.14914187,0.5911829863897642
rr,4,381,1,790.7798291,755.3311545,0.04693130210346699,35.546718436000006,26.40658722,0.3461307263922917
rr,4,382,1,653.1320501,651.3577057,0.002724070636568533,26.198913614999995,26.19891362,-1.9084778202227426e-10
rr,4,383,1,982.0469467999999,809.6406851,0.21294169731441506,68.620092145,44.62009215,0.5378742812614294
rr,4,384,1,240.8789548,240.8789548,0.0,6.8003243889999965,6.800324389,-5.551115123125783e-16
rr,4,385,1,546.8616173,541.8887831,0.009176853913734535,21.297454802999994,20.44402778,0.041744563849344996
rr,4,386,1,245.5998838,245.5998838,0.0,8.245203931000006,8.245203931,6.661338147750939e-16
rr,4,387,1,755.8416904000001,736.1670054,0.026725844619061308,29.777241231000005,21.05051833,0.4145609511459476
rr,4,388,1,245.5998838,245.5998838,0.0,8.245203931000006,8.245203931,6.661338147750939e-16
rr,4,389,1,239.6481888,239.6481888,0.0,7.974811415000005,7.974811415,6.661338147750939e-16
rr,4,390,1,786.1463359,783.4286109,0.0034690142307644014,42.573327867,30.35368524,0.40257525669064376
rr,4,391,1,1114.7121425,1113.223911,0.0013368662721797964,53.546278728999994,41.02906907,0.30508149326138234
rr,4,392,0,,,,,,
rr,4,393,1,249.8648853,249.8648853,0.0,7.494825660000004,7.49482566,4.440892098500626e-16
rr,4,394,1,339.73970001,336.3135528,0.010187359924913361,20.245203931000006,14.24520393,0.4211943914936993
rr,4,395,0,,,,,,
rr,4,396,1,1558.5961068,1501.230021,0.03821272223279089,69.16200976900001,63.16200977,0.09499381069172097
rr,4,397,1,572.8428046,572.6460663,0.00034356003049346834,17.546278728999994,17.02906907,0.03037216285129518
rr,4,398,0,,,,,,
rr,4,399,1,249.8648853,249.8648853,0.0,7.494825660000004,7.49482566,4.440892098500626e-16
rr,4,400,1,240.8789548,240.8789548,0.0,6.8003243889999965,6.800324389,-5.551115123125783e-16
rr,4,401,0,,,,,,
rr,4,402,0,,,,,,
rr,4,403,1,339.1747617,334.3316596,0.014485921272889087,9.979855624999999,8.877460834,0.1241790655699555
rr,4,404,1,1079.4951476,1077.457718,0.0018909601425306192,65.28421804000001,47.28421804,0.3806766981907779
rr,4,405,1,245.5998838,245.5998838,0.0,14.245203931000006,8.245203931,0.7276957671648892
rr,4,406,0,,,,,,
rr,4,407,1,1079.4951475999999,1077.457718,0.0018909601425304082,51.16200976900001,45.16200977,0.1328550263718702
rr,4,408,1,176.1315296,176.1315296,0.0,5.650121865000003,5.650121865,4.440892098500626e-16
rr,4,409,1,479.52929770000003,459.8546127,0.042784576813270726,25.533510015000005,14.7038975,0.7365130581874639
rr,4,410,1,1033.18378,1015.555462,0.01735830159909084,51.46018179399999,39.46018179,0.30410402232462674
rr,4,411,0,,,,,,
rr,4,412,1,179.6379295,179.6379295,0.0,13.710116201999995,7.710116202,0.7781983880403252
rr,4,413,0,,,,,,
rr,4,414,1,1129.1131663,1120.917639,0.007311444672519864,74.08753046999999,48.26666667,0.5349626477531102
rr,4,415,1,542.6158785,500.4879964,0.08417361136136135,40.58152186000001,20.90426507,0.9413034480814688
rr,4,416,1,173.9376961,173.9376961,0.0,5.476895686999995,5.476895687,-7.771561172376096e-16
rr,4,417,0,,,,,,
rr,4,418,1,293.7092126,293.7092126,0.0,14.198913614999995,8.198913615,0.7318042708759525
rr,4,419,1,888.6445715,888.3288592,0.000355400251528801,47.65012186499999,37.53191459,0.26958942504083927
rr,4,420,0,,,,,,
rr,4,421,0,,,,,,
rr,4,422,1,944.0955604999999,844.0663773,0.1185086693299801,64.58152186000001,34.58152186,0.8675153199287224
rr,4,423,1,677.9569548000001,677.9541351,4.1591309117333295e-6,28.679927500999995,28.6799275,3.486744226677274e-11
rr,4,424,1,674.262056,591.3348114,0.14023737990947574,32.24520393099999,31.96182667,0.008866115942802955
rr,4,425,0,,,,,,
rr,4,426,1,276.3123927,276.3123927,0.0,7.318511947999994,7.318511948,-8.881784197001252e-16
rr,4,427,1,1221.4151588,1219.377729,0.0016708766705709835,56.538235278,52.78122497,0.07118080927707582
rr,4,428,0,,,,,,
rr,4,429,1,249.8648853,249.8648853,0.0,7.494825660000004,7.49482566,4.440892098500626e-16
rr,4,430,1,1522.0068154,1464.64073,0.039167342697072186,67.18612445599999,61.18612446,0.09806144855476906
rr,4,431,1,852.0552801000001,851.7395678,0.0003706676452939193,41.65012186499999,37.53191459,0.1097254781693775
rr,4,432,1,521.58780897,484.7189814,0.07606227316189015,27.030815000999993,23.58644162,0.14603192107110208
rr,4,433,1,213.195847,213.195847,0.0,8.15627938,8.15627938,0.0
rr,4,434,0,,,,,,
rr,4,435,1,833.3146525000001,763.9421985,0.09080851160757035,27.979855625,20.87746083,0.34019437769913896
rr,4,436,1,516.3886381,512.4717948,0.007643041704429003,17.546718436000006,14.83286764,0.1829619775397664
rr,4,437,0,,,,,,
rr,4,438,1,255.3379787,255.3379787,0.0,7.467738413000006,7.467738413,8.881784197001252e-16
rr,4,439,1,1210.9801886,1189.595938,0.017976062221557527,54.222808361999995,41.80302991,0.29710235068460844
rr,4,440,1,665.3180421000001,665.3180421,1.7087592779353553e-16,30.573327867000003,30.35368524,0.0072361107148386505
rr,4,441,1,1485.6598033,1385.63062,0.07219036722788366,68.537859669,59.53751889,0.1511709078040151
rr,4,442,1,950.9980424999999,931.3233575,0.021125514400082937,67.31851194800001,29.94232708,1.2482725463568083
rr,4,443,0,,,,,,
rr,4,444,1,243.7285709,243.7285709,0.0,7.611883319,7.611883319,0.0
rr,4,445,0,,,,,,
rr,4,446,1,1093.8509318000001,1053.046955,0.03874848752589584,45.46018179399999,45.46018179,8.798894945982738e-11
rr,4,447,1,276.3123927,276.3123927,0.0,7.318511947999994,7.318511948,-8.881784197001252e-16
rr,4,448,1,833.4385245999999,763.9421985,0.09097066013169047,33.979855625,20.87746083,0.6275856485465143
rr,4,449,1,1522.0068154,1464.64073,0.039167342697072186,67.31186014100001,61.31186014,0.09786034850842174
rr,4,450,1,1214.6792256,1173.875249,0.03476006214012965,57.46018179399999,51.46018179,0.11659500210249818
rr,4,451,1,756.0441577,756.0441577,0.0,43.04443728000001,29.72214025,0.4482280521504507
rr,4,452,0,,,,,,
rr,4,453,1,179.6379295,179.6379295,0.0,7.710116201999995,7.710116202,-6.661338147750939e-16
rr,4,454,1,245.5998838,245.5998838,0.0,8.245203931000006,8.245203931,6.661338147750939e-16
rr,4,455,0,,,,,,
rr,4,456,1,1093.8509318000001,1053.046955,0.03874848752589584,45.46018179399999,45.46018179,8.798894945982738e-11
rr,4,457,0,,,,,,
rr,4,458,1,990.8328831,990.7389916,9.476915796804363e-5,47.02906906999999,35.02906907,0.3425726209286324
rr,4,459,1,1368.4439182,1364.211363,0.003102565566300892,69.069236822,56.83286764,0.2153044477626853
rr,4,460,1,377.3568457,377.3568457,0.0,11.722140250999999,11.72214025,8.53084269891724e-11
rr,4,461,0,,,,,,
rr,4,462,0,,,,,,
rr,4,463,0,,,,,,
rr,4,464,0,,,,,,
rr,4,465,1,915.3490973,915.3191413,3.272738288586231e-5,67.467738413,31.46773841,1.1440288314955525
rr,4,466,1,572.3979404,572.3979404,0.0,23.722140251,23.72214025,4.2154724155807344e-11
rr,4,467,0,,,,,,
rr,4,468,1,240.8789548,240.8789548,0.0,6.8003243889999965,6.800324389,-5.551115123125783e-16
rr,4,469,0,,,,,,
rr,4,470,1,509.4376945,509.4376945,0.0,20.198913614999995,20.19891362,-2.4753821215028893e-10
rr,4,471,1,444.08859500000005,442.0215432,0.004676359855756592,18.989129930000004,12.98912993,0.461924704143752
rr,4,472,0,,,,,,
rr,4,473,1,1223.1895031999998,1219.377729,0.0031259995236469647,52.781224965999996,52.78122497,-7.578448979472796e-11
rr,4,474,1,756.0441577,756.0441577,0.0,31.044437279999997,29.72214025,0.04448862090272909
rr,4,475,1,276.9334667,276.9334667,0.0,9.824423945000007,9.824423945,6.661338147750939e-16
rr,4,476,0,,,,,,
rr,4,477,0,,,,,,
rr,4,478,0,,,,,,
rr,4,479,1,217.7409579,217.7409579,0.0,12.594898213999997,6.594898214,0.9097941780606833
rr,4,480,0,,,,,,
rr,4,481,1,173.9376961,173.9376961,0.0,5.736752687999996,5.736752688,-7.771561172376096e-16
rr,4,482,0,,,,,,
rr,4,483,1,692.5201677,688.6033244,0.005688098156384652,29.76499376999999,23.76499377,0.25247218905540625
rr,4,484,1,755.8416904000001,736.1670054,0.026725844619061308,37.31851194800001,23.94232708,0.5586835742117016
rr,4,485,0,,,,,,
rr,4,486,1,135.3026374,135.3026374,0.0,4.890789337000001,4.890789337,2.220446049250313e-16
rr,4,487,1,786.1463359,783.4286109,0.0034690142307644014,36.57332786699999,30.35368524,0.20490568370274076
rr,4,488,0,,,,,,
rr,4,489,1,375.8444771,374.8399551,0.0026798690650040808,14.068437770999992,14.06843777,7.10806968839961e-11
rr,4,490,0,,,,,,
rr,4,491,0,,,,,,
rr,4,492,0,,,,,,
rr,4,493,0,,,,,,
rr,4,494,0,,,,,,
rr,4,495,1,1111.3022603499999,1079.150142,0.029793924958775485,56.54504368100001,43.97987556,0.28570267562166807
rr,4,496,1,525.5361028,525.5361028,0.0,25.044437279999997,17.72214025,0.4131722764128334
rr,4,497,0,,,,,,
rr,4,498,1,472.84840310000004,472.8484031,1.2021489020189528e-16,26.19891361500001,20.19891362,0.29704567819227146
rr,4,499,1,1384.4003153,1283.59991,0.0785294580614299,62.63717855499999,43.97987556,0.4242236422326062
rr,4,500,1,223.1457221,223.1457221,0.0,12.222808361999995,6.222808362,0.9641948861288097
rr,4,501,1,339.1747617,334.3316596,0.014485921272889087,11.073730041000005,8.7038975,0.27227256996075666
rr,4,502,0,,,,,,
rr,4,503,1,991.0296214,990.7389916,0.0002933464842548278,47.546278728999994,35.02906907,0.35733777663306876
rr,4,504,1,385.5142457,385.5142457,0.0,12.630303351999999,12.63030335,1.5834911160084175e-10
rr,4,505,1,512.2381445999999,512.2381446,-2.2194137418327674e-16,20.904265068,20.90426507,-9.56742463031901e-11
rr,4,506,0,,,,,,
rr,4,507,0,,,,,,
rr,4,508,0,,,,,,
rr,4,509,1,1090.4325171,1090.402561,2.7472514345952416e-5,55.719619166,43.71961917,0.27447631575515397
rr,4,510,1,919.2261836,917.9346899,0.0014069559786881374,59.72214025100001,35.72214025,0.6718522415800663
rr,4,511,0,,,,,,
rr,4,512,1,792.74113,769.89822,0.029670038722780734,43.53351001499999,29.07373004,0.4973486358683954
rr,4,513,0,,,,,,
rr,4,514,0,,,,,,
rr,4,515,1,939.46806613,903.6000853,0.03969453015057165,52.55356267600001,26.18768339,1.0068045689015799
rr,4,516,0,,,,,,
rr,4,517,0,,,,,,
rr,4,518,1,852.0552801000001,851.7395678,0.0003706676452939193,41.65012186499999,37.53191459,0.1097254781693775
rr,4,519,0,,,,,,
rr,4,520,1,915.3490973,915.3191413,3.272738288586231e-5,48.94066602699999,34.30953611,0.4264449938958963
rr,4,521,0,,,,,,
rr,4,522,1,647.9444106,280.6316482,1.308878612786482,34.53963489200001,16.06699676,1.1497256399521434
rr,4,523,1,255.3379787,255.3379787,0.0,12.860577050000003,6.86057705,0.8745620020403391
rr,4,524,1,259.3275339,259.3275339,0.0,13.093338846999998,7.093338847,0.8458640041618186
rr,4,525,1,1032.3389271,1030.24887,0.002028691475293921,46.781224965999996,46.78122497,-8.550438135301874e-11
rr,4,526,0,,,,,,
rr,4,527,1,654.5632444,654.5632444,0.0,38.823131241,32.18768339,0.20614866160456558
rr,4,528,0,,,,,,
rr,4,529,0,,,,,,
rr,4,530,0,,,,,,
rr,4,531,1,351.3374252,291.7528371,0.2042296784232367,26.001313277999998,20.00131328,0.2999803019934497
rr,4,532,0,,,,,,
rr,4,533,1,395.2307253,361.2456904,0.09407734348988102,23.357021349000007,10.00760111,1.3339280904852142
rr,4,534,0,,,,,,
rr,4,535,1,479.52929770000003,459.8546127,0.042784576813270726,25.53351001499999,14.7038975,0.7365130581874628
rr,4,536,0,,,,,,
rr,4,537,0,,,,,,
rr,4,538,0,,,,,,
rr,4,539,1,223.1457221,223.1457221,0.0,12.222808361999995,6.222808362,0.9641948861288097
rr,4,540,0,,,,,,
rr,4,541,0,,,,,,
rr,4,542,0,,,,,,
rr,4,543,0,,,,,,
rr,4,544,1,677.9569548000001,677.9541351,4.1591309117333295e-6,25.467738413000006,25.46773841,1.177964392695685e-10
rr,4,545,0,,,,,,
rr,4,546,1,756.0441576999999,756.0441577,-1.503706318787893e-16,39.20443652,27.20443652,0.44110452319708626
rr,4,547,1,799.296453,771.503013,0.036025056975377015,46.78563208700001,29.47689569,0.5871967176948005
rr,4,548,1,525.5361028,525.5361028,0.0,25.04443728000001,17.72214025,0.41317227641283405
rr,4,549,1,538.1007325,538.1007325,0.0,25.31851194800001,17.94232708,0.4111052504567323
rr,4,550,1,252.5069702,252.5069702,0.0,14.13753052300001,8.137530523,0.7373244233052703
rr,4,551,0,,,,,,
rr,4,552,1,179.6379295,179.6379295,0.0,6.570260496000003,6.570260496,4.440892098500626e-16
rr,4,553,0,,,,,,
rr,4,554,0,,,,,,
rr,4,555,0,,,,,,
rr,4,556,0,,,,,,
rr,4,557,0,,,,,,
rr,4,558,0,,,,,,
rr,4,559,1,712.5130419,712.5130419,0.0,33.16200976900001,33.16200977,-3.0154656549541414e-11
rr,4,560,1,651.3577057,651.3577057,0.0,32.19891361500001,26.19891362,0.22901712956600107
rr,4,561,0,,,,,,
rr,4,562,0,,,,,,
rr,4,563,0,,,,,,
rr,4,564,1,575.5920170999999,419.4163285,0.3723643501399824,44.15627938,19.79042,1.2311946578192883
rr,4,565,1,853.0403746000001,853.0375549,3.305481668227833e-6,40.67992750100001,34.6799275,0.17301074233791325
rr,4,566,1,795.5436625,795.449771,0.00011803573704206517,35.72214025100001,29.72214025,0.201869715657506
rr,4,567,1,245.5998838,245.5998838,0.0,8.245203930999992,8.245203931,-1.1102230246251565e-15
rr,4,568,0,,,,,,
rr,4,569,1,248.6026361,248.6026361,0.0,7.044437279999997,7.04443728,-5.551115123125783e-16
rr,4,570,1,422.61897610000005,422.6161564,6.672011841788271e-6,16.67992750100001,16.6799275,5.995270946357323e-11
rr,4,571,0,,,,,,
rr,4,572,0,,,,,,
rr,4,573,0,,,,,,
rr,4,574,0,,,,,,
rr,4,575,1,339.1747617,334.3316596,0.014485921272889087,9.979855624999999,8.877460834,0.1241790655699555
rr,4,576,0,,,,,,
rr,4,577,1,755.8416904000001,736.1670054,0.026725844619061308,29.777241231000005,21.05051833,0.4145609511459476
rr,4,578,1,498.106854,498.106854,0.0,33.27975892500001,21.27975893,0.5639161625126554
rr,4,579,1,230.5080549,230.5080549,0.0,8.899769349999985,8.89976935,-1.5543122344752192e-15
rr,4,580,1,919.2261836,917.9346899,0.0014069559786881374,47.72214025100001,35.72214025,0.3359261208040303
rr,4,581,1,888.6445715,888.3288592,0.000355400251528801,41.65012186499999,37.53191459,0.1097254781693775
rr,4,582,1,890.1365524,853.9893709,0.042327437239535304,43.53351001499999,35.07373004,0.24119989420435162
rr,4,583,0,,,,,,
rr,4,584,0,,,,,,
rr,4,585,0,,,,,,
rr,4,586,0,,,,,,
rr,4,587,0,,,,,,
rr,4,588,1,915.3490973,915.3191413,3.272738288586231e-5,42.94066602699999,34.30953611,0.25156650003449976
rr,4,589,1,230.5080549,230.5080549,0.0,9.204436520000002,9.20443652,2.220446049250313e-16
rr,4,590,1,672.3907431,652.8940861,0.029861898606650634,36.092069787000014,30.09206979,0.19938807928040547
rr,4,591,0,,,,,,
rr,4,592,0,,,,,,
rr,4,593,0,,,,,,
rr,4,594,0,,,,,,
rr,4,595,1,339.1747617,334.3316596,0.014485921272889087,9.979855624999999,8.877460834,0.1241790655699555
rr,4,596,0,,,,,,
rr,4,597,1,833.4385245999999,763.9421985,0.09097066013169047,27.979855625,20.87746083,0.34019437769913896
rr,4,598,1,790.7798291,755.3311545,0.04693130210346699,35.54671843599999,26.40658722,0.34613072639229125
rr,4,599,0,,,,,,
rr,4,600,1,368.9787908,368.9787908,0.0,23.736752687999996,17.73675269,0.3382806369839504
rr,4,601,0,,,,,,
rr,4,602,0,,,,,,
rr,4,603,0,,,,,,
rr,4,604,1,755.8416904000001,736.1670054,0.026725844619061308,35.777241231000005,21.05051833,0.6995895621255235
rr,4,605,1,248.6026361,248.6026361,0.0,13.044437280000011,7.04443728,0.8517358820178196
rr,4,606,1,592.1245129,592.0306214,0.00015859230351634757,24.222808361999995,17.80302991,0.36060032951997645
rr,4,607,0,,,,,,
rr,4,608,1,486.9491113,486.9491113,0.0,26.179661865000014,20.17966187,0.29732906495920464
rr,4,609,0,,,,,,
rr,4,610,0,,,,,,
rr,4,611,0,,,,,,
rr,4,612,1,973.7930606,889.4651516,0.09480743438717985,35.777241231000005,27.05051833,0.3226083431947311
rr,4,613,1,513.4367391000001,513.4367391,2.2142326223265007e-16,27.27975892500001,21.27975893,0.28195808113884535
rr,4,614,0,,,,,,
rr,4,615,0,,,,,,
rr,4,616,0,,,,,,
rr,4,617,0,,,,,,
rr,4,618,0,,,,,,
rr,4,619,1,677.9569548000001,677.9541351,4.1591309117333295e-6,25.467738413000006,25.46773841,1.177964392695685e-10
rr,4,620,0,,,,,,
rr,4,621,1,472.84840310000004,472.8484031,1.2021489020189528e-16,25.186124455999988,19.18612446,0.3127260019869582
rr,4,622,1,173.9376961,173.9376961,0.0,5.736752687999996,5.736752688,-7.771561172376096e-16
rr,4,623,0,,,,,,
rr,4,624,0,,,,,,
rr,4,625,1,341.46496879999995,341.4649688,-1.66469254695646e-16,11.667838673000006,11.66783867,2.571174384513597e-10
rr,4,626,0,,,,,,
rr,4,627,0,,,,,,
rr,4,628,0,,,,,,
rr,4,629,1,507.4415216,507.4415216,0.0,21.20443652,21.20443652,0.0
rr,4,630,1,401.25563878,249.8648853,0.6058904727578382,21.069236821999993,7.49482566,1.8111710368990748
rr,4,631,0,,,,,,
rr,4,632,0,,,,,,
rr,4,633,1,795.5436625,795.449771,0.00011803573704206517,30.222808361999995,23.80302991,0.26970425514202945
rr,4,634,0,,,,,,
rr,4,635,1,339.73970001,336.3135528,0.010187359924913361,20.245203930999992,14.24520393,0.4211943914936984
rr,4,636,1,252.5069702,252.5069702,0.0,14.109651283000005,8.109651283,0.7398591863718742
rr,4,637,0,,,,,,
rr,4,638,0,,,,,,
rr,4,639,0,,,,,,
rr,4,640,0,,,,,,
rr,4,641,0,,,,,,
rr,4,642,0,,,,,,
rr,4,643,0,,,,,,
rr,4,644,1,582.9033326,564.3817699,0.032817436153690344,29.073730041000005,17.07373004,0.7028341184314522
rr,4,645,0,,,,,,
rr,4,646,0,,,,,,
rr,4,647,1,343.79393195,334.3316596,0.028302053001264666,17.073730041000005,8.7038975,0.9616189231318504
rr,4,648,1,615.4871544,610.6440523,0.007931137758172528,25.31851194800001,17.94232708,0.4111052504567323
rr,4,649,0,,,,,,
rr,4,650,1,509.4376945,509.4376945,0.0,26.19891361500001,20.19891362,0.29704567819227146
rr,4,651,0,,,,,,
rr,4,652,0,,,,,,
rr,4,653,1,245.5998838,245.5998838,0.0,14.245203930999992,8.245203931,0.7276957671648874
rr,4,654,1,343.51164041000004,334.3316596,0.027457707179102033,13.53351001499999,8.7038975,0.5548792957407862
rr,4,655,0,,,,,,
rr,4,656,0,,,,,,
rr,4,657,1,479.52929770000003,459.8546127,0.042784576813270726,23.777241231000005,15.05051833,0.5798287281312529
rr,4,658,1,479.10095920000003,479.1009592,1.1864601347433082e-16,25.31186014100001,19.31186014,0.3106899054520602
rr,4,659,0,,,,,,
rr,4,660,1,249.8648853,249.8648853,0.0,13.494825660000004,7.49482566,0.8005523106457426
rr,4,661,0,,,,,,
rr,4,662,0,,,,,,
rr,4,663,1,509.4376945,509.4376945,0.0,26.19891361500001,20.19891362,0.29704567819227146
rr,4,664,1,339.1747617,334.3316596,0.014485921272889087,9.979855624999999,8.877460834,0.1241790655699555
rr,4,665,1,255.3379787,255.3379787,0.0,13.467738413000006,7.467738413,0.8034561025269815
rr,4,666,0,,,,,,
rr,4,667,0,,,,,,
rr,4,668,0,,,,,,
rr,4,669,0,,,,,,
rr,4,670,0,,,,,,
rr,4,671,0,,,,,,
rr,4,672,0,,,,,,
rr,4,673,1,215.7284819,215.7284819,0.0,15.162009769000008,9.162009769,0.6548781491481519
rr,4,674,1,176.1315296,176.1315296,0.0,5.6501218649999885,5.650121865,-1.9984014443252818e-15
rr,4,675,0,,,,,,
rr,4,676,0,,,,,,
rr,4,677,0,,,,,,
rr,4,678,1,248.6026361,248.6026361,0.0,6.98912992999999,6.98912993,-1.4432899320127035e-15
rr,4,679,0,,,,,,
rr,4,680,0,,,,,,
rr,4,681,0,,,,,,
rr,4,682,0,,,,,,
rr,4,683,1,615.4871544,610.6440523,0.007931137758172528,19.31851194800001,17.94232708,0.0767004671057423
rr,4,684,1,339.1747617,334.3316596,0.014485921272889087,9.979855624999999,8.877460834,0.1241790655699555
rr,4,685,0,,,,,,
rr,4,686,0,,,,,,
rr,4,687,1,385.5142457,385.5142457,0.0,18.630303352,12.63030335,0.4750479727788959
rr,4,688,0,,,,,,
rr,4,689,0,,,,,,
rr,4,690,0,,,,,,
rr,4,691,1,265.9841254,265.9841254,0.0,9.297454802999994,9.297454803,-7.771561172376096e-16
rr,4,692,0,,,,,,
rr,4,693,0,,,,,,
rr,4,694,0,,,,,,
rr,4,695,0,,,,,,
rr,4,696,1,259.3275339,259.3275339,0.0,7.0933388470000125,7.093338847,1.7763568394002505e-15
rr,4,697,1,259.3275339,259.3275339,0.0,7.0933388470000125,7.093338847,1.7763568394002505e-15
rr,4,698,0,,,,,,
rr,4,699,0,,,,,,
rr,4,700,1,339.1747617,334.3316596,0.014485921272889087,9.979855624999999,8.877460834,0.1241790655699555
rr,4,701,1,252.5069702,252.5069702,0.0,8.13753052300001,8.137530523,1.1102230246251565e-15
rr,4,702,0,,,,,,
rr,4,703,0,,,,,,
rr,4,704,0,,,,,,
rr,4,705,0,,,,,,
rr,4,706,0,,,,,,
rr,4,707,1,509.4376945,509.4376945,0.0,20.19891361500001,20.19891362,-2.4753754601647415e-10
rr,4,708,1,249.8648853,249.8648853,0.0,7.494825660000004,7.49482566,4.440892098500626e-16
rr,4,709,1,65.96489919,65.96489919,0.0,1.75,1.75,0.0
rr,4,710,1,339.1747617,334.3316596,0.014485921272889087,9.979855624999999,8.877460834,0.1241790655699555
rr,4,711,0,,,,,,
rr,4,712,1,479.52929770000003,459.8546127,0.042784576813270726,19.53351001499999,14.7038975,0.328457982993964
rr,4,713,0,,,,,,
rr,4,714,1,179.6379295,179.6379295,0.0,6.570260496000003,6.570260496,4.440892098500626e-16
rr,4,715,0,,,,,,
rr,4,716,0,,,,,,
rr,4,717,0,,,,,,
rr,4,718,0,,,,,,
rr,4,719,0,,,,,,
rr,4,720,0,,,,,,
rr,4,721,0,,,,,,
rr,4,722,0,,,,,,
rr,4,723,0,,,,,,
rr,4,724,0,,,,,,
rr,4,725,1,339.1747617,334.3316596,0.014485921272889087,15.979855624999999,8.877460834,0.8000480006398187
rr,4,726,0,,,,,,
rr,4,727,1,270.9805777,270.9805777,0.0,14.537859669,8.187683389,0.775576677590067
rr,4,728,0,,,,,,
rr,4,729,0,,,,,,
rr,4,730,0,,,,,,
rr,4,731,0,,,,,,
rr,4,732,0,,,,,,
rr,4,733,0,,,,,,
rr,4,734,1,377.3568457,377.3568457,0.0,11.476895686999995,11.47689569,-2.6139501674293797e-10
rr,4,735,0,,,,,,
rr,4,736,0,,,,,,
rr,4,737,0,,,,,,
rr,4,738,0,,,,,,
rr,4,739,0,,,,,,
rr,4,740,0,,,,,,
rr,4,741,0,,,,,,
rr,4,742,1,339.1747617,334.3316596,0.014485921272889087,9.979855624999999,8.877460834,0.1241790655699555
rr,4,743,1,339.73970001,336.3135528,0.010187359924913361,14.245203930999992,14.24520393,7.019851366862895e-11
rr,4,744,0,,,,,,
rr,4,745,0,,,,,,
rr,4,746,0,,,,,,
rr,4,747,0,,,,,,
rr,4,748,0,,,,,,
rr,4,749,0,,,,,,
rr,4,750,0,,,,,,
rr,4,751,0,,,,,,
rr,4,752,0,,,,,,
rr,4,753,0,,,,,,
rr,4,754,1,287.3163387,287.3163387,0.0,10.572272800000007,10.5722728,6.661338147750939e-16
rr,4,755,0,,,,,,
rr,4,756,0,,,,,,
rr,4,757,1,200.0519363,200.0519363,0.0,6.872102928999993,6.872102929,-9.992007221626409e-16
rr,4,758,0,,,,,,
rr,4,759,0,,,,,,
rr,4,760,0,,,,,,
rr,4,761,0,,,,,,
rr,4,762,0,,,,,,
rr,4,763,0,,,,,,
rr,4,764,0,,,,,,
rr,4,765,0,,,,,,
rr,4,766,0,,,,,,
rr,4,767,0,,,,,,
rr,4,768,0,,,,,,
rr,4,769,0,,,,,,
rr,4,770,0,,,,,,
rr,4,771,0,,,,,,
rr,4,772,0,,,,,,
rr,4,773,0,,,,,,
rr,4,774,0,,,,,,
rr,4,775,0,,,,,,
rr,4,776,0,,,,,,
rr,4,777,0,,,,,,
rr,4,778,0,,,,,,
rr,4,779,0,,,,,,
rr,4,780,0,,,,,,
rr,4,781,0,,,,,,
rr,4,782,0,,,,,,
rr,4,783,0,,,,,,
rr,4,784,0,,,,,,
rr,4,785,0,,,,,,
rr,4,786,0,,,,,,
rr,4,787,0,,,,,,
rr,4,788,0,,,,,,
rr,4,789,0,,,,,,
rr,4,790,0,,,,,,
rr,4,791,0,,,,,,
rr,4,792,0,,,,,,
rr,4,793,0,,,,,,
rr,4,794,0,,,,,,
rr,4,795,0,,,,,,
rr,4,796,0,,,,,,
rr,4,797,0,,,,,,
rr,4,798,0,,,,,,
rr,4,799,0,,,,,,
rr,4,800,0,,,,,,
rr,4,801,0,,,,,,
rr,4,802,0,,,,,,
rr,4,803,0,,,,,,
rr,4,804,0,,,,,,
rr,4,805,0,,,,,,
rr,4,806,0,,,,,,
rr,4,807,0,,,,,,
rr,4,808,0,,,,,,
rr,4,809,0,,,,,,
rr,4,810,0,,,,,,
rr,4,811,0,,,,,,
rr,4,812,0,,,,,,
rr,4,813,0,,,,,,
rr,4,814,0,,,,,,
rr,4,815,0,,,,,,
rr,4,816,0,,,,,,
rr,4,817,0,,,,,,
rr,4,818,0,,,,,,
rr,4,819,0,,,,,,
rr,4,820,0,,,,,,
rr,4,821,0,,,,,,
rr,4,822,0,,,,,,
rr,4,823,0,,,,,,
rr,4,824,0,,,,,,
rr,4,825,0,,,,,,
rr,4,826,0,,,,,,
rr,4,827,0,,,,,,
rr,4,828,0,,,,,,
rr,4,829,0,,,,,,
rr,4,830,0,,,,,,
rr,4,831,0,,,,,,
