experiment,cb,ab,db,totalflow,n,stdev,seed,dist,lb,ub,m,q,K
1,1,1,1,500,4,0,93468,normal,0,250,5,2,2
2,1,1,1,500,4,0,17490,normal,0,250,5,2,2
3,1,1,1,500,6,0,53604,normal,0,250,5,2,3
4,1,1,1,500,6,0,61441,normal,0,250,5,2,3
5,1,1,1,500,8,0,17706,normal,0,250,5,2,4
6,1,1,1,500,8,0,82179,normal,0,250,5,2,4
7,1,1,1,500,10,0,74067,normal,0,250,5,2,5
8,1,1,1,500,10,0,24667,normal,0,250,5,2,5
9,1,1,1,500,6,0,6243,normal,0,250,5,3,2
10,1,1,1,500,6,0,55684,normal,0,250,5,3,2
11,1,1,1,500,9,0,46270,normal,0,250,5,3,3
12,1,1,1,500,9,0,46170,normal,0,250,5,3,3
13,1,1,1,500,12,0,71306,normal,0,250,5,3,4
14,1,1,1,500,12,0,97212,normal,0,250,5,3,4
15,1,1,1,500,15,0,65231,normal,0,250,5,3,5
16,1,1,1,500,15,0,27470,normal,0,250,5,3,5
17,1,1,1,500,8,0,84080,normal,0,250,5,4,2
18,1,1,1,500,8,0,18390,normal,0,250,5,4,2
19,1,1,1,500,12,0,60318,normal,0,250,5,4,3
20,1,1,1,500,12,0,9009,normal,0,250,5,4,3
21,1,1,1,500,16,0,36941,normal,0,250,5,4,4
22,1,1,1,500,16,0,64815,normal,0,250,5,4,4
23,1,1,1,500,20,0,88909,normal,0,250,5,4,5
24,1,1,1,500,20,0,33338,normal,0,250,5,4,5
25,1,1,1,500,10,0,13952,normal,0,250,5,5,2
26,1,1,1,500,10,0,3536,normal,0,250,5,5,2
27,1,1,1,500,15,0,22160,normal,0,250,5,5,3
28,1,1,1,500,15,0,69992,normal,0,250,5,5,3
29,1,1,1,500,20,0,26742,normal,0,250,5,5,4
30,1,1,1,500,20,0,80830,normal,0,250,5,5,4
31,1,1,1,500,25,0,92618,normal,0,250,5,5,5
32,1,1,1,500,25,0,52970,normal,0,250,5,5,5
33,1,1,1,500,12,0,60929,normal,0,250,5,6,2
34,1,1,1,500,12,0,43615,normal,0,250,5,6,2
35,1,1,1,500,18,0,6644,normal,0,250,5,6,3
36,1,1,1,500,18,0,67946,normal,0,250,5,6,3
37,1,1,1,500,24,0,56867,normal,0,250,5,6,4
38,1,1,1,500,24,0,52411,normal,0,250,5,6,4
39,1,1,1,500,30,0,54167,normal,0,250,5,6,5
40,1,1,1,500,30,0,69039,normal,0,250,5,6,5
41,1,1,1,500,14,0,47845,normal,0,250,5,7,2
42,1,1,1,500,14,0,40813,normal,0,250,5,7,2
43,1,1,1,500,21,0,744,normal,0,250,5,7,3
44,1,1,1,500,21,0,39113,normal,0,250,5,7,3
45,1,1,1,500,28,0,90731,normal,0,250,5,7,4
46,1,1,1,500,28,0,57019,normal,0,250,5,7,4
47,1,1,1,500,35,0,19598,normal,0,250,5,7,5
48,1,1,1,500,35,0,52533,normal,0,250,5,7,5
49,1,1,1,500,16,0,43302,normal,0,250,5,8,2
50,1,1,1,500,16,0,14974,normal,0,250,5,8,2
51,1,1,1,500,24,0,55905,normal,0,250,5,8,3
52,1,1,1,500,24,0,31590,normal,0,250,5,8,3
53,1,1,1,500,32,0,73607,normal,0,250,5,8,4
54,1,1,1,500,32,0,55253,normal,0,250,5,8,4
55,1,1,1,500,40,0,12620,normal,0,250,5,8,5
56,1,1,1,500,40,0,67666,normal,0,250,5,8,5
57,1,1,1,500,18,0,92680,normal,0,250,5,9,2
58,1,1,1,500,18,0,89268,normal,0,250,5,9,2
59,1,1,1,500,27,0,57427,normal,0,250,5,9,3
60,1,1,1,500,27,0,91965,normal,0,250,5,9,3
61,1,1,1,500,36,0,66211,normal,0,250,5,9,4
62,1,1,1,500,36,0,73477,normal,0,250,5,9,4
63,1,1,1,500,45,0,76920,normal,0,250,5,9,5
64,1,1,1,500,45,0,45100,normal,0,250,5,9,5
65,1,1,1,500,20,0,54901,normal,0,250,5,10,2
66,1,1,1,500,20,0,17257,normal,0,250,5,10,2
67,1,1,1,500,30,0,68647,normal,0,250,5,10,3
68,1,1,1,500,30,0,2295,normal,0,250,5,10,3
69,1,1,1,500,40,0,73620,normal,0,250,5,10,4
70,1,1,1,500,40,0,76317,normal,0,250,5,10,4
71,1,1,1,500,50,0,21041,normal,0,250,5,10,5
72,1,1,1,500,50,0,988,normal,0,250,5,10,5
73,1,1,1,500,4,0.1,77167,normal,0,250,5,2,2
74,1,1,1,500,4,0.1,36064,normal,0,250,5,2,2
75,1,1,1,500,6,0.1,19874,normal,0,250,5,2,3
76,1,1,1,500,6,0.1,66243,normal,0,250,5,2,3
77,1,1,1,500,8,0.1,32039,normal,0,250,5,2,4
78,1,1,1,500,8,0.1,50894,normal,0,250,5,2,4
79,1,1,1,500,10,0.1,44548,normal,0,250,5,2,5
80,1,1,1,500,10,0.1,66712,normal,0,250,5,2,5
81,1,1,1,500,6,0.1,53531,normal,0,250,5,3,2
82,1,1,1,500,6,0.1,81797,normal,0,250,5,3,2
83,1,1,1,500,9,0.1,61865,normal,0,250,5,3,3
84,1,1,1,500,9,0.1,43727,normal,0,250,5,3,3
85,1,1,1,500,12,0.1,9592,normal,0,250,5,3,4
86,1,1,1,500,12,0.1,46968,normal,0,250,5,3,4
87,1,1,1,500,15,0.1,39922,normal,0,250,5,3,5
88,1,1,1,500,15,0.1,82075,normal,0,250,5,3,5
89,1,1,1,500,8,0.1,63734,normal,0,250,5,4,2
90,1,1,1,500,8,0.1,18828,normal,0,250,5,4,2
91,1,1,1,500,12,0.1,31519,normal,0,250,5,4,3
92,1,1,1,500,12,0.1,4996,normal,0,250,5,4,3
93,1,1,1,500,16,0.1,1730,normal,0,250,5,4,4
94,1,1,1,500,16,0.1,65146,normal,0,250,5,4,4
95,1,1,1,500,20,0.1,91896,normal,0,250,5,4,5
96,1,1,1,500,20,0.1,4646,normal,0,250,5,4,5
97,1,1,1,500,10,0.1,90819,normal,0,250,5,5,2
98,1,1,1,500,10,0.1,3427,normal,0,250,5,5,2
99,1,1,1,500,15,0.1,97398,normal,0,250,5,5,3
100,1,1,1,500,15,0.1,83557,normal,0,250,5,5,3
101,1,1,1,500,20,0.1,43668,normal,0,250,5,5,4
102,1,1,1,500,20,0.1,79740,normal,0,250,5,5,4
103,1,1,1,500,25,0.1,49651,normal,0,250,5,5,5
104,1,1,1,500,25,0.1,5453,normal,0,250,5,5,5
105,1,1,1,500,12,0.1,48615,normal,0,250,5,6,2
106,1,1,1,500,12,0.1,88129,normal,0,250,5,6,2
107,1,1,1,500,18,0.1,55895,normal,0,250,5,6,3
108,1,1,1,500,18,0.1,95124,normal,0,250,5,6,3
109,1,1,1,500,24,0.1,92318,normal,0,250,5,6,4
110,1,1,1,500,24,0.1,99847,normal,0,250,5,6,4
111,1,1,1,500,30,0.1,82848,normal,0,250,5,6,5
112,1,1,1,500,30,0.1,17149,normal,0,250,5,6,5
113,1,1,1,500,14,0.1,14725,normal,0,250,5,7,2
114,1,1,1,500,14,0.1,46726,normal,0,250,5,7,2
115,1,1,1,500,21,0.1,20367,normal,0,250,5,7,3
116,1,1,1,500,21,0.1,66171,normal,0,250,5,7,3
117,1,1,1,500,28,0.1,40726,normal,0,250,5,7,4
118,1,1,1,500,28,0.1,36998,normal,0,250,5,7,4
119,1,1,1,500,35,0.1,76771,normal,0,250,5,7,5
120,1,1,1,500,35,0.1,41815,normal,0,250,5,7,5
121,1,1,1,500,16,0.1,11438,normal,0,250,5,8,2
122,1,1,1,500,16,0.1,4492,normal,0,250,5,8,2
123,1,1,1,500,24,0.1,34712,normal,0,250,5,8,3
124,1,1,1,500,24,0.1,47771,normal,0,250,5,8,3
125,1,1,1,500,32,0.1,54230,normal,0,250,5,8,4
126,1,1,1,500,32,0.1,65633,normal,0,250,5,8,4
127,1,1,1,500,40,0.1,72369,normal,0,250,5,8,5
128,1,1,1,500,40,0.1,26232,normal,0,250,5,8,5
129,1,1,1,500,18,0.1,6107,normal,0,250,5,9,2
130,1,1,1,500,18,0.1,2709,normal,0,250,5,9,2
131,1,1,1,500,27,0.1,68305,normal,0,250,5,9,3
132,1,1,1,500,27,0.1,33558,normal,0,250,5,9,3
133,1,1,1,500,36,0.1,62814,normal,0,250,5,9,4
134,1,1,1,500,36,0.1,42075,normal,0,250,5,9,4
135,1,1,1,500,45,0.1,26463,normal,0,250,5,9,5
136,1,1,1,500,45,0.1,51153,normal,0,250,5,9,5
137,1,1,1,500,20,0.1,97419,normal,0,250,5,10,2
138,1,1,1,500,20,0.1,89831,normal,0,250,5,10,2
139,1,1,1,500,30,0.1,97203,normal,0,250,5,10,3
140,1,1,1,500,30,0.1,41832,normal,0,250,5,10,3
141,1,1,1,500,40,0.1,71493,normal,0,250,5,10,4
142,1,1,1,500,40,0.1,65900,normal,0,250,5,10,4
143,1,1,1,500,50,0.1,70743,normal,0,250,5,10,5
144,1,1,1,500,50,0.1,38689,normal,0,250,5,10,5
145,1,1,1,500,4,0.2,69779,normal,0,250,5,2,2
146,1,1,1,500,4,0.2,8034,normal,0,250,5,2,2
147,1,1,1,500,6,0.2,49048,normal,0,250,5,2,3
148,1,1,1,500,6,0.2,80546,normal,0,250,5,2,3
149,1,1,1,500,8,0.2,95886,normal,0,250,5,2,4
150,1,1,1,500,8,0.2,18199,normal,0,250,5,2,4
151,1,1,1,500,10,0.2,25393,normal,0,250,5,2,5
152,1,1,1,500,10,0.2,41011,normal,0,250,5,2,5
153,1,1,1,500,6,0.2,82961,normal,0,250,5,3,2
154,1,1,1,500,6,0.2,93622,normal,0,250,5,3,2
155,1,1,1,500,9,0.2,81032,normal,0,250,5,3,3
156,1,1,1,500,9,0.2,38731,normal,0,250,5,3,3
157,1,1,1,500,12,0.2,34562,normal,0,250,5,3,4
158,1,1,1,500,12,0.2,71960,normal,0,250,5,3,4
159,1,1,1,500,15,0.2,62885,normal,0,250,5,3,5
160,1,1,1,500,15,0.2,21243,normal,0,250,5,3,5
161,1,1,1,500,8,0.2,55610,normal,0,250,5,4,2
162,1,1,1,500,8,0.2,30376,normal,0,250,5,4,2
163,1,1,1,500,12,0.2,51886,normal,0,250,5,4,3
164,1,1,1,500,12,0.2,46230,normal,0,250,5,4,3
165,1,1,1,500,16,0.2,2849,normal,0,250,5,4,4
166,1,1,1,500,16,0.2,43540,normal,0,250,5,4,4
167,1,1,1,500,20,0.2,13183,normal,0,250,5,4,5
168,1,1,1,500,20,0.2,46751,normal,0,250,5,4,5
169,1,1,1,500,10,0.2,5940,normal,0,250,5,5,2
170,1,1,1,500,10,0.2,89420,normal,0,250,5,5,2
171,1,1,1,500,15,0.2,55930,normal,0,250,5,5,3
172,1,1,1,500,15,0.2,75063,normal,0,250,5,5,3
173,1,1,1,500,20,0.2,44226,normal,0,250,5,5,4
174,1,1,1,500,20,0.2,64474,normal,0,250,5,5,4
175,1,1,1,500,25,0.2,51562,normal,0,250,5,5,5
176,1,1,1,500,25,0.2,73334,normal,0,250,5,5,5
177,1,1,1,500,12,0.2,63938,normal,0,250,5,6,2
178,1,1,1,500,12,0.2,83661,normal,0,250,5,6,2
179,1,1,1,500,18,0.2,35648,normal,0,250,5,6,3
180,1,1,1,500,18,0.2,82998,normal,0,250,5,6,3
181,1,1,1,500,24,0.2,21884,normal,0,250,5,6,4
182,1,1,1,500,24,0.2,64061,normal,0,250,5,6,4
183,1,1,1,500,30,0.2,69281,normal,0,250,5,6,5
184,1,1,1,500,30,0.2,75930,normal,0,250,5,6,5
185,1,1,1,500,14,0.2,40699,normal,0,250,5,7,2
186,1,1,1,500,14,0.2,24448,normal,0,250,5,7,2
187,1,1,1,500,21,0.2,88596,normal,0,250,5,7,3
188,1,1,1,500,21,0.2,52162,normal,0,250,5,7,3
189,1,1,1,500,28,0.2,30251,normal,0,250,5,7,4
190,1,1,1,500,28,0.2,21914,normal,0,250,5,7,4
191,1,1,1,500,35,0.2,10457,normal,0,250,5,7,5
192,1,1,1,500,35,0.2,14216,normal,0,250,5,7,5
193,1,1,1,500,16,0.2,78448,normal,0,250,5,8,2
194,1,1,1,500,16,0.2,33753,normal,0,250,5,8,2
195,1,1,1,500,24,0.2,99689,normal,0,250,5,8,3
196,1,1,1,500,24,0.2,61961,normal,0,250,5,8,3
197,1,1,1,500,32,0.2,48692,normal,0,250,5,8,4
198,1,1,1,500,32,0.2,54400,normal,0,250,5,8,4
199,1,1,1,500,40,0.2,27434,normal,0,250,5,8,5
200,1,1,1,500,40,0.2,67033,normal,0,250,5,8,5
201,1,1,1,500,18,0.2,81867,normal,0,250,5,9,2
202,1,1,1,500,18,0.2,42677,normal,0,250,5,9,2
203,1,1,1,500,27,0.2,79825,normal,0,250,5,9,3
204,1,1,1,500,27,0.2,16560,normal,0,250,5,9,3
205,1,1,1,500,36,0.2,29265,normal,0,250,5,9,4
206,1,1,1,500,36,0.2,54875,normal,0,250,5,9,4
207,1,1,1,500,45,0.2,52321,normal,0,250,5,9,5
208,1,1,1,500,45,0.2,55101,normal,0,250,5,9,5
209,1,1,1,500,20,0.2,55234,normal,0,250,5,10,2
210,1,1,1,500,20,0.2,95329,normal,0,250,5,10,2
211,1,1,1,500,30,0.2,76891,normal,0,250,5,10,3
212,1,1,1,500,30,0.2,66738,normal,0,250,5,10,3
213,1,1,1,500,40,0.2,23144,normal,0,250,5,10,4
214,1,1,1,500,40,0.2,5247,normal,0,250,5,10,4
215,1,1,1,500,50,0.2,55752,normal,0,250,5,10,5
216,1,1,1,500,50,0.2,91517,normal,0,250,5,10,5
217,1,1,1,500,4,0.3,45966,normal,0,250,5,2,2
218,1,1,1,500,4,0.3,98097,normal,0,250,5,2,2
219,1,1,1,500,6,0.3,70636,normal,0,250,5,2,3
220,1,1,1,500,6,0.3,25525,normal,0,250,5,2,3
221,1,1,1,500,8,0.3,66552,normal,0,250,5,2,4
222,1,1,1,500,8,0.3,57895,normal,0,250,5,2,4
223,1,1,1,500,10,0.3,12500,normal,0,250,5,2,5
224,1,1,1,500,10,0.3,63750,normal,0,250,5,2,5
225,1,1,1,500,6,0.3,91320,normal,0,250,5,3,2
226,1,1,1,500,6,0.3,72914,normal,0,250,5,3,2
227,1,1,1,500,9,0.3,20314,normal,0,250,5,3,3
228,1,1,1,500,9,0.3,66010,normal,0,250,5,3,3
229,1,1,1,500,12,0.3,3261,normal,0,250,5,3,4
230,1,1,1,500,12,0.3,16963,normal,0,250,5,3,4
231,1,1,1,500,15,0.3,54542,normal,0,250,5,3,5
232,1,1,1,500,15,0.3,99671,normal,0,250,5,3,5
233,1,1,1,500,8,0.3,77356,normal,0,250,5,4,2
234,1,1,1,500,8,0.3,51872,normal,0,250,5,4,2
235,1,1,1,500,12,0.3,72189,normal,0,250,5,4,3
236,1,1,1,500,12,0.3,35582,normal,0,250,5,4,3
237,1,1,1,500,16,0.3,53135,normal,0,250,5,4,4
238,1,1,1,500,16,0.3,12452,normal,0,250,5,4,4
239,1,1,1,500,20,0.3,49061,normal,0,250,5,4,5
240,1,1,1,500,20,0.3,34321,normal,0,250,5,4,5
241,1,1,1,500,10,0.3,43378,normal,0,250,5,5,2
242,1,1,1,500,10,0.3,36235,normal,0,250,5,5,2
243,1,1,1,500,15,0.3,49599,normal,0,250,5,5,3
244,1,1,1,500,15,0.3,63048,normal,0,250,5,5,3
245,1,1,1,500,20,0.3,20841,normal,0,250,5,5,4
246,1,1,1,500,20,0.3,90515,normal,0,250,5,5,4
247,1,1,1,500,25,0.3,98119,normal,0,250,5,5,5
248,1,1,1,500,25,0.3,67683,normal,0,250,5,5,5
249,1,1,1,500,12,0.3,91674,normal,0,250,5,6,2
250,1,1,1,500,12,0.3,51392,normal,0,250,5,6,2
251,1,1,1,500,18,0.3,97222,normal,0,250,5,6,3
252,1,1,1,500,18,0.3,82447,normal,0,250,5,6,3
253,1,1,1,500,24,0.3,73012,normal,0,250,5,6,4
254,1,1,1,500,24,0.3,87663,normal,0,250,5,6,4
255,1,1,1,500,30,0.3,2472,normal,0,250,5,6,5
256,1,1,1,500,30,0.3,24647,normal,0,250,5,6,5
257,1,1,1,500,14,0.3,38004,normal,0,250,5,7,2
258,1,1,1,500,14,0.3,25688,normal,0,250,5,7,2
259,1,1,1,500,21,0.3,6563,normal,0,250,5,7,3
260,1,1,1,500,21,0.3,66121,normal,0,250,5,7,3
261,1,1,1,500,28,0.3,26255,normal,0,250,5,7,4
262,1,1,1,500,28,0.3,47447,normal,0,250,5,7,4
263,1,1,1,500,35,0.3,36417,normal,0,250,5,7,5
264,1,1,1,500,35,0.3,22072,normal,0,250,5,7,5
265,1,1,1,500,16,0.3,36551,normal,0,250,5,8,2
266,1,1,1,500,16,0.3,97126,normal,0,250,5,8,2
267,1,1,1,500,24,0.3,30087,normal,0,250,5,8,3
268,1,1,1,500,24,0.3,72045,normal,0,250,5,8,3
269,1,1,1,500,32,0.3,26003,normal,0,250,5,8,4
270,1,1,1,500,32,0.3,40573,normal,0,250,5,8,4
271,1,1,1,500,40,0.3,91749,normal,0,250,5,8,5
272,1,1,1,500,40,0.3,48844,normal,0,250,5,8,5
273,1,1,1,500,18,0.3,12730,normal,0,250,5,9,2
274,1,1,1,500,18,0.3,45807,normal,0,250,5,9,2
275,1,1,1,500,27,0.3,44622,normal,0,250,5,9,3
276,1,1,1,500,27,0.3,39023,normal,0,250,5,9,3
277,1,1,1,500,36,0.3,37547,normal,0,250,5,9,4
278,1,1,1,500,36,0.3,67306,normal,0,250,5,9,4
279,1,1,1,500,45,0.3,25294,normal,0,250,5,9,5
280,1,1,1,500,45,0.3,90423,normal,0,250,5,9,5
281,1,1,1,500,20,0.3,35879,normal,0,250,5,10,2
282,1,1,1,500,20,0.3,44426,normal,0,250,5,10,2
283,1,1,1,500,30,0.3,90968,normal,0,250,5,10,3
284,1,1,1,500,30,0.3,47805,normal,0,250,5,10,3
285,1,1,1,500,40,0.3,12243,normal,0,250,5,10,4
286,1,1,1,500,40,0.3,30460,normal,0,250,5,10,4
287,1,1,1,500,50,0.3,20814,normal,0,250,5,10,5
288,1,1,1,500,50,0.3,21711,normal,0,250,5,10,5
289,1,1,1,500,4,0.4,82029,normal,0,250,5,2,2
290,1,1,1,500,4,0.4,45543,normal,0,250,5,2,2
291,1,1,1,500,6,0.4,86242,normal,0,250,5,2,3
292,1,1,1,500,6,0.4,86771,normal,0,250,5,2,3
293,1,1,1,500,8,0.4,29819,normal,0,250,5,2,4
294,1,1,1,500,8,0.4,61860,normal,0,250,5,2,4
295,1,1,1,500,10,0.4,31601,normal,0,250,5,2,5
296,1,1,1,500,10,0.4,23636,normal,0,250,5,2,5
297,1,1,1,500,6,0.4,2883,normal,0,250,5,3,2
298,1,1,1,500,6,0.4,5529,normal,0,250,5,3,2
299,1,1,1,500,9,0.4,85617,normal,0,250,5,3,3
300,1,1,1,500,9,0.4,50970,normal,0,250,5,3,3
301,1,1,1,500,12,0.4,40381,normal,0,250,5,3,4
302,1,1,1,500,12,0.4,77437,normal,0,250,5,3,4
303,1,1,1,500,15,0.4,80345,normal,0,250,5,3,5
304,1,1,1,500,15,0.4,31756,normal,0,250,5,3,5
305,1,1,1,500,8,0.4,92931,normal,0,250,5,4,2
306,1,1,1,500,8,0.4,85208,normal,0,250,5,4,2
307,1,1,1,500,12,0.4,90295,normal,0,250,5,4,3
308,1,1,1,500,12,0.4,21635,normal,0,250,5,4,3
309,1,1,1,500,16,0.4,30886,normal,0,250,5,4,4
310,1,1,1,500,16,0.4,27715,normal,0,250,5,4,4
311,1,1,1,500,20,0.4,5484,normal,0,250,5,4,5
312,1,1,1,500,20,0.4,31541,normal,0,250,5,4,5
313,1,1,1,500,10,0.4,46532,normal,0,250,5,5,2
314,1,1,1,500,10,0.4,55822,normal,0,250,5,5,2
315,1,1,1,500,15,0.4,41376,normal,0,250,5,5,3
316,1,1,1,500,15,0.4,6470,normal,0,250,5,5,3
317,1,1,1,500,20,0.4,30560,normal,0,250,5,5,4
318,1,1,1,500,20,0.4,73891,normal,0,250,5,5,4
319,1,1,1,500,25,0.4,9157,normal,0,250,5,5,5
320,1,1,1,500,25,0.4,17030,normal,0,250,5,5,5
321,1,1,1,500,12,0.4,39546,normal,0,250,5,6,2
322,1,1,1,500,12,0.4,65836,normal,0,250,5,6,2
323,1,1,1,500,18,0.4,52357,normal,0,250,5,6,3
324,1,1,1,500,18,0.4,77811,normal,0,250,5,6,3
325,1,1,1,500,24,0.4,93604,normal,0,250,5,6,4
326,1,1,1,500,24,0.4,78547,normal,0,250,5,6,4
327,1,1,1,500,30,0.4,98795,normal,0,250,5,6,5
328,1,1,1,500,30,0.4,38579,normal,0,250,5,6,5
329,1,1,1,500,14,0.4,73694,normal,0,250,5,7,2
330,1,1,1,500,14,0.4,7522,normal,0,250,5,7,2
331,1,1,1,500,21,0.4,89610,normal,0,250,5,7,3
332,1,1,1,500,21,0.4,16903,normal,0,250,5,7,3
333,1,1,1,500,28,0.4,20446,normal,0,250,5,7,4
334,1,1,1,500,28,0.4,76170,normal,0,250,5,7,4
335,1,1,1,500,35,0.4,50723,normal,0,250,5,7,5
336,1,1,1,500,35,0.4,40086,normal,0,250,5,7,5
337,1,1,1,500,16,0.4,57092,normal,0,250,5,8,2
338,1,1,1,500,16,0.4,45375,normal,0,250,5,8,2
339,1,1,1,500,24,0.4,69769,normal,0,250,5,8,3
340,1,1,1,500,24,0.4,46719,normal,0,250,5,8,3
341,1,1,1,500,32,0.4,2677,normal,0,250,5,8,4
342,1,1,1,500,32,0.4,4165,normal,0,250,5,8,4
343,1,1,1,500,40,0.4,98546,normal,0,250,5,8,5
344,1,1,1,500,40,0.4,97096,normal,0,250,5,8,5
345,1,1,1,500,18,0.4,84339,normal,0,250,5,9,2
346,1,1,1,500,18,0.4,67534,normal,0,250,5,9,2
347,1,1,1,500,27,0.4,40817,normal,0,250,5,9,3
348,1,1,1,500,27,0.4,57025,normal,0,250,5,9,3
349,1,1,1,500,36,0.4,92436,normal,0,250,5,9,4
350,1,1,1,500,36,0.4,66986,normal,0,250,5,9,4
351,1,1,1,500,45,0.4,58146,normal,0,250,5,9,5
352,1,1,1,500,45,0.4,30595,normal,0,250,5,9,5
353,1,1,1,500,20,0.4,29729,normal,0,250,5,10,2
354,1,1,1,500,20,0.4,27995,normal,0,250,5,10,2
355,1,1,1,500,30,0.4,41916,normal,0,250,5,10,3
356,1,1,1,500,30,0.4,19676,normal,0,250,5,10,3
357,1,1,1,500,40,0.4,96718,normal,0,250,5,10,4
358,1,1,1,500,40,0.4,24652,normal,0,250,5,10,4
359,1,1,1,500,50,0.4,79663,normal,0,250,5,10,5
360,1,1,1,500,50,0.4,80583,normal,0,250,5,10,5
361,1,1,1,500,4,0.5,74241,normal,0,250,5,2,2
362,1,1,1,500,4,0.5,9908,normal,0,250,5,2,2
363,1,1,1,500,6,0.5,7594,normal,0,250,5,2,3
364,1,1,1,500,6,0.5,18178,normal,0,250,5,2,3
365,1,1,1,500,8,0.5,84988,normal,0,250,5,2,4
366,1,1,1,500,8,0.5,74997,normal,0,250,5,2,4
367,1,1,1,500,10,0.5,55566,normal,0,250,5,2,5
368,1,1,1,500,10,0.5,78179,normal,0,250,5,2,5
369,1,1,1,500,6,0.5,96620,normal,0,250,5,3,2
370,1,1,1,500,6,0.5,83981,normal,0,250,5,3,2
371,1,1,1,500,9,0.5,42980,normal,0,250,5,3,3
372,1,1,1,500,9,0.5,1807,normal,0,250,5,3,3
373,1,1,1,500,12,0.5,19555,normal,0,250,5,3,4
374,1,1,1,500,12,0.5,92655,normal,0,250,5,3,4
375,1,1,1,500,15,0.5,27646,normal,0,250,5,3,5
376,1,1,1,500,15,0.5,68252,normal,0,250,5,3,5
377,1,1,1,500,8,0.5,80538,normal,0,250,5,4,2
378,1,1,1,500,8,0.5,38800,normal,0,250,5,4,2
379,1,1,1,500,12,0.5,21621,normal,0,250,5,4,3
380,1,1,1,500,12,0.5,30228,normal,0,250,5,4,3
381,1,1,1,500,16,0.5,76727,normal,0,250,5,4,4
382,1,1,1,500,16,0.5,40614,normal,0,250,5,4,4
383,1,1,1,500,20,0.5,54267,normal,0,250,5,4,5
384,1,1,1,500,20,0.5,20530,normal,0,250,5,4,5
385,1,1,1,500,10,0.5,2769,normal,0,250,5,5,2
386,1,1,1,500,10,0.5,25866,normal,0,250,5,5,2
387,1,1,1,500,15,0.5,68273,normal,0,250,5,5,3
388,1,1,1,500,15,0.5,30078,normal,0,250,5,5,3
389,1,1,1,500,20,0.5,27830,normal,0,250,5,5,4
390,1,1,1,500,20,0.5,59271,normal,0,250,5,5,4
391,1,1,1,500,25,0.5,69490,normal,0,250,5,5,5
392,1,1,1,500,25,0.5,89475,normal,0,250,5,5,5
393,1,1,1,500,12,0.5,34342,normal,0,250,5,6,2
394,1,1,1,500,12,0.5,2414,normal,0,250,5,6,2
395,1,1,1,500,18,0.5,54451,normal,0,250,5,6,3
396,1,1,1,500,18,0.5,56850,normal,0,250,5,6,3
397,1,1,1,500,24,0.5,37899,normal,0,250,5,6,4
398,1,1,1,500,24,0.5,50948,normal,0,250,5,6,4
399,1,1,1,500,30,0.5,43340,normal,0,250,5,6,5
400,1,1,1,500,30,0.5,41883,normal,0,250,5,6,5
401,1,1,1,500,14,0.5,43627,normal,0,250,5,7,2
402,1,1,1,500,14,0.5,35147,normal,0,250,5,7,2
403,1,1,1,500,21,0.5,16587,normal,0,250,5,7,3
404,1,1,1,500,21,0.5,51542,normal,0,250,5,7,3
405,1,1,1,500,28,0.5,722,normal,0,250,5,7,4
406,1,1,1,500,28,0.5,22877,normal,0,250,5,7,4
407,1,1,1,500,35,0.5,66097,normal,0,250,5,7,5
408,1,1,1,500,35,0.5,53853,normal,0,250,5,7,5
409,1,1,1,500,16,0.5,96494,normal,0,250,5,8,2
410,1,1,1,500,16,0.5,26329,normal,0,250,5,8,2
411,1,1,1,500,24,0.5,89016,normal,0,250,5,8,3
412,1,1,1,500,24,0.5,15783,normal,0,250,5,8,3
413,1,1,1,500,32,0.5,17737,normal,0,250,5,8,4
414,1,1,1,500,32,0.5,52973,normal,0,250,5,8,4
415,1,1,1,500,40,0.5,46084,normal,0,250,5,8,5
416,1,1,1,500,40,0.5,82793,normal,0,250,5,8,5
417,1,1,1,500,18,0.5,15726,normal,0,250,5,9,2
418,1,1,1,500,18,0.5,53592,normal,0,250,5,9,2
419,1,1,1,500,27,0.5,25495,normal,0,250,5,9,3
420,1,1,1,500,27,0.5,12737,normal,0,250,5,9,3
421,1,1,1,500,36,0.5,64028,normal,0,250,5,9,4
422,1,1,1,500,36,0.5,76303,normal,0,250,5,9,4
423,1,1,1,500,45,0.5,84120,normal,0,250,5,9,5
424,1,1,1,500,45,0.5,32980,normal,0,250,5,9,5
425,1,1,1,500,20,0.5,27898,normal,0,250,5,10,2
426,1,1,1,500,20,0.5,86604,normal,0,250,5,10,2
427,1,1,1,500,30,0.5,37420,normal,0,250,5,10,3
428,1,1,1,500,30,0.5,72732,normal,0,250,5,10,3
429,1,1,1,500,40,0.5,36955,normal,0,250,5,10,4
430,1,1,1,500,40,0.5,17959,normal,0,250,5,10,4
431,1,1,1,500,50,0.5,2557,normal,0,250,5,10,5
432,1,1,1,500,50,0.5,30997,normal,0,250,5,10,5
433,1,1,1,500,4,0.6,24726,normal,0,250,5,2,2
434,1,1,1,500,4,0.6,36099,normal,0,250,5,2,2
435,1,1,1,500,6,0.6,41479,normal,0,250,5,2,3
436,1,1,1,500,6,0.6,70085,normal,0,250,5,2,3
437,1,1,1,500,8,0.6,61977,normal,0,250,5,2,4
438,1,1,1,500,8,0.6,97842,normal,0,250,5,2,4
439,1,1,1,500,10,0.6,99352,normal,0,250,5,2,5
440,1,1,1,500,10,0.6,14294,normal,0,250,5,2,5
441,1,1,1,500,6,0.6,36241,normal,0,250,5,3,2
442,1,1,1,500,6,0.6,80574,normal,0,250,5,3,2
443,1,1,1,500,9,0.6,18703,normal,0,250,5,3,3
444,1,1,1,500,9,0.6,86964,normal,0,250,5,3,3
445,1,1,1,500,12,0.6,26690,normal,0,250,5,3,4
446,1,1,1,500,12,0.6,19511,normal,0,250,5,3,4
447,1,1,1,500,15,0.6,30858,normal,0,250,5,3,5
448,1,1,1,500,15,0.6,22820,normal,0,250,5,3,5
449,1,1,1,500,8,0.6,74634,normal,0,250,5,4,2
450,1,1,1,500,8,0.6,28515,normal,0,250,5,4,2
451,1,1,1,500,12,0.6,28183,normal,0,250,5,4,3
452,1,1,1,500,12,0.6,15940,normal,0,250,5,4,3
453,1,1,1,500,16,0.6,99941,normal,0,250,5,4,4
454,1,1,1,500,16,0.6,55143,normal,0,250,5,4,4
455,1,1,1,500,20,0.6,75005,normal,0,250,5,4,5
456,1,1,1,500,20,0.6,98030,normal,0,250,5,4,5
457,1,1,1,500,10,0.6,11974,normal,0,250,5,5,2
458,1,1,1,500,10,0.6,11566,normal,0,250,5,5,2
459,1,1,1,500,15,0.6,2968,normal,0,250,5,5,3
460,1,1,1,500,15,0.6,86974,normal,0,250,5,5,3
461,1,1,1,500,20,0.6,98565,normal,0,250,5,5,4
462,1,1,1,500,20,0.6,98892,normal,0,250,5,5,4
463,1,1,1,500,25,0.6,88498,normal,0,250,5,5,5
464,1,1,1,500,25,0.6,26881,normal,0,250,5,5,5
465,1,1,1,500,12,0.6,64405,normal,0,250,5,6,2
466,1,1,1,500,12,0.6,80109,normal,0,250,5,6,2
467,1,1,1,500,18,0.6,23805,normal,0,250,5,6,3
468,1,1,1,500,18,0.6,27688,normal,0,250,5,6,3
469,1,1,1,500,24,0.6,88067,normal,0,250,5,6,4
470,1,1,1,500,24,0.6,14733,normal,0,250,5,6,4
471,1,1,1,500,30,0.6,13799,normal,0,250,5,6,5
472,1,1,1,500,30,0.6,44773,normal,0,250,5,6,5
473,1,1,1,500,14,0.6,70795,normal,0,250,5,7,2
474,1,1,1,500,14,0.6,22608,normal,0,250,5,7,2
475,1,1,1,500,21,0.6,78805,normal,0,250,5,7,3
476,1,1,1,500,21,0.6,50610,normal,0,250,5,7,3
477,1,1,1,500,28,0.6,38152,normal,0,250,5,7,4
478,1,1,1,500,28,0.6,89849,normal,0,250,5,7,4
479,1,1,1,500,35,0.6,15428,normal,0,250,5,7,5
480,1,1,1,500,35,0.6,88848,normal,0,250,5,7,5
481,1,1,1,500,16,0.6,65904,normal,0,250,5,8,2
482,1,1,1,500,16,0.6,72259,normal,0,250,5,8,2
483,1,1,1,500,24,0.6,41981,normal,0,250,5,8,3
484,1,1,1,500,24,0.6,32016,normal,0,250,5,8,3
485,1,1,1,500,32,0.6,14517,normal,0,250,5,8,4
486,1,1,1,500,32,0.6,28589,normal,0,250,5,8,4
487,1,1,1,500,40,0.6,14831,normal,0,250,5,8,5
488,1,1,1,500,40,0.6,16584,normal,0,250,5,8,5
489,1,1,1,500,18,0.6,51635,normal,0,250,5,9,2
490,1,1,1,500,18,0.6,29173,normal,0,250,5,9,2
491,1,1,1,500,27,0.6,20778,normal,0,250,5,9,3
492,1,1,1,500,27,0.6,76420,normal,0,250,5,9,3
493,1,1,1,500,36,0.6,16531,normal,0,250,5,9,4
494,1,1,1,500,36,0.6,71221,normal,0,250,5,9,4
495,1,1,1,500,45,0.6,47601,normal,0,250,5,9,5
496,1,1,1,500,45,0.6,20882,normal,0,250,5,9,5
497,1,1,1,500,20,0.6,67562,normal,0,250,5,10,2
498,1,1,1,500,20,0.6,1414,normal,0,250,5,10,2
499,1,1,1,500,30,0.6,51810,normal,0,250,5,10,3
500,1,1,1,500,30,0.6,66829,normal,0,250,5,10,3
501,1,1,1,500,40,0.6,13920,normal,0,250,5,10,4
502,1,1,1,500,40,0.6,24067,normal,0,250,5,10,4
503,1,1,1,500,50,0.6,41153,normal,0,250,5,10,5
504,1,1,1,500,50,0.6,27304,normal,0,250,5,10,5
505,1,1,1,500,4,0.7,61002,normal,0,250,5,2,2
506,1,1,1,500,4,0.7,4548,normal,0,250,5,2,2
507,1,1,1,500,6,0.7,881,normal,0,250,5,2,3
508,1,1,1,500,6,0.7,44947,normal,0,250,5,2,3
509,1,1,1,500,8,0.7,16090,normal,0,250,5,2,4
510,1,1,1,500,8,0.7,78763,normal,0,250,5,2,4
511,1,1,1,500,10,0.7,72336,normal,0,250,5,2,5
512,1,1,1,500,10,0.7,99353,normal,0,250,5,2,5
513,1,1,1,500,6,0.7,7672,normal,0,250,5,3,2
514,1,1,1,500,6,0.7,32421,normal,0,250,5,3,2
515,1,1,1,500,9,0.7,29868,normal,0,250,5,3,3
516,1,1,1,500,9,0.7,12937,normal,0,250,5,3,3
517,1,1,1,500,12,0.7,77317,normal,0,250,5,3,4
518,1,1,1,500,12,0.7,59870,normal,0,250,5,3,4
519,1,1,1,500,15,0.7,5552,normal,0,250,5,3,5
520,1,1,1,500,15,0.7,74236,normal,0,250,5,3,5
521,1,1,1,500,8,0.7,82544,normal,0,250,5,4,2
522,1,1,1,500,8,0.7,95183,normal,0,250,5,4,2
523,1,1,1,500,12,0.7,63650,normal,0,250,5,4,3
524,1,1,1,500,12,0.7,85253,normal,0,250,5,4,3
525,1,1,1,500,16,0.7,68295,normal,0,250,5,4,4
526,1,1,1,500,16,0.7,74700,normal,0,250,5,4,4
527,1,1,1,500,20,0.7,74430,normal,0,250,5,4,5
528,1,1,1,500,20,0.7,74380,normal,0,250,5,4,5
529,1,1,1,500,10,0.7,4598,normal,0,250,5,5,2
530,1,1,1,500,10,0.7,80026,normal,0,250,5,5,2
531,1,1,1,500,15,0.7,82663,normal,0,250,5,5,3
532,1,1,1,500,15,0.7,31705,normal,0,250,5,5,3
533,1,1,1,500,20,0.7,24774,normal,0,250,5,5,4
534,1,1,1,500,20,0.7,45218,normal,0,250,5,5,4
535,1,1,1,500,25,0.7,30569,normal,0,250,5,5,5
536,1,1,1,500,25,0.7,20090,normal,0,250,5,5,5
537,1,1,1,500,12,0.7,51437,normal,0,250,5,6,2
538,1,1,1,500,12,0.7,69410,normal,0,250,5,6,2
539,1,1,1,500,18,0.7,33804,normal,0,250,5,6,3
540,1,1,1,500,18,0.7,77543,normal,0,250,5,6,3
541,1,1,1,500,24,0.7,33404,normal,0,250,5,6,4
542,1,1,1,500,24,0.7,25066,normal,0,250,5,6,4
543,1,1,1,500,30,0.7,22036,normal,0,250,5,6,5
544,1,1,1,500,30,0.7,20494,normal,0,250,5,6,5
545,1,1,1,500,14,0.7,13717,normal,0,250,5,7,2
546,1,1,1,500,14,0.7,51367,normal,0,250,5,7,2
547,1,1,1,500,21,0.7,38448,normal,0,250,5,7,3
548,1,1,1,500,21,0.7,57481,normal,0,250,5,7,3
549,1,1,1,500,28,0.7,8981,normal,0,250,5,7,4
550,1,1,1,500,28,0.7,91827,normal,0,250,5,7,4
551,1,1,1,500,35,0.7,6359,normal,0,250,5,7,5
552,1,1,1,500,35,0.7,37768,normal,0,250,5,7,5
553,1,1,1,500,16,0.7,11172,normal,0,250,5,8,2
554,1,1,1,500,16,0.7,61642,normal,0,250,5,8,2
555,1,1,1,500,24,0.7,17110,normal,0,250,5,8,3
556,1,1,1,500,24,0.7,1277,normal,0,250,5,8,3
557,1,1,1,500,32,0.7,98163,normal,0,250,5,8,4
558,1,1,1,500,32,0.7,68356,normal,0,250,5,8,4
559,1,1,1,500,40,0.7,78698,normal,0,250,5,8,5
560,1,1,1,500,40,0.7,16633,normal,0,250,5,8,5
561,1,1,1,500,18,0.7,54909,normal,0,250,5,9,2
562,1,1,1,500,18,0.7,74100,normal,0,250,5,9,2
563,1,1,1,500,27,0.7,53417,normal,0,250,5,9,3
564,1,1,1,500,27,0.7,60536,normal,0,250,5,9,3
565,1,1,1,500,36,0.7,77300,normal,0,250,5,9,4
566,1,1,1,500,36,0.7,11458,normal,0,250,5,9,4
567,1,1,1,500,45,0.7,97851,normal,0,250,5,9,5
568,1,1,1,500,45,0.7,52398,normal,0,250,5,9,5
569,1,1,1,500,20,0.7,9335,normal,0,250,5,10,2
570,1,1,1,500,20,0.7,13361,normal,0,250,5,10,2
571,1,1,1,500,30,0.7,79027,normal,0,250,5,10,3
572,1,1,1,500,30,0.7,88374,normal,0,250,5,10,3
573,1,1,1,500,40,0.7,85881,normal,0,250,5,10,4
574,1,1,1,500,40,0.7,87915,normal,0,250,5,10,4
575,1,1,1,500,50,0.7,74410,normal,0,250,5,10,5
576,1,1,1,500,50,0.7,63095,normal,0,250,5,10,5
577,1,1,1,500,4,0.8,99145,normal,0,250,5,2,2
578,1,1,1,500,4,0.8,2446,normal,0,250,5,2,2
579,1,1,1,500,6,0.8,93007,normal,0,250,5,2,3
580,1,1,1,500,6,0.8,49192,normal,0,250,5,2,3
581,1,1,1,500,8,0.8,7179,normal,0,250,5,2,4
582,1,1,1,500,8,0.8,94050,normal,0,250,5,2,4
583,1,1,1,500,10,0.8,28018,normal,0,250,5,2,5
584,1,1,1,500,10,0.8,47306,normal,0,250,5,2,5
585,1,1,1,500,6,0.8,67502,normal,0,250,5,3,2
586,1,1,1,500,6,0.8,73532,normal,0,250,5,3,2
587,1,1,1,500,9,0.8,38976,normal,0,250,5,3,3
588,1,1,1,500,9,0.8,30836,normal,0,250,5,3,3
589,1,1,1,500,12,0.8,53029,normal,0,250,5,3,4
590,1,1,1,500,12,0.8,47754,normal,0,250,5,3,4
591,1,1,1,500,15,0.8,92,normal,0,250,5,3,5
592,1,1,1,500,15,0.8,61082,normal,0,250,5,3,5
593,1,1,1,500,8,0.8,91855,normal,0,250,5,4,2
594,1,1,1,500,8,0.8,60694,normal,0,250,5,4,2
595,1,1,1,500,12,0.8,83454,normal,0,250,5,4,3
596,1,1,1,500,12,0.8,70207,normal,0,250,5,4,3
597,1,1,1,500,16,0.8,28469,normal,0,250,5,4,4
598,1,1,1,500,16,0.8,81690,normal,0,250,5,4,4
599,1,1,1,500,20,0.8,14040,normal,0,250,5,4,5
600,1,1,1,500,20,0.8,30122,normal,0,250,5,4,5
601,1,1,1,500,10,0.8,64744,normal,0,250,5,5,2
602,1,1,1,500,10,0.8,47090,normal,0,250,5,5,2
603,1,1,1,500,15,0.8,41394,normal,0,250,5,5,3
604,1,1,1,500,15,0.8,57695,normal,0,250,5,5,3
605,1,1,1,500,20,0.8,26497,normal,0,250,5,5,4
606,1,1,1,500,20,0.8,60934,normal,0,250,5,5,4
607,1,1,1,500,25,0.8,34477,normal,0,250,5,5,5
608,1,1,1,500,25,0.8,40489,normal,0,250,5,5,5
609,1,1,1,500,12,0.8,94346,normal,0,250,5,6,2
610,1,1,1,500,12,0.8,16626,normal,0,250,5,6,2
611,1,1,1,500,18,0.8,95359,normal,0,250,5,6,3
612,1,1,1,500,18,0.8,13465,normal,0,250,5,6,3
613,1,1,1,500,24,0.8,86159,normal,0,250,5,6,4
614,1,1,1,500,24,0.8,90973,normal,0,250,5,6,4
615,1,1,1,500,30,0.8,79904,normal,0,250,5,6,5
616,1,1,1,500,30,0.8,8635,normal,0,250,5,6,5
617,1,1,1,500,14,0.8,72400,normal,0,250,5,7,2
618,1,1,1,500,14,0.8,89276,normal,0,250,5,7,2
619,1,1,1,500,21,0.8,80534,normal,0,250,5,7,3
620,1,1,1,500,21,0.8,33139,normal,0,250,5,7,3
621,1,1,1,500,28,0.8,60319,normal,0,250,5,7,4
622,1,1,1,500,28,0.8,86747,normal,0,250,5,7,4
623,1,1,1,500,35,0.8,90370,normal,0,250,5,7,5
624,1,1,1,500,35,0.8,52174,normal,0,250,5,7,5
625,1,1,1,500,16,0.8,33107,normal,0,250,5,8,2
626,1,1,1,500,16,0.8,55337,normal,0,250,5,8,2
627,1,1,1,500,24,0.8,67446,normal,0,250,5,8,3
628,1,1,1,500,24,0.8,78794,normal,0,250,5,8,3
629,1,1,1,500,32,0.8,79788,normal,0,250,5,8,4
630,1,1,1,500,32,0.8,33680,normal,0,250,5,8,4
631,1,1,1,500,40,0.8,17520,normal,0,250,5,8,5
632,1,1,1,500,40,0.8,69594,normal,0,250,5,8,5
633,1,1,1,500,18,0.8,51101,normal,0,250,5,9,2
634,1,1,1,500,18,0.8,62424,normal,0,250,5,9,2
635,1,1,1,500,27,0.8,57241,normal,0,250,5,9,3
636,1,1,1,500,27,0.8,85623,normal,0,250,5,9,3
637,1,1,1,500,36,0.8,96507,normal,0,250,5,9,4
638,1,1,1,500,36,0.8,37840,normal,0,250,5,9,4
639,1,1,1,500,45,0.8,77077,normal,0,250,5,9,5
640,1,1,1,500,45,0.8,3096,normal,0,250,5,9,5
641,1,1,1,500,20,0.8,67673,normal,0,250,5,10,2
642,1,1,1,500,20,0.8,42971,normal,0,250,5,10,2
643,1,1,1,500,30,0.8,54495,normal,0,250,5,10,3
644,1,1,1,500,30,0.8,43123,normal,0,250,5,10,3
645,1,1,1,500,40,0.8,28907,normal,0,250,5,10,4
646,1,1,1,500,40,0.8,908,normal,0,250,5,10,4
647,1,1,1,500,50,0.8,31905,normal,0,250,5,10,5
648,1,1,1,500,50,0.8,19103,normal,0,250,5,10,5
649,1,1,1,500,4,0.9,44374,normal,0,250,5,2,2
650,1,1,1,500,4,0.9,4938,normal,0,250,5,2,2
651,1,1,1,500,6,0.9,4629,normal,0,250,5,2,3
652,1,1,1,500,6,0.9,66899,normal,0,250,5,2,3
653,1,1,1,500,8,0.9,100,normal,0,250,5,2,4
654,1,1,1,500,8,0.9,67873,normal,0,250,5,2,4
655,1,1,1,500,10,0.9,66292,normal,0,250,5,2,5
656,1,1,1,500,10,0.9,5735,normal,0,250,5,2,5
657,1,1,1,500,6,0.9,29906,normal,0,250,5,3,2
658,1,1,1,500,6,0.9,73842,normal,0,250,5,3,2
659,1,1,1,500,9,0.9,13248,normal,0,250,5,3,3
660,1,1,1,500,9,0.9,43629,normal,0,250,5,3,3
661,1,1,1,500,12,0.9,74558,normal,0,250,5,3,4
662,1,1,1,500,12,0.9,36684,normal,0,250,5,3,4
663,1,1,1,500,15,0.9,14383,normal,0,250,5,3,5
664,1,1,1,500,15,0.9,69659,normal,0,250,5,3,5
665,1,1,1,500,8,0.9,33878,normal,0,250,5,4,2
666,1,1,1,500,8,0.9,57522,normal,0,250,5,4,2
667,1,1,1,500,12,0.9,18892,normal,0,250,5,4,3
668,1,1,1,500,12,0.9,55782,normal,0,250,5,4,3
669,1,1,1,500,16,0.9,87291,normal,0,250,5,4,4
670,1,1,1,500,16,0.9,38609,normal,0,250,5,4,4
671,1,1,1,500,20,0.9,7303,normal,0,250,5,4,5
672,1,1,1,500,20,0.9,28059,normal,0,250,5,4,5
673,1,1,1,500,10,0.9,47128,normal,0,250,5,5,2
674,1,1,1,500,10,0.9,92505,normal,0,250,5,5,2
675,1,1,1,500,15,0.9,23124,normal,0,250,5,5,3
676,1,1,1,500,15,0.9,90741,normal,0,250,5,5,3
677,1,1,1,500,20,0.9,9648,normal,0,250,5,5,4
678,1,1,1,500,20,0.9,44279,normal,0,250,5,5,4
679,1,1,1,500,25,0.9,16252,normal,0,250,5,5,5
680,1,1,1,500,25,0.9,58795,normal,0,250,5,5,5
681,1,1,1,500,12,0.9,32145,normal,0,250,5,6,2
682,1,1,1,500,12,0.9,6810,normal,0,250,5,6,2
683,1,1,1,500,18,0.9,3685,normal,0,250,5,6,3
684,1,1,1,500,18,0.9,33387,normal,0,250,5,6,3
685,1,1,1,500,24,0.9,67006,normal,0,250,5,6,4
686,1,1,1,500,24,0.9,73045,normal,0,250,5,6,4
687,1,1,1,500,30,0.9,60435,normal,0,250,5,6,5
688,1,1,1,500,30,0.9,93053,normal,0,250,5,6,5
689,1,1,1,500,14,0.9,60277,normal,0,250,5,7,2
690,1,1,1,500,14,0.9,98366,normal,0,250,5,7,2
691,1,1,1,500,21,0.9,44277,normal,0,250,5,7,3
692,1,1,1,500,21,0.9,68346,normal,0,250,5,7,3
693,1,1,1,500,28,0.9,77864,normal,0,250,5,7,4
694,1,1,1,500,28,0.9,4285,normal,0,250,5,7,4
695,1,1,1,500,35,0.9,13664,normal,0,250,5,7,5
696,1,1,1,500,35,0.9,60353,normal,0,250,5,7,5
697,1,1,1,500,16,0.9,11254,normal,0,250,5,8,2
698,1,1,1,500,16,0.9,58985,normal,0,250,5,8,2
699,1,1,1,500,24,0.9,13414,normal,0,250,5,8,3
700,1,1,1,500,24,0.9,6176,normal,0,250,5,8,3
701,1,1,1,500,32,0.9,11747,normal,0,250,5,8,4
702,1,1,1,500,32,0.9,81782,normal,0,250,5,8,4
703,1,1,1,500,40,0.9,45878,normal,0,250,5,8,5
704,1,1,1,500,40,0.9,43264,normal,0,250,5,8,5
705,1,1,1,500,18,0.9,60475,normal,0,250,5,9,2
706,1,1,1,500,18,0.9,68131,normal,0,250,5,9,2
707,1,1,1,500,27,0.9,71666,normal,0,250,5,9,3
708,1,1,1,500,27,0.9,4986,normal,0,250,5,9,3
709,1,1,1,500,36,0.9,73183,normal,0,250,5,9,4
710,1,1,1,500,36,0.9,9761,normal,0,250,5,9,4
711,1,1,1,500,45,0.9,24642,normal,0,250,5,9,5
712,1,1,1,500,45,0.9,20140,normal,0,250,5,9,5
713,1,1,1,500,20,0.9,33848,normal,0,250,5,10,2
714,1,1,1,500,20,0.9,80093,normal,0,250,5,10,2
715,1,1,1,500,30,0.9,97414,normal,0,250,5,10,3
716,1,1,1,500,30,0.9,40917,normal,0,250,5,10,3
717,1,1,1,500,40,0.9,7390,normal,0,250,5,10,4
718,1,1,1,500,40,0.9,33466,normal,0,250,5,10,4
719,1,1,1,500,50,0.9,30533,normal,0,250,5,10,5
720,1,1,1,500,50,0.9,38137,normal,0,250,5,10,5
721,1,1,1,500,4,1,55401,normal,0,250,5,2,2
722,1,1,1,500,4,1,69891,normal,0,250,5,2,2
723,1,1,1,500,6,1,72311,normal,0,250,5,2,3
724,1,1,1,500,6,1,88785,normal,0,250,5,2,3
725,1,1,1,500,8,1,91109,normal,0,250,5,2,4
726,1,1,1,500,8,1,24189,normal,0,250,5,2,4
727,1,1,1,500,10,1,90020,normal,0,250,5,2,5
728,1,1,1,500,10,1,36671,normal,0,250,5,2,5
729,1,1,1,500,6,1,27473,normal,0,250,5,3,2
730,1,1,1,500,6,1,57861,normal,0,250,5,3,2
731,1,1,1,500,9,1,90502,normal,0,250,5,3,3
732,1,1,1,500,9,1,53124,normal,0,250,5,3,3
733,1,1,1,500,12,1,11319,normal,0,250,5,3,4
734,1,1,1,500,12,1,55407,normal,0,250,5,3,4
735,1,1,1,500,15,1,63268,normal,0,250,5,3,5
736,1,1,1,500,15,1,59539,normal,0,250,5,3,5
737,1,1,1,500,8,1,5087,normal,0,250,5,4,2
738,1,1,1,500,8,1,7038,normal,0,250,5,4,2
739,1,1,1,500,12,1,63581,normal,0,250,5,4,3
740,1,1,1,500,12,1,23379,normal,0,250,5,4,3
741,1,1,1,500,16,1,75734,normal,0,250,5,4,4
742,1,1,1,500,16,1,80732,normal,0,250,5,4,4
743,1,1,1,500,20,1,90287,normal,0,250,5,4,5
744,1,1,1,500,20,1,17000,normal,0,250,5,4,5
745,1,1,1,500,10,1,64114,normal,0,250,5,5,2
746,1,1,1,500,10,1,71938,normal,0,250,5,5,2
747,1,1,1,500,15,1,47273,normal,0,250,5,5,3
748,1,1,1,500,15,1,94916,normal,0,250,5,5,3
749,1,1,1,500,20,1,72566,normal,0,250,5,5,4
750,1,1,1,500,20,1,43078,normal,0,250,5,5,4
751,1,1,1,500,25,1,3022,normal,0,250,5,5,5
752,1,1,1,500,25,1,47151,normal,0,250,5,5,5
753,1,1,1,500,12,1,58566,normal,0,250,5,6,2
754,1,1,1,500,12,1,62217,normal,0,250,5,6,2
755,1,1,1,500,18,1,37749,normal,0,250,5,6,3
756,1,1,1,500,18,1,79008,normal,0,250,5,6,3
757,1,1,1,500,24,1,3712,normal,0,250,5,6,4
758,1,1,1,500,24,1,37058,normal,0,250,5,6,4
759,1,1,1,500,30,1,86362,normal,0,250,5,6,5
760,1,1,1,500,30,1,57160,normal,0,250,5,6,5
761,1,1,1,500,14,1,91765,normal,0,250,5,7,2
762,1,1,1,500,14,1,97732,normal,0,250,5,7,2
763,1,1,1,500,21,1,69094,normal,0,250,5,7,3
764,1,1,1,500,21,1,65476,normal,0,250,5,7,3
765,1,1,1,500,28,1,51253,normal,0,250,5,7,4
766,1,1,1,500,28,1,11832,normal,0,250,5,7,4
767,1,1,1,500,35,1,27389,normal,0,250,5,7,5
768,1,1,1,500,35,1,21303,normal,0,250,5,7,5
769,1,1,1,500,16,1,20407,normal,0,250,5,8,2
770,1,1,1,500,16,1,11855,normal,0,250,5,8,2
771,1,1,1,500,24,1,67504,normal,0,250,5,8,3
772,1,1,1,500,24,1,26985,normal,0,250,5,8,3
773,1,1,1,500,32,1,73036,normal,0,250,5,8,4
774,1,1,1,500,32,1,26527,normal,0,250,5,8,4
775,1,1,1,500,40,1,13187,normal,0,250,5,8,5
776,1,1,1,500,40,1,1059,normal,0,250,5,8,5
777,1,1,1,500,18,1,40947,normal,0,250,5,9,2
778,1,1,1,500,18,1,16976,normal,0,250,5,9,2
779,1,1,1,500,27,1,76288,normal,0,250,5,9,3
780,1,1,1,500,27,1,57451,normal,0,250,5,9,3
781,1,1,1,500,36,1,35270,normal,0,250,5,9,4
782,1,1,1,500,36,1,89940,normal,0,250,5,9,4
783,1,1,1,500,45,1,77914,normal,0,250,5,9,5
784,1,1,1,500,45,1,28810,normal,0,250,5,9,5
785,1,1,1,500,20,1,90948,normal,0,250,5,10,2
786,1,1,1,500,20,1,10039,normal,0,250,5,10,2
787,1,1,1,500,30,1,56580,normal,0,250,5,10,3
788,1,1,1,500,30,1,41450,normal,0,250,5,10,3
789,1,1,1,500,40,1,32816,normal,0,250,5,10,4
790,1,1,1,500,40,1,48513,normal,0,250,5,10,4
791,1,1,1,500,50,1,96877,normal,0,250,5,10,5
792,1,1,1,500,50,1,38855,normal,0,250,5,10,5
793,1,1,1,500,50,1,14158,normal,0,250,5,10,6
794,1,1,1,500,50,1,32045,normal,0,250,5,10,7
795,1,1,1,500,50,1,50930,normal,0,250,5,10,8
796,1,1,1,500,50,1,3262,normal,0,250,5,10,9
797,1,1,1,500,50,1,34669,normal,0,250,5,10,10
798,1,1,1,500,50,1,93507,normal,0,250,5,10,11
799,1,1,1,500,50,1,97104,normal,0,250,5,10,12
800,1,1,1,500,50,1,9585,normal,0,250,5,10,13
801,1,1,1,500,50,0.9,86644,normal,0,250,5,10,6
802,1,1,1,500,50,0.9,98242,normal,0,250,5,10,7
803,1,1,1,500,50,0.9,98932,normal,0,250,5,10,8
804,1,1,1,500,50,0.9,73322,normal,0,250,5,10,9
805,1,1,1,500,50,0.9,26289,normal,0,250,5,10,10
806,1,1,1,500,50,0.9,27520,normal,0,250,5,10,11
807,1,1,1,500,50,0.9,3620,normal,0,250,5,10,12
808,1,1,1,500,50,0.9,43806,normal,0,250,5,10,13
809,1,1,1,500,50,0.8,88761,normal,0,250,5,10,6
810,1,1,1,500,50,0.8,89572,normal,0,250,5,10,7
811,1,1,1,500,50,0.8,86290,normal,0,250,5,10,8
812,1,1,1,500,50,0.8,75455,normal,0,250,5,10,9
813,1,1,1,500,50,0.8,8164,normal,0,250,5,10,10
814,1,1,1,500,50,0.8,56035,normal,0,250,5,10,11
815,1,1,1,500,50,0.8,57747,normal,0,250,5,10,12
816,1,1,1,500,50,0.8,42044,normal,0,250,5,10,13
817,1,1,1,500,50,0.7,53395,normal,0,250,5,10,6
818,1,1,1,500,50,0.7,8878,normal,0,250,5,10,7
819,1,1,1,500,50,0.7,81753,normal,0,250,5,10,8
820,1,1,1,500,50,0.7,78217,normal,0,250,5,10,9
821,1,1,1,500,50,0.7,6241,normal,0,250,5,10,10
822,1,1,1,500,50,0.7,61802,normal,0,250,5,10,11
823,1,1,1,500,50,0.7,35655,normal,0,250,5,10,12
824,1,1,1,500,50,0.7,38353,normal,0,250,5,10,13
825,1,1,1,500,50,0.6,30432,normal,0,250,5,10,6
826,1,1,1,500,50,0.6,34256,normal,0,250,5,10,7
827,1,1,1,500,50,0.6,54305,normal,0,250,5,10,8
828,1,1,1,500,50,0.6,20535,normal,0,250,5,10,9
829,1,1,1,500,50,0.6,21868,normal,0,250,5,10,10
830,1,1,1,500,50,0.6,37765,normal,0,250,5,10,11
831,1,1,1,500,50,0.6,81475,normal,0,250,5,10,12
832,1,1,1,500,50,0.6,2480,normal,0,250,5,10,13
833,1,1,1,500,50,0.5,29973,normal,0,250,5,10,6
834,1,1,1,500,50,0.5,21210,normal,0,250,5,10,7
835,1,1,1,500,50,0.5,39664,normal,0,250,5,10,8
836,1,1,1,500,50,0.5,19123,normal,0,250,5,10,9
837,1,1,1,500,50,0.5,27673,normal,0,250,5,10,10
838,1,1,1,500,50,0.5,93786,normal,0,250,5,10,11
839,1,1,1,500,50,0.5,87316,normal,0,250,5,10,12
840,1,1,1,500,50,0.5,78320,normal,0,250,5,10,13
841,1,1,1,500,50,0.4,81360,normal,0,250,5,10,6
842,1,1,1,500,50,0.4,64247,normal,0,250,5,10,7
843,1,1,1,500,50,0.4,68793,normal,0,250,5,10,8
844,1,1,1,500,50,0.4,51409,normal,0,250,5,10,9
845,1,1,1,500,50,0.4,65297,normal,0,250,5,10,10
846,1,1,1,500,50,0.4,56220,normal,0,250,5,10,11
847,1,1,1,500,50,0.4,23665,normal,0,250,5,10,12
848,1,1,1,500,50,0.4,21541,normal,0,250,5,10,13
849,1,1,1,500,50,0.3,12606,normal,0,250,5,10,6
850,1,1,1,500,50,0.3,6380,normal,0,250,5,10,7
851,1,1,1,500,50,0.3,93654,normal,0,250,5,10,8
852,1,1,1,500,50,0.3,62922,normal,0,250,5,10,9
853,1,1,1,500,50,0.3,77524,normal,0,250,5,10,10
854,1,1,1,500,50,0.3,65659,normal,0,250,5,10,11
855,1,1,1,500,50,0.3,72085,normal,0,250,5,10,12
856,1,1,1,500,50,0.3,41175,normal,0,250,5,10,13
857,1,1,1,500,50,0.2,70267,normal,0,250,5,10,6
858,1,1,1,500,50,0.2,40102,normal,0,250,5,10,7
859,1,1,1,500,50,0.2,34221,normal,0,250,5,10,8
860,1,1,1,500,50,0.2,18952,normal,0,250,5,10,9
861,1,1,1,500,50,0.2,27672,normal,0,250,5,10,10
862,1,1,1,500,50,0.2,74573,normal,0,250,5,10,11
863,1,1,1,500,50,0.2,35713,normal,0,250,5,10,12
864,1,1,1,500,50,0.2,20525,normal,0,250,5,10,13
865,1,1,1,500,50,0.1,14590,normal,0,250,5,10,6
866,1,1,1,500,50,0.1,39478,normal,0,250,5,10,7
867,1,1,1,500,50,0.1,67524,normal,0,250,5,10,8
868,1,1,1,500,50,0.1,33549,normal,0,250,5,10,9
869,1,1,1,500,50,0.1,77128,normal,0,250,5,10,10
870,1,1,1,500,50,0.1,75304,normal,0,250,5,10,11
871,1,1,1,500,50,0.1,66787,normal,0,250,5,10,12
872,1,1,1,500,50,0.1,54817,normal,0,250,5,10,13
873,1,1,1,500,50,0,24439,normal,0,250,5,10,6
874,1,1,1,500,50,0,38937,normal,0,250,5,10,7
875,1,1,1,500,50,0,33105,normal,0,250,5,10,8
876,1,1,1,500,50,0,74275,normal,0,250,5,10,9
877,1,1,1,500,50,0,84177,normal,0,250,5,10,10
878,1,1,1,500,50,0,52943,normal,0,250,5,10,11
879,1,1,1,500,50,0,52199,normal,0,250,5,10,12
880,1,1,1,500,50,0,683,normal,0,250,5,10,13
881,1,1,1,500,50,1,14158,normal,0,250,5,10,6
882,1,1,1,500,50,1,32045,normal,0,250,5,10,7
883,1,1,1,500,50,1,50930,normal,0,250,5,10,8
884,1,1,1,500,50,1,3262,normal,0,250,5,10,9
885,1,1,1,500,50,1,34669,normal,0,250,5,10,10
886,1,1,1,500,50,1,93507,normal,0,250,5,10,11
887,1,1,1,500,50,1,97104,normal,0,250,5,10,12
888,1,1,1,500,50,1,9585,normal,0,250,5,10,13
889,1,1,1,500,50,0.9,86644,normal,0,250,5,10,6
890,1,1,1,500,50,0.9,98242,normal,0,250,5,10,7
891,1,1,1,500,50,0.9,98932,normal,0,250,5,10,8
892,1,1,1,500,50,0.9,73322,normal,0,250,5,10,9
893,1,1,1,500,50,0.9,26289,normal,0,250,5,10,10
894,1,1,1,500,50,0.9,27520,normal,0,250,5,10,11
895,1,1,1,500,50,0.9,3620,normal,0,250,5,10,12
896,1,1,1,500,50,0.9,43806,normal,0,250,5,10,13
897,1,1,1,500,50,0.8,88761,normal,0,250,5,10,6
898,1,1,1,500,50,0.8,89572,normal,0,250,5,10,7
899,1,1,1,500,50,0.8,86290,normal,0,250,5,10,8
900,1,1,1,500,50,0.8,75455,normal,0,250,5,10,9
901,1,1,1,500,50,0.8,8164,normal,0,250,5,10,10
902,1,1,1,500,50,0.8,56035,normal,0,250,5,10,11
903,1,1,1,500,50,0.8,57747,normal,0,250,5,10,12
904,1,1,1,500,50,0.8,42044,normal,0,250,5,10,13
905,1,1,1,500,50,0.7,53395,normal,0,250,5,10,6
906,1,1,1,500,50,0.7,8878,normal,0,250,5,10,7
907,1,1,1,500,50,0.7,81753,normal,0,250,5,10,8
908,1,1,1,500,50,0.7,78217,normal,0,250,5,10,9
909,1,1,1,500,50,0.7,6241,normal,0,250,5,10,10
910,1,1,1,500,50,0.7,61802,normal,0,250,5,10,11
911,1,1,1,500,50,0.7,35655,normal,0,250,5,10,12
912,1,1,1,500,50,0.7,38353,normal,0,250,5,10,13
913,1,1,1,500,50,0.6,30432,normal,0,250,5,10,6
914,1,1,1,500,50,0.6,34256,normal,0,250,5,10,7
915,1,1,1,500,50,0.6,54305,normal,0,250,5,10,8
916,1,1,1,500,50,0.6,20535,normal,0,250,5,10,9
917,1,1,1,500,50,0.6,21868,normal,0,250,5,10,10
918,1,1,1,500,50,0.6,37765,normal,0,250,5,10,11
919,1,1,1,500,50,0.6,81475,normal,0,250,5,10,12
920,1,1,1,500,50,0.6,2480,normal,0,250,5,10,13
921,1,1,1,500,50,0.5,29973,normal,0,250,5,10,6
922,1,1,1,500,50,0.5,21210,normal,0,250,5,10,7
923,1,1,1,500,50,0.5,39664,normal,0,250,5,10,8
924,1,1,1,500,50,0.5,19123,normal,0,250,5,10,9
925,1,1,1,500,50,0.5,27673,normal,0,250,5,10,10
926,1,1,1,500,50,0.5,93786,normal,0,250,5,10,11
927,1,1,1,500,50,0.5,87316,normal,0,250,5,10,12
928,1,1,1,500,50,0.5,78320,normal,0,250,5,10,13
929,1,1,1,500,50,0.4,81360,normal,0,250,5,10,6
930,1,1,1,500,50,0.4,64247,normal,0,250,5,10,7
931,1,1,1,500,50,0.4,68793,normal,0,250,5,10,8
932,1,1,1,500,50,0.4,51409,normal,0,250,5,10,9
933,1,1,1,500,50,0.4,65297,normal,0,250,5,10,10
934,1,1,1,500,50,0.4,56220,normal,0,250,5,10,11
935,1,1,1,500,50,0.4,23665,normal,0,250,5,10,12
936,1,1,1,500,50,0.4,21541,normal,0,250,5,10,13
937,1,1,1,500,50,0.3,12606,normal,0,250,5,10,6
938,1,1,1,500,50,0.3,6380,normal,0,250,5,10,7
939,1,1,1,500,50,0.3,93654,normal,0,250,5,10,8
940,1,1,1,500,50,0.3,62922,normal,0,250,5,10,9
941,1,1,1,500,50,0.3,77524,normal,0,250,5,10,10
942,1,1,1,500,50,0.3,65659,normal,0,250,5,10,11
943,1,1,1,500,50,0.3,72085,normal,0,250,5,10,12
944,1,1,1,500,50,0.3,41175,normal,0,250,5,10,13
945,1,1,1,500,50,0.2,70267,normal,0,250,5,10,6
946,1,1,1,500,50,0.2,40102,normal,0,250,5,10,7
947,1,1,1,500,50,0.2,34221,normal,0,250,5,10,8
948,1,1,1,500,50,0.2,18952,normal,0,250,5,10,9
949,1,1,1,500,50,0.2,27672,normal,0,250,5,10,10
950,1,1,1,500,50,0.2,74573,normal,0,250,5,10,11
951,1,1,1,500,50,0.2,35713,normal,0,250,5,10,12
952,1,1,1,500,50,0.2,20525,normal,0,250,5,10,13
953,1,1,1,500,50,0.1,14590,normal,0,250,5,10,6
954,1,1,1,500,50,0.1,39478,normal,0,250,5,10,7
955,1,1,1,500,50,0.1,67524,normal,0,250,5,10,8
956,1,1,1,500,50,0.1,33549,normal,0,250,5,10,9
957,1,1,1,500,50,0.1,77128,normal,0,250,5,10,10
958,1,1,1,500,50,0.1,75304,normal,0,250,5,10,11
959,1,1,1,500,50,0.1,66787,normal,0,250,5,10,12
960,1,1,1,500,50,0.1,54817,normal,0,250,5,10,13
961,1,1,1,500,50,0,24439,normal,0,250,5,10,6
962,1,1,1,500,50,0,38937,normal,0,250,5,10,7
963,1,1,1,500,50,0,33105,normal,0,250,5,10,8
964,1,1,1,500,50,0,74275,normal,0,250,5,10,9
965,1,1,1,500,50,0,84177,normal,0,250,5,10,10
966,1,1,1,500,50,0,52943,normal,0,250,5,10,11
967,1,1,1,500,50,0,52199,normal,0,250,5,10,12
968,1,1,1,500,50,0,683,normal,0,250,5,10,13
969,1,1,1,500,12,0,86413,normal,0,250,5,2,6
970,1,1,1,500,12,0,97529,normal,0,250,5,2,6
971,1,1,1,500,14,0,83237,normal,0,250,5,2,7
972,1,1,1,500,14,0,74994,normal,0,250,5,2,7
973,1,1,1,500,16,0,2922,normal,0,250,5,2,8
974,1,1,1,500,16,0,41006,normal,0,250,5,2,8
975,1,1,1,500,18,0,88629,normal,0,250,5,2,9
976,1,1,1,500,18,0,87637,normal,0,250,5,2,9
977,1,1,1,500,20,0,82398,normal,0,250,5,2,10
978,1,1,1,500,20,0,85600,normal,0,250,5,2,10
979,1,1,1,500,12,0.1,86413,normal,0,250,5,2,6
980,1,1,1,500,12,0.1,97529,normal,0,250,5,2,6
981,1,1,1,500,14,0.1,83237,normal,0,250,5,2,7
982,1,1,1,500,14,0.1,74994,normal,0,250,5,2,7
983,1,1,1,500,16,0.1,2922,normal,0,250,5,2,8
984,1,1,1,500,16,0.1,41006,normal,0,250,5,2,8
985,1,1,1,500,18,0.1,88629,normal,0,250,5,2,9
986,1,1,1,500,18,0.1,87637,normal,0,250,5,2,9
987,1,1,1,500,20,0.1,82398,normal,0,250,5,2,10
988,1,1,1,500,20,0.1,85600,normal,0,250,5,2,10
989,1,1,1,500,12,0.2,86413,normal,0,250,5,2,6
990,1,1,1,500,12,0.2,97529,normal,0,250,5,2,6
991,1,1,1,500,14,0.2,83237,normal,0,250,5,2,7
992,1,1,1,500,14,0.2,74994,normal,0,250,5,2,7
993,1,1,1,500,16,0.2,2922,normal,0,250,5,2,8
994,1,1,1,500,16,0.2,41006,normal,0,250,5,2,8
995,1,1,1,500,18,0.2,88629,normal,0,250,5,2,9
996,1,1,1,500,18,0.2,87637,normal,0,250,5,2,9
997,1,1,1,500,20,0.2,82398,normal,0,250,5,2,10
998,1,1,1,500,20,0.2,85600,normal,0,250,5,2,10
999,1,1,1,500,12,0.3,86413,normal,0,250,5,2,6
1000,1,1,1,500,12,0.3,97529,normal,0,250,5,2,6
1001,1,1,1,500,14,0.3,83237,normal,0,250,5,2,7
1002,1,1,1,500,14,0.3,74994,normal,0,250,5,2,7
1003,1,1,1,500,16,0.3,2922,normal,0,250,5,2,8
1004,1,1,1,500,16,0.3,41006,normal,0,250,5,2,8
1005,1,1,1,500,18,0.3,88629,normal,0,250,5,2,9
1006,1,1,1,500,18,0.3,87637,normal,0,250,5,2,9
1007,1,1,1,500,20,0.3,82398,normal,0,250,5,2,10
1008,1,1,1,500,20,0.3,85600,normal,0,250,5,2,10
1009,1,1,1,500,12,0.4,86413,normal,0,250,5,2,6
1010,1,1,1,500,12,0.4,97529,normal,0,250,5,2,6
1011,1,1,1,500,14,0.4,83237,normal,0,250,5,2,7
1012,1,1,1,500,14,0.4,74994,normal,0,250,5,2,7
1013,1,1,1,500,16,0.4,2922,normal,0,250,5,2,8
1014,1,1,1,500,16,0.4,41006,normal,0,250,5,2,8
1015,1,1,1,500,18,0.4,88629,normal,0,250,5,2,9
1016,1,1,1,500,18,0.4,87637,normal,0,250,5,2,9
1017,1,1,1,500,20,0.4,82398,normal,0,250,5,2,10
1018,1,1,1,500,20,0.4,85600,normal,0,250,5,2,10
1019,1,1,1,500,12,0.5,86413,normal,0,250,5,2,6
1020,1,1,1,500,12,0.5,97529,normal,0,250,5,2,6
1021,1,1,1,500,14,0.5,83237,normal,0,250,5,2,7
1022,1,1,1,500,14,0.5,74994,normal,0,250,5,2,7
1023,1,1,1,500,16,0.5,2922,normal,0,250,5,2,8
1024,1,1,1,500,16,0.5,41006,normal,0,250,5,2,8
1025,1,1,1,500,18,0.5,88629,normal,0,250,5,2,9
1026,1,1,1,500,18,0.5,87637,normal,0,250,5,2,9
1027,1,1,1,500,20,0.5,82398,normal,0,250,5,2,10
1028,1,1,1,500,20,0.5,85600,normal,0,250,5,2,10
1029,1,1,1,500,12,0.6,86413,normal,0,250,5,2,6
1030,1,1,1,500,12,0.6,97529,normal,0,250,5,2,6
1031,1,1,1,500,14,0.6,83237,normal,0,250,5,2,7
1032,1,1,1,500,14,0.6,74994,normal,0,250,5,2,7
1033,1,1,1,500,16,0.6,2922,normal,0,250,5,2,8
1034,1,1,1,500,16,0.6,41006,normal,0,250,5,2,8
1035,1,1,1,500,18,0.6,88629,normal,0,250,5,2,9
1036,1,1,1,500,18,0.6,87637,normal,0,250,5,2,9
1037,1,1,1,500,20,0.6,82398,normal,0,250,5,2,10
1038,1,1,1,500,20,0.6,85600,normal,0,250,5,2,10
1039,1,1,1,500,12,0.7,86413,normal,0,250,5,2,6
1040,1,1,1,500,12,0.7,97529,normal,0,250,5,2,6
1041,1,1,1,500,14,0.7,83237,normal,0,250,5,2,7
1042,1,1,1,500,14,0.7,74994,normal,0,250,5,2,7
1043,1,1,1,500,16,0.7,2922,normal,0,250,5,2,8
1044,1,1,1,500,16,0.7,41006,normal,0,250,5,2,8
1045,1,1,1,500,18,0.7,88629,normal,0,250,5,2,9
1046,1,1,1,500,18,0.7,87637,normal,0,250,5,2,9
1047,1,1,1,500,20,0.7,82398,normal,0,250,5,2,10
1048,1,1,1,500,20,0.7,85600,normal,0,250,5,2,10
1049,1,1,1,500,12,0.8,86413,normal,0,250,5,2,6
1050,1,1,1,500,12,0.8,97529,normal,0,250,5,2,6
1051,1,1,1,500,14,0.8,83237,normal,0,250,5,2,7
1052,1,1,1,500,14,0.8,74994,normal,0,250,5,2,7
1053,1,1,1,500,16,0.8,2922,normal,0,250,5,2,8
1054,1,1,1,500,16,0.8,41006,normal,0,250,5,2,8
1055,1,1,1,500,18,0.8,88629,normal,0,250,5,2,9
1056,1,1,1,500,18,0.8,87637,normal,0,250,5,2,9
1057,1,1,1,500,20,0.8,82398,normal,0,250,5,2,10
1058,1,1,1,500,20,0.8,85600,normal,0,250,5,2,10
1059,1,1,1,500,12,0.9,86413,normal,0,250,5,2,6
1060,1,1,1,500,12,0.9,97529,normal,0,250,5,2,6
1061,1,1,1,500,14,0.9,83237,normal,0,250,5,2,7
1062,1,1,1,500,14,0.9,74994,normal,0,250,5,2,7
1063,1,1,1,500,16,0.9,2922,normal,0,250,5,2,8
1064,1,1,1,500,16,0.9,41006,normal,0,250,5,2,8
1065,1,1,1,500,18,0.9,88629,normal,0,250,5,2,9
1066,1,1,1,500,18,0.9,87637,normal,0,250,5,2,9
1067,1,1,1,500,20,0.9,82398,normal,0,250,5,2,10
1068,1,1,1,500,20,0.9,85600,normal,0,250,5,2,10
1069,1,1,1,500,12,1,86413,normal,0,250,5,2,6
1070,1,1,1,500,12,1,97529,normal,0,250,5,2,6
1071,1,1,1,500,14,1,83237,normal,0,250,5,2,7
1072,1,1,1,500,14,1,74994,normal,0,250,5,2,7
1073,1,1,1,500,16,1,2922,normal,0,250,5,2,8
1074,1,1,1,500,16,1,41006,normal,0,250,5,2,8
1075,1,1,1,500,18,1,88629,normal,0,250,5,2,9
1076,1,1,1,500,18,1,87637,normal,0,250,5,2,9
1077,1,1,1,500,20,1,82398,normal,0,250,5,2,10
1078,1,1,1,500,20,1,85600,normal,0,250,5,2,10
1079,1,1,1,500,4,0,47431,normal,0,250,5,2,2
1080,1,1,1,500,9,0,14175,normal,0,250,5,3,3
1081,1,1,1,500,16,0,91910,normal,0,250,5,4,4
1082,1,1,1,500,25,0,92101,normal,0,250,5,5,5
1083,1,1,1,500,36,0,51562,normal,0,250,5,6,6
1084,1,1,1,500,49,0,40632,normal,0,250,5,7,7
1085,1,1,1,500,64,0,54742,normal,0,250,5,8,8
1086,1,1,1,500,81,0,16487,normal,0,250,5,9,9
1087,1,1,1,500,100,0,23322,normal,0,250,5,10,10
1088,1,1,1,500,4,0.1,73466,normal,0,250,5,2,2
1089,1,1,1,500,9,0.1,29858,normal,0,250,5,3,3
1090,1,1,1,500,16,0.1,69364,normal,0,250,5,4,4
1091,1,1,1,500,25,0.1,9880,normal,0,250,5,5,5
1092,1,1,1,500,36,0.1,83673,normal,0,250,5,6,6
1093,1,1,1,500,49,0.1,23550,normal,0,250,5,7,7
1094,1,1,1,500,64,0.1,28817,normal,0,250,5,8,8
1095,1,1,1,500,81,0.1,81280,normal,0,250,5,9,9
1096,1,1,1,500,100,0.1,57786,normal,0,250,5,10,10
1097,1,1,1,500,4,0.2,54598,normal,0,250,5,2,2
1098,1,1,1,500,9,0.2,58390,normal,0,250,5,3,3
1099,1,1,1,500,16,0.2,83177,normal,0,250,5,4,4
1100,1,1,1,500,25,0.2,99653,normal,0,250,5,5,5
1101,1,1,1,500,36,0.2,85973,normal,0,250,5,6,6
1102,1,1,1,500,49,0.2,19802,normal,0,250,5,7,7
1103,1,1,1,500,64,0.2,79897,normal,0,250,5,8,8
1104,1,1,1,500,81,0.2,39081,normal,0,250,5,9,9
1105,1,1,1,500,100,0.2,74946,normal,0,250,5,10,10
1106,1,1,1,500,4,0.3,80949,normal,0,250,5,2,2
1107,1,1,1,500,9,0.3,21793,normal,0,250,5,3,3
1108,1,1,1,500,16,0.3,35588,normal,0,250,5,4,4
1109,1,1,1,500,25,0.3,6998,normal,0,250,5,5,5
1110,1,1,1,500,36,0.3,29434,normal,0,250,5,6,6
1111,1,1,1,500,49,0.3,65870,normal,0,250,5,7,7
1112,1,1,1,500,64,0.3,16070,normal,0,250,5,8,8
1113,1,1,1,500,81,0.3,37735,normal,0,250,5,9,9
1114,1,1,1,500,100,0.3,82506,normal,0,250,5,10,10
1115,1,1,1,500,4,0.4,92406,normal,0,250,5,2,2
1116,1,1,1,500,9,0.4,87188,normal,0,250,5,3,3
1117,1,1,1,500,16,0.4,34834,normal,0,250,5,4,4
1118,1,1,1,500,25,0.4,60195,normal,0,250,5,5,5
1119,1,1,1,500,36,0.4,89365,normal,0,250,5,6,6
1120,1,1,1,500,49,0.4,22591,normal,0,250,5,7,7
1121,1,1,1,500,64,0.4,31296,normal,0,250,5,8,8
1122,1,1,1,500,81,0.4,83717,normal,0,250,5,9,9
1123,1,1,1,500,100,0.4,99319,normal,0,250,5,10,10
1124,1,1,1,500,4,0.5,15069,normal,0,250,5,2,2
1125,1,1,1,500,9,0.5,65654,normal,0,250,5,3,3
1126,1,1,1,500,16,0.5,24362,normal,0,250,5,4,4
1127,1,1,1,500,25,0.5,26585,normal,0,250,5,5,5
1128,1,1,1,500,36,0.5,48805,normal,0,250,5,6,6
1129,1,1,1,500,49,0.5,23178,normal,0,250,5,7,7
1130,1,1,1,500,64,0.5,75258,normal,0,250,5,8,8
1131,1,1,1,500,81,0.5,34531,normal,0,250,5,9,9
1132,1,1,1,500,100,0.5,1026,normal,0,250,5,10,10
1133,1,1,1,500,4,0.6,38278,normal,0,250,5,2,2
1134,1,1,1,500,9,0.6,19561,normal,0,250,5,3,3
1135,1,1,1,500,16,0.6,60433,normal,0,250,5,4,4
1136,1,1,1,500,25,0.6,70310,normal,0,250,5,5,5
1137,1,1,1,500,36,0.6,7019,normal,0,250,5,6,6
1138,1,1,1,500,49,0.6,47166,normal,0,250,5,7,7
1139,1,1,1,500,64,0.6,74170,normal,0,250,5,8,8
1140,1,1,1,500,81,0.6,49941,normal,0,250,5,9,9
1141,1,1,1,500,100,0.6,24310,normal,0,250,5,10,10
1142,1,1,1,500,4,0.7,33014,normal,0,250,5,2,2
1143,1,1,1,500,9,0.7,78550,normal,0,250,5,3,3
1144,1,1,1,500,16,0.7,57701,normal,0,250,5,4,4
1145,1,1,1,500,25,0.7,30264,normal,0,250,5,5,5
1146,1,1,1,500,36,0.7,48681,normal,0,250,5,6,6
1147,1,1,1,500,49,0.7,82672,normal,0,250,5,7,7
1148,1,1,1,500,64,0.7,14732,normal,0,250,5,8,8
1149,1,1,1,500,81,0.7,58271,normal,0,250,5,9,9
1150,1,1,1,500,100,0.7,60326,normal,0,250,5,10,10
1151,1,1,1,500,4,0.8,18435,normal,0,250,5,2,2
1152,1,1,1,500,9,0.8,89490,normal,0,250,5,3,3
1153,1,1,1,500,16,0.8,43055,normal,0,250,5,4,4
1154,1,1,1,500,25,0.8,4638,normal,0,250,5,5,5
1155,1,1,1,500,36,0.8,79735,normal,0,250,5,6,6
1156,1,1,1,500,49,0.8,6523,normal,0,250,5,7,7
1157,1,1,1,500,64,0.8,98695,normal,0,250,5,8,8
1158,1,1,1,500,81,0.8,65138,normal,0,250,5,9,9
1159,1,1,1,500,100,0.8,27758,normal,0,250,5,10,10
1160,1,1,1,500,4,0.9,24213,normal,0,250,5,2,2
1161,1,1,1,500,9,0.9,60926,normal,0,250,5,3,3
1162,1,1,1,500,16,0.9,15981,normal,0,250,5,4,4
1163,1,1,1,500,25,0.9,15036,normal,0,250,5,5,5
1164,1,1,1,500,36,0.9,25029,normal,0,250,5,6,6
1165,1,1,1,500,49,0.9,58633,normal,0,250,5,7,7
1166,1,1,1,500,64,0.9,52129,normal,0,250,5,8,8
1167,1,1,1,500,81,0.9,95790,normal,0,250,5,9,9
1168,1,1,1,500,100,0.9,71593,normal,0,250,5,10,10
1169,1,1,1,500,4,1,67255,normal,0,250,5,2,2
1170,1,1,1,500,9,1,27814,normal,0,250,5,3,3
1171,1,1,1,500,16,1,84883,normal,0,250,5,4,4
1172,1,1,1,500,25,1,37238,normal,0,250,5,5,5
1173,1,1,1,500,36,1,54183,normal,0,250,5,6,6
1174,1,1,1,500,49,1,7029,normal,0,250,5,7,7
1175,1,1,1,500,64,1,76033,normal,0,250,5,8,8
1176,1,1,1,500,81,1,31711,normal,0,250,5,9,9
1177,1,1,1,500,100,1,39138,normal,0,250,5,10,10
1178,1,1,1,500,4,0,20562,normal,0,250,5,2,2
1179,1,1,1,500,9,0,38535,normal,0,250,5,3,3
1180,1,1,1,500,16,0,71059,normal,0,250,5,4,4
1181,1,1,1,500,25,0,37420,normal,0,250,5,5,5
1182,1,1,1,500,36,0,25918,normal,0,250,5,6,6
1183,1,1,1,500,49,0,34039,normal,0,250,5,7,7
1184,1,1,1,500,64,0,17366,normal,0,250,5,8,8
1185,1,1,1,500,81,0,65391,normal,0,250,5,9,9
1186,1,1,1,500,100,0,62461,normal,0,250,5,10,10
1187,1,1,1,500,4,0.1,10346,normal,0,250,5,2,2
1188,1,1,1,500,9,0.1,68177,normal,0,250,5,3,3
1189,1,1,1,500,16,0.1,80945,normal,0,250,5,4,4
1190,1,1,1,500,25,0.1,92815,normal,0,250,5,5,5
1191,1,1,1,500,36,0.1,47637,normal,0,250,5,6,6
1192,1,1,1,500,49,0.1,25360,normal,0,250,5,7,7
1193,1,1,1,500,64,0.1,83626,normal,0,250,5,8,8
1194,1,1,1,500,81,0.1,30674,normal,0,250,5,9,9
1195,1,1,1,500,100,0.1,82992,normal,0,250,5,10,10
1196,1,1,1,500,4,0.2,89649,normal,0,250,5,2,2
1197,1,1,1,500,9,0.2,30328,normal,0,250,5,3,3
1198,1,1,1,500,16,0.2,81112,normal,0,250,5,4,4
1199,1,1,1,500,25,0.2,8290,normal,0,250,5,5,5
1200,1,1,1,500,36,0.2,20228,normal,0,250,5,6,6
1201,1,1,1,500,49,0.2,99424,normal,0,250,5,7,7
1202,1,1,1,500,64,0.2,83825,normal,0,250,5,8,8
1203,1,1,1,500,81,0.2,99408,normal,0,250,5,9,9
1204,1,1,1,500,100,0.2,20777,normal,0,250,5,10,10
1205,1,1,1,500,4,0.3,69386,normal,0,250,5,2,2
1206,1,1,1,500,9,0.3,7870,normal,0,250,5,3,3
1207,1,1,1,500,16,0.3,35272,normal,0,250,5,4,4
1208,1,1,1,500,25,0.3,12038,normal,0,250,5,5,5
1209,1,1,1,500,36,0.3,94741,normal,0,250,5,6,6
1210,1,1,1,500,49,0.3,7107,normal,0,250,5,7,7
1211,1,1,1,500,64,0.3,82568,normal,0,250,5,8,8
1212,1,1,1,500,81,0.3,33864,normal,0,250,5,9,9
1213,1,1,1,500,100,0.3,10862,normal,0,250,5,10,10
1214,1,1,1,500,4,0.4,6831,normal,0,250,5,2,2
1215,1,1,1,500,9,0.4,40000,normal,0,250,5,3,3
1216,1,1,1,500,16,0.4,83011,normal,0,250,5,4,4
1217,1,1,1,500,25,0.4,53764,normal,0,250,5,5,5
1218,1,1,1,500,36,0.4,85924,normal,0,250,5,6,6
1219,1,1,1,500,49,0.4,78950,normal,0,250,5,7,7
1220,1,1,1,500,64,0.4,66038,normal,0,250,5,8,8
1221,1,1,1,500,81,0.4,54530,normal,0,250,5,9,9
1222,1,1,1,500,100,0.4,35794,normal,0,250,5,10,10
1223,1,1,1,500,4,0.5,72135,normal,0,250,5,2,2
1224,1,1,1,500,9,0.5,80635,normal,0,250,5,3,3
1225,1,1,1,500,16,0.5,95944,normal,0,250,5,4,4
1226,1,1,1,500,25,0.5,17015,normal,0,250,5,5,5
1227,1,1,1,500,36,0.5,32117,normal,0,250,5,6,6
1228,1,1,1,500,49,0.5,72600,normal,0,250,5,7,7
1229,1,1,1,500,64,0.5,16736,normal,0,250,5,8,8
1230,1,1,1,500,81,0.5,18009,normal,0,250,5,9,9
1231,1,1,1,500,100,0.5,88268,normal,0,250,5,10,10
1232,1,1,1,500,4,0.6,78271,normal,0,250,5,2,2
1233,1,1,1,500,9,0.6,42388,normal,0,250,5,3,3
1234,1,1,1,500,16,0.6,35482,normal,0,250,5,4,4
1235,1,1,1,500,25,0.6,47499,normal,0,250,5,5,5
1236,1,1,1,500,36,0.6,67123,normal,0,250,5,6,6
1237,1,1,1,500,49,0.6,61761,normal,0,250,5,7,7
1238,1,1,1,500,64,0.6,17563,normal,0,250,5,8,8
1239,1,1,1,500,81,0.6,73814,normal,0,250,5,9,9
1240,1,1,1,500,100,0.6,79628,normal,0,250,5,10,10
1241,1,1,1,500,4,0.7,8602,normal,0,250,5,2,2
1242,1,1,1,500,9,0.7,57248,normal,0,250,5,3,3
1243,1,1,1,500,16,0.7,31673,normal,0,250,5,4,4
1244,1,1,1,500,25,0.7,50923,normal,0,250,5,5,5
1245,1,1,1,500,36,0.7,32436,normal,0,250,5,6,6
1246,1,1,1,500,49,0.7,27295,normal,0,250,5,7,7
1247,1,1,1,500,64,0.7,10409,normal,0,250,5,8,8
1248,1,1,1,500,81,0.7,33799,normal,0,250,5,9,9
1249,1,1,1,500,100,0.7,62867,normal,0,250,5,10,10
1250,1,1,1,500,4,0.8,80826,normal,0,250,5,2,2
1251,1,1,1,500,9,0.8,81314,normal,0,250,5,3,3
1252,1,1,1,500,16,0.8,82103,normal,0,250,5,4,4
1253,1,1,1,500,25,0.8,64534,normal,0,250,5,5,5
1254,1,1,1,500,36,0.8,87205,normal,0,250,5,6,6
1255,1,1,1,500,49,0.8,24203,normal,0,250,5,7,7
1256,1,1,1,500,64,0.8,64632,normal,0,250,5,8,8
1257,1,1,1,500,81,0.8,488,normal,0,250,5,9,9
1258,1,1,1,500,100,0.8,34829,normal,0,250,5,10,10
1259,1,1,1,500,4,0.9,88447,normal,0,250,5,2,2
1260,1,1,1,500,9,0.9,72233,normal,0,250,5,3,3
1261,1,1,1,500,16,0.9,31015,normal,0,250,5,4,4
1262,1,1,1,500,25,0.9,70400,normal,0,250,5,5,5
1263,1,1,1,500,36,0.9,59657,normal,0,250,5,6,6
1264,1,1,1,500,49,0.9,49382,normal,0,250,5,7,7
1265,1,1,1,500,64,0.9,27954,normal,0,250,5,8,8
1266,1,1,1,500,81,0.9,31236,normal,0,250,5,9,9
1267,1,1,1,500,100,0.9,83304,normal,0,250,5,10,10
1268,1,1,1,500,4,1,63280,normal,0,250,5,2,2
1269,1,1,1,500,9,1,71524,normal,0,250,5,3,3
1270,1,1,1,500,16,1,11888,normal,0,250,5,4,4
1271,1,1,1,500,25,1,32670,normal,0,250,5,5,5
1272,1,1,1,500,36,1,1705,normal,0,250,5,6,6
1273,1,1,1,500,49,1,39507,normal,0,250,5,7,7
1274,1,1,1,500,64,1,69840,normal,0,250,5,8,8
1275,1,1,1,500,81,1,17973,normal,0,250,5,9,9
1276,1,1,1,500,100,1,47381,normal,0,250,5,10,10
