experiment_id,instance,method,weekstart,horizon,tstep,driverfactor,rho-value,opt_gap,lambda,maxdriverhours,lambda2,varsettingiterations,strengthenredcosts,formulation,columnmemory,variablefixing_lb,variablefixing_ub,deletioniterationpct,deletionthreshold,cuttype,symmetrybreaking
1,4,basisip,2019-06-23,3,3,5.5,0,0.01,500,24,0.01,0,0,heterogeneous,1000,1,1,1,-1,6,0
2,4,basisip,2019-06-30,3,3,5.5,0,0.01,500,24,0.01,0,0,heterogeneous,1000,1,1,1,-1,6,0
3,4,basisip,2019-07-07,3,3,5.5,0,0.01,500,24,0.01,0,0,heterogeneous,1000,1,1,1,-1,6,0
4,4,basisip,2019-07-14,3,3,5.5,0,0.01,500,24,0.01,0,0,heterogeneous,1000,1,1,1,-1,6,0
5,4,basisip,2019-07-21,3,3,5.5,0,0.01,500,24,0.01,0,0,heterogeneous,1000,1,1,1,-1,6,0
6,4,basisip,2019-07-28,3,3,5.5,0,0.01,500,24,0.01,0,0,heterogeneous,1000,1,1,1,-1,6,0
7,4,basisip,2019-08-04,3,3,5.5,0,0.01,500,24,0.01,0,0,heterogeneous,1000,1,1,1,-1,6,0
8,4,basisip,2019-08-11,3,3,5.5,0,0.01,500,24,0.01,0,0,heterogeneous,1000,1,1,1,-1,6,0
9,4,basisip,2019-06-23,3,6,5.5,0,0.01,500,24,0.01,0,0,heterogeneous,1000,1,1,1,-1,6,0
10,4,basisip,2019-06-30,3,6,5.5,0,0.01,500,24,0.01,0,0,heterogeneous,1000,1,1,1,-1,6,0
11,4,basisip,2019-07-07,3,6,5.5,0,0.01,500,24,0.01,0,0,heterogeneous,1000,1,1,1,-1,6,0
12,4,basisip,2019-07-14,3,6,5.5,0,0.01,500,24,0.01,0,0,heterogeneous,1000,1,1,1,-1,6,0
13,4,basisip,2019-07-21,3,6,5.5,0,0.01,500,24,0.01,0,0,heterogeneous,1000,1,1,1,-1,6,0
14,4,basisip,2019-07-28,3,6,5.5,0,0.01,500,24,0.01,0,0,heterogeneous,1000,1,1,1,-1,6,0
15,4,basisip,2019-08-04,3,6,5.5,0,0.01,500,24,0.01,0,0,heterogeneous,1000,1,1,1,-1,6,0
16,4,basisip,2019-08-11,3,6,5.5,0,0.01,500,24,0.01,0,0,heterogeneous,1000,1,1,1,-1,6,0
17,4,basisip,2019-06-23,5,6,5.5,0,0.01,100,36,0.01,0,0,heterogeneous,1000,1,1,1,-1,6,0
18,4,basisip,2019-06-23,5,6,5.5,0,0.01,500,36,0.01,0,0,heterogeneous,1000,1,1,1,-1,6,0
19,4,basisip,2019-06-23,5,6,5.5,0,0.01,1000,36,0.01,0,0,heterogeneous,1000,1,1,1,-1,6,0
20,4,basisip,2019-06-30,5,6,5.5,0,0.01,100,36,0.01,0,0,heterogeneous,1000,1,1,1,-1,6,0
21,4,basisip,2019-06-30,5,6,5.5,0,0.01,500,36,0.01,0,0,heterogeneous,1000,1,1,1,-1,6,0
22,4,basisip,2019-06-30,5,6,5.5,0,0.01,1000,36,0.01,0,0,heterogeneous,1000,1,1,1,-1,6,0
23,4,basisip,2019-07-07,5,6,5.5,0,0.01,100,36,0.01,0,0,heterogeneous,1000,1,1,1,-1,6,0
24,4,basisip,2019-07-07,5,6,5.5,0,0.01,500,36,0.01,0,0,heterogeneous,1000,1,1,1,-1,6,0
25,4,basisip,2019-07-07,5,6,5.5,0,0.01,1000,36,0.01,0,0,heterogeneous,1000,1,1,1,-1,6,0
26,4,basisip,2019-07-14,5,6,5.5,0,0.01,100,36,0.01,0,0,heterogeneous,1000,1,1,1,-1,6,0
27,4,basisip,2019-07-14,5,6,5.5,0,0.01,500,36,0.01,0,0,heterogeneous,1000,1,1,1,-1,6,0
28,4,basisip,2019-07-14,5,6,5.5,0,0.01,1000,36,0.01,0,0,heterogeneous,1000,1,1,1,-1,6,0
29,4,basisip,2019-07-21,5,6,5.5,0,0.01,100,36,0.01,0,0,heterogeneous,1000,1,1,1,-1,6,0
30,4,basisip,2019-07-21,5,6,5.5,0,0.01,500,36,0.01,0,0,heterogeneous,1000,1,1,1,-1,6,0
31,4,basisip,2019-07-21,5,6,5.5,0,0.01,1000,36,0.01,0,0,heterogeneous,1000,1,1,1,-1,6,0
32,4,basisip,2019-07-28,5,6,5.5,0,0.01,100,36,0.01,0,0,heterogeneous,1000,1,1,1,-1,6,0
33,4,basisip,2019-07-28,5,6,5.5,0,0.01,500,36,0.01,0,0,heterogeneous,1000,1,1,1,-1,6,0
34,4,basisip,2019-07-28,5,6,5.5,0,0.01,1000,36,0.01,0,0,heterogeneous,1000,1,1,1,-1,6,0
35,4,basisip,2019-08-04,5,6,5.5,0,0.01,100,36,0.01,0,0,heterogeneous,1000,1,1,1,-1,6,0
36,4,basisip,2019-08-04,5,6,5.5,0,0.01,500,36,0.01,0,0,heterogeneous,1000,1,1,1,-1,6,0
37,4,basisip,2019-08-04,5,6,5.5,0,0.01,1000,36,0.01,0,0,heterogeneous,1000,1,1,1,-1,6,0
38,4,basisip,2019-08-11,5,6,5.5,0,0.01,100,36,0.01,0,0,heterogeneous,1000,1,1,1,-1,6,0
39,4,basisip,2019-08-11,5,6,5.5,0,0.01,500,36,0.01,0,0,heterogeneous,1000,1,1,1,-1,6,0
40,4,basisip,2019-08-11,5,6,5.5,0,0.01,1000,36,0.01,0,0,heterogeneous,1000,1,1,1,-1,6,0
41,4,cg,2019-06-23,3,3,5.5,0,0.01,500,24,0.01,0,0,heterogeneous,1000,1,1,1,-1,6,0
42,4,cg,2019-06-30,3,3,5.5,0,0.01,500,24,0.01,0,0,heterogeneous,1000,1,1,1,-1,6,0
43,4,cg,2019-07-07,3,3,5.5,0,0.01,500,24,0.01,0,0,heterogeneous,1000,1,1,1,-1,6,0
44,4,cg,2019-07-14,3,3,5.5,0,0.01,500,24,0.01,0,0,heterogeneous,1000,1,1,1,-1,6,0
45,4,cg,2019-07-21,3,3,5.5,0,0.01,500,24,0.01,0,0,heterogeneous,1000,1,1,1,-1,6,0
46,4,cg,2019-07-28,3,3,5.5,0,0.01,500,24,0.01,0,0,heterogeneous,1000,1,1,1,-1,6,0
47,4,cg,2019-08-04,3,3,5.5,0,0.01,500,24,0.01,0,0,heterogeneous,1000,1,1,1,-1,6,0
48,4,cg,2019-08-11,3,3,5.5,0,0.01,500,24,0.01,0,0,heterogeneous,1000,1,1,1,-1,6,0
49,4,cg,2019-06-23,3,6,5.5,0,0.01,500,24,0.01,0,0,heterogeneous,1000,1,1,1,-1,6,0
50,4,cg,2019-06-30,3,6,5.5,0,0.01,500,24,0.01,0,0,heterogeneous,1000,1,1,1,-1,6,0
51,4,cg,2019-07-07,3,6,5.5,0,0.01,500,24,0.01,0,0,heterogeneous,1000,1,1,1,-1,6,0
52,4,cg,2019-07-14,3,6,5.5,0,0.01,500,24,0.01,0,0,heterogeneous,1000,1,1,1,-1,6,0
53,4,cg,2019-07-21,3,6,5.5,0,0.01,500,24,0.01,0,0,heterogeneous,1000,1,1,1,-1,6,0
54,4,cg,2019-07-28,3,6,5.5,0,0.01,500,24,0.01,0,0,heterogeneous,1000,1,1,1,-1,6,0
55,4,cg,2019-08-04,3,6,5.5,0,0.01,500,24,0.01,0,0,heterogeneous,1000,1,1,1,-1,6,0
56,4,cg,2019-08-11,3,6,5.5,0,0.01,500,24,0.01,0,0,heterogeneous,1000,1,1,1,-1,6,0
57,4,cg,2019-06-23,5,6,5.5,0,0.01,100,36,0.01,0,0,heterogeneous,1000,1,1,1,-1,6,0
58,4,cg,2019-06-23,5,6,5.5,0,0.01,500,36,0.01,0,0,heterogeneous,1000,1,1,1,-1,6,0
59,4,cg,2019-06-23,5,6,5.5,0,0.01,1000,36,0.01,0,0,heterogeneous,1000,1,1,1,-1,6,0
60,4,cg,2019-06-30,5,6,5.5,0,0.01,100,36,0.01,0,0,heterogeneous,1000,1,1,1,-1,6,0
61,4,cg,2019-06-30,5,6,5.5,0,0.01,500,36,0.01,0,0,heterogeneous,1000,1,1,1,-1,6,0
62,4,cg,2019-06-30,5,6,5.5,0,0.01,1000,36,0.01,0,0,heterogeneous,1000,1,1,1,-1,6,0
63,4,cg,2019-07-07,5,6,5.5,0,0.01,100,36,0.01,0,0,heterogeneous,1000,1,1,1,-1,6,0
64,4,cg,2019-07-07,5,6,5.5,0,0.01,500,36,0.01,0,0,heterogeneous,1000,1,1,1,-1,6,0
65,4,cg,2019-07-07,5,6,5.5,0,0.01,1000,36,0.01,0,0,heterogeneous,1000,1,1,1,-1,6,0
66,4,cg,2019-07-14,5,6,5.5,0,0.01,100,36,0.01,0,0,heterogeneous,1000,1,1,1,-1,6,0
67,4,cg,2019-07-14,5,6,5.5,0,0.01,500,36,0.01,0,0,heterogeneous,1000,1,1,1,-1,6,0
68,4,cg,2019-07-14,5,6,5.5,0,0.01,1000,36,0.01,0,0,heterogeneous,1000,1,1,1,-1,6,0
69,4,cg,2019-07-21,5,6,5.5,0,0.01,100,36,0.01,0,0,heterogeneous,1000,1,1,1,-1,6,0
70,4,cg,2019-07-21,5,6,5.5,0,0.01,500,36,0.01,0,0,heterogeneous,1000,1,1,1,-1,6,0
71,4,cg,2019-07-21,5,6,5.5,0,0.01,1000,36,0.01,0,0,heterogeneous,1000,1,1,1,-1,6,0
72,4,cg,2019-07-28,5,6,5.5,0,0.01,100,36,0.01,0,0,heterogeneous,1000,1,1,1,-1,6,0
73,4,cg,2019-07-28,5,6,5.5,0,0.01,500,36,0.01,0,0,heterogeneous,1000,1,1,1,-1,6,0
74,4,cg,2019-07-28,5,6,5.5,0,0.01,1000,36,0.01,0,0,heterogeneous,1000,1,1,1,-1,6,0
75,4,cg,2019-08-04,5,6,5.5,0,0.01,100,36,0.01,0,0,heterogeneous,1000,1,1,1,-1,6,0
76,4,cg,2019-08-04,5,6,5.5,0,0.01,500,36,0.01,0,0,heterogeneous,1000,1,1,1,-1,6,0
77,4,cg,2019-08-04,5,6,5.5,0,0.01,1000,36,0.01,0,0,heterogeneous,1000,1,1,1,-1,6,0
78,4,cg,2019-08-11,5,6,5.5,0,0.01,100,36,0.01,0,0,heterogeneous,1000,1,1,1,-1,6,0
79,4,cg,2019-08-11,5,6,5.5,0,0.01,500,36,0.01,0,0,heterogeneous,1000,1,1,1,-1,6,0
80,4,cg,2019-08-11,5,6,5.5,0,0.01,1000,36,0.01,0,0,heterogeneous,1000,1,1,1,-1,6,0
81,4,ip,2019-06-23,5,6,5.5,0,0.01,100,36,0.01,0,0,heterogeneous,1000,1,1,1,-1,6,0
82,4,ip,2019-06-23,5,6,5.5,0,0.01,1000,36,0.01,0,0,heterogeneous,1000,1,1,1,-1,6,0
83,4,ip,2019-06-30,5,6,5.5,0,0.01,100,36,0.01,0,0,heterogeneous,1000,1,1,1,-1,6,0
84,4,ip,2019-06-30,5,6,5.5,0,0.01,1000,36,0.01,0,0,heterogeneous,1000,1,1,1,-1,6,0
85,4,ip,2019-07-07,5,6,5.5,0,0.01,100,36,0.01,0,0,heterogeneous,1000,1,1,1,-1,6,0
86,4,ip,2019-07-07,5,6,5.5,0,0.01,1000,36,0.01,0,0,heterogeneous,1000,1,1,1,-1,6,0
87,4,ip,2019-07-14,5,6,5.5,0,0.01,100,36,0.01,0,0,heterogeneous,1000,1,1,1,-1,6,0
88,4,ip,2019-07-14,5,6,5.5,0,0.01,1000,36,0.01,0,0,heterogeneous,1000,1,1,1,-1,6,0
89,4,ip,2019-07-21,5,6,5.5,0,0.01,100,36,0.01,0,0,heterogeneous,1000,1,1,1,-1,6,0
90,4,ip,2019-07-21,5,6,5.5,0,0.01,1000,36,0.01,0,0,heterogeneous,1000,1,1,1,-1,6,0
91,4,ip,2019-07-28,5,6,5.5,0,0.01,100,36,0.01,0,0,heterogeneous,1000,1,1,1,-1,6,0
92,4,ip,2019-07-28,5,6,5.5,0,0.01,1000,36,0.01,0,0,heterogeneous,1000,1,1,1,-1,6,0
93,4,ip,2019-08-04,5,6,5.5,0,0.01,100,36,0.01,0,0,heterogeneous,1000,1,1,1,-1,6,0
94,4,ip,2019-08-04,5,6,5.5,0,0.01,1000,36,0.01,0,0,heterogeneous,1000,1,1,1,-1,6,0
95,4,ip,2019-08-11,5,6,5.5,0,0.01,100,36,0.01,0,0,heterogeneous,1000,1,1,1,-1,6,0
96,4,ip,2019-08-11,5,6,5.5,0,0.01,1000,36,0.01,0,0,heterogeneous,1000,1,1,1,-1,6,0
97,4,sag,2019-06-23,3,3,5.5,0,0.01,500,24,0.01,0,0,heterogeneous,1000,1,1,1,-1,6,0
98,4,sag,2019-06-30,3,3,5.5,0,0.01,500,24,0.01,0,0,heterogeneous,1000,1,1,1,-1,6,0
99,4,sag,2019-07-07,3,3,5.5,0,0.01,500,24,0.01,0,0,heterogeneous,1000,1,1,1,-1,6,0
100,4,sag,2019-07-14,3,3,5.5,0,0.01,500,24,0.01,0,0,heterogeneous,1000,1,1,1,-1,6,0
101,4,sag,2019-07-21,3,3,5.5,0,0.01,500,24,0.01,0,0,heterogeneous,1000,1,1,1,-1,6,0
102,4,sag,2019-07-28,3,3,5.5,0,0.01,500,24,0.01,0,0,heterogeneous,1000,1,1,1,-1,6,0
103,4,sag,2019-08-04,3,3,5.5,0,0.01,500,24,0.01,0,0,heterogeneous,1000,1,1,1,-1,6,0
104,4,sag,2019-08-11,3,3,5.5,0,0.01,500,24,0.01,0,0,heterogeneous,1000,1,1,1,-1,6,0
105,4,sag,2019-06-23,3,6,5.5,0,0.01,500,24,0.01,0,0,heterogeneous,1000,1,1,1,-1,6,0
106,4,sag,2019-06-30,3,6,5.5,0,0.01,500,24,0.01,0,0,heterogeneous,1000,1,1,1,-1,6,0
107,4,sag,2019-07-07,3,6,5.5,0,0.01,500,24,0.01,0,0,heterogeneous,1000,1,1,1,-1,6,0
108,4,sag,2019-07-14,3,6,5.5,0,0.01,500,24,0.01,0,0,heterogeneous,1000,1,1,1,-1,6,0
109,4,sag,2019-07-21,3,6,5.5,0,0.01,500,24,0.01,0,0,heterogeneous,1000,1,1,1,-1,6,0
110,4,sag,2019-07-28,3,6,5.5,0,0.01,500,24,0.01,0,0,heterogeneous,1000,1,1,1,-1,6,0
111,4,sag,2019-08-04,3,6,5.5,0,0.01,500,24,0.01,0,0,heterogeneous,1000,1,1,1,-1,6,0
112,4,sag,2019-08-11,3,6,5.5,0,0.01,500,24,0.01,0,0,heterogeneous,1000,1,1,1,-1,6,0
113,4,sag,2019-06-23,5,6,5.5,0,0.01,100,36,0.01,0,0,heterogeneous,1000,1,1,1,-1,6,0
114,4,sag,2019-06-23,5,6,5.5,0,0.01,500,36,0.01,0,0,heterogeneous,1000,1,1,1,-1,6,0
115,4,sag,2019-06-23,5,6,5.5,0,0.01,1000,36,0.01,0,0,heterogeneous,1000,1,1,1,-1,6,0
116,4,sag,2019-06-30,5,6,5.5,0,0.01,100,36,0.01,0,0,heterogeneous,1000,1,1,1,-1,6,0
117,4,sag,2019-06-30,5,6,5.5,0,0.01,500,36,0.01,0,0,heterogeneous,1000,1,1,1,-1,6,0
118,4,sag,2019-06-30,5,6,5.5,0,0.01,1000,36,0.01,0,0,heterogeneous,1000,1,1,1,-1,6,0
119,4,sag,2019-07-07,5,6,5.5,0,0.01,100,36,0.01,0,0,heterogeneous,1000,1,1,1,-1,6,0
120,4,sag,2019-07-07,5,6,5.5,0,0.01,500,36,0.01,0,0,heterogeneous,1000,1,1,1,-1,6,0
121,4,sag,2019-07-07,5,6,5.5,0,0.01,1000,36,0.01,0,0,heterogeneous,1000,1,1,1,-1,6,0
122,4,sag,2019-07-14,5,6,5.5,0,0.01,100,36,0.01,0,0,heterogeneous,1000,1,1,1,-1,6,0
123,4,sag,2019-07-14,5,6,5.5,0,0.01,500,36,0.01,0,0,heterogeneous,1000,1,1,1,-1,6,0
124,4,sag,2019-07-14,5,6,5.5,0,0.01,1000,36,0.01,0,0,heterogeneous,1000,1,1,1,-1,6,0
125,4,sag,2019-07-21,5,6,5.5,0,0.01,100,36,0.01,0,0,heterogeneous,1000,1,1,1,-1,6,0
126,4,sag,2019-07-21,5,6,5.5,0,0.01,500,36,0.01,0,0,heterogeneous,1000,1,1,1,-1,6,0
127,4,sag,2019-07-21,5,6,5.5,0,0.01,1000,36,0.01,0,0,heterogeneous,1000,1,1,1,-1,6,0
128,4,sag,2019-07-28,5,6,5.5,0,0.01,100,36,0.01,0,0,heterogeneous,1000,1,1,1,-1,6,0
129,4,sag,2019-07-28,5,6,5.5,0,0.01,500,36,0.01,0,0,heterogeneous,1000,1,1,1,-1,6,0
130,4,sag,2019-07-28,5,6,5.5,0,0.01,1000,36,0.01,0,0,heterogeneous,1000,1,1,1,-1,6,0
131,4,sag,2019-08-04,5,6,5.5,0,0.01,100,36,0.01,0,0,heterogeneous,1000,1,1,1,-1,6,0
132,4,sag,2019-08-04,5,6,5.5,0,0.01,500,36,0.01,0,0,heterogeneous,1000,1,1,1,-1,6,0
133,4,sag,2019-08-04,5,6,5.5,0,0.01,1000,36,0.01,0,0,heterogeneous,1000,1,1,1,-1,6,0
134,4,sag,2019-08-11,5,6,5.5,0,0.01,100,36,0.01,0,0,heterogeneous,1000,1,1,1,-1,6,0
135,4,sag,2019-08-11,5,6,5.5,0,0.01,500,36,0.01,0,0,heterogeneous,1000,1,1,1,-1,6,0
136,4,sag,2019-08-11,5,6,5.5,0,0.01,1000,36,0.01,0,0,heterogeneous,1000,1,1,1,-1,6,0
137,4,mag,2019-06-23,3,3,5.5,0,0.01,500,24,0.01,0,0,heterogeneous,1000,1,1,1,-1,6,0
138,4,mag,2019-06-30,3,3,5.5,0,0.01,500,24,0.01,0,0,heterogeneous,1000,1,1,1,-1,6,0
139,4,mag,2019-07-07,3,3,5.5,0,0.01,500,24,0.01,0,0,heterogeneous,1000,1,1,1,-1,6,0
140,4,mag,2019-07-14,3,3,5.5,0,0.01,500,24,0.01,0,0,heterogeneous,1000,1,1,1,-1,6,0
141,4,mag,2019-07-21,3,3,5.5,0,0.01,500,24,0.01,0,0,heterogeneous,1000,1,1,1,-1,6,0
142,4,mag,2019-07-28,3,3,5.5,0,0.01,500,24,0.01,0,0,heterogeneous,1000,1,1,1,-1,6,0
143,4,mag,2019-08-04,3,3,5.5,0,0.01,500,24,0.01,0,0,heterogeneous,1000,1,1,1,-1,6,0
144,4,mag,2019-08-11,3,3,5.5,0,0.01,500,24,0.01,0,0,heterogeneous,1000,1,1,1,-1,6,0
145,4,mag,2019-06-23,3,6,5.5,0,0.01,500,24,0.01,0,0,heterogeneous,1000,1,1,1,-1,6,0
146,4,mag,2019-06-30,3,6,5.5,0,0.01,500,24,0.01,0,0,heterogeneous,1000,1,1,1,-1,6,0
147,4,mag,2019-07-07,3,6,5.5,0,0.01,500,24,0.01,0,0,heterogeneous,1000,1,1,1,-1,6,0
148,4,mag,2019-07-14,3,6,5.5,0,0.01,500,24,0.01,0,0,heterogeneous,1000,1,1,1,-1,6,0
149,4,mag,2019-07-21,3,6,5.5,0,0.01,500,24,0.01,0,0,heterogeneous,1000,1,1,1,-1,6,0
150,4,mag,2019-07-28,3,6,5.5,0,0.01,500,24,0.01,0,0,heterogeneous,1000,1,1,1,-1,6,0
151,4,mag,2019-08-04,3,6,5.5,0,0.01,500,24,0.01,0,0,heterogeneous,1000,1,1,1,-1,6,0
152,4,mag,2019-08-11,3,6,5.5,0,0.01,500,24,0.01,0,0,heterogeneous,1000,1,1,1,-1,6,0
153,4,mag,2019-06-23,5,6,5.5,0,0.01,100,36,0.01,0,0,heterogeneous,1000,1,1,1,-1,6,0
154,4,mag,2019-06-23,5,6,5.5,0,0.01,500,36,0.01,0,0,heterogeneous,1000,1,1,1,-1,6,0
155,4,mag,2019-06-23,5,6,5.5,0,0.01,1000,36,0.01,0,0,heterogeneous,1000,1,1,1,-1,6,0
156,4,mag,2019-06-30,5,6,5.5,0,0.01,100,36,0.01,0,0,heterogeneous,1000,1,1,1,-1,6,0
157,4,mag,2019-06-30,5,6,5.5,0,0.01,500,36,0.01,0,0,heterogeneous,1000,1,1,1,-1,6,0
158,4,mag,2019-06-30,5,6,5.5,0,0.01,1000,36,0.01,0,0,heterogeneous,1000,1,1,1,-1,6,0
159,4,mag,2019-07-07,5,6,5.5,0,0.01,100,36,0.01,0,0,heterogeneous,1000,1,1,1,-1,6,0
160,4,mag,2019-07-07,5,6,5.5,0,0.01,500,36,0.01,0,0,heterogeneous,1000,1,1,1,-1,6,0
161,4,mag,2019-07-07,5,6,5.5,0,0.01,1000,36,0.01,0,0,heterogeneous,1000,1,1,1,-1,6,0
162,4,mag,2019-07-14,5,6,5.5,0,0.01,100,36,0.01,0,0,heterogeneous,1000,1,1,1,-1,6,0
163,4,mag,2019-07-14,5,6,5.5,0,0.01,500,36,0.01,0,0,heterogeneous,1000,1,1,1,-1,6,0
164,4,mag,2019-07-14,5,6,5.5,0,0.01,1000,36,0.01,0,0,heterogeneous,1000,1,1,1,-1,6,0
165,4,mag,2019-07-21,5,6,5.5,0,0.01,100,36,0.01,0,0,heterogeneous,1000,1,1,1,-1,6,0
166,4,mag,2019-07-21,5,6,5.5,0,0.01,500,36,0.01,0,0,heterogeneous,1000,1,1,1,-1,6,0
167,4,mag,2019-07-21,5,6,5.5,0,0.01,1000,36,0.01,0,0,heterogeneous,1000,1,1,1,-1,6,0
168,4,mag,2019-07-28,5,6,5.5,0,0.01,100,36,0.01,0,0,heterogeneous,1000,1,1,1,-1,6,0
169,4,mag,2019-07-28,5,6,5.5,0,0.01,500,36,0.01,0,0,heterogeneous,1000,1,1,1,-1,6,0
170,4,mag,2019-07-28,5,6,5.5,0,0.01,1000,36,0.01,0,0,heterogeneous,1000,1,1,1,-1,6,0
171,4,mag,2019-08-04,5,6,5.5,0,0.01,100,36,0.01,0,0,heterogeneous,1000,1,1,1,-1,6,0
172,4,mag,2019-08-04,5,6,5.5,0,0.01,500,36,0.01,0,0,heterogeneous,1000,1,1,1,-1,6,0
173,4,mag,2019-08-04,5,6,5.5,0,0.01,1000,36,0.01,0,0,heterogeneous,1000,1,1,1,-1,6,0
174,4,mag,2019-08-11,5,6,5.5,0,0.01,100,36,0.01,0,0,heterogeneous,1000,1,1,1,-1,6,0
175,4,mag,2019-08-11,5,6,5.5,0,0.01,500,36,0.01,0,0,heterogeneous,1000,1,1,1,-1,6,0
176,4,mag,2019-08-11,5,6,5.5,0,0.01,1000,36,0.01,0,0,heterogeneous,1000,1,1,1,-1,6,0
177,4,mag,2019-06-23,3,3,5.5,0,0.01,500,24,0.01,2,0,heterogeneous,1000,0.5,0.58,1,0.2,6,0
178,4,mag,2019-06-30,3,3,5.5,0,0.01,500,24,0.01,2,0,heterogeneous,1000,0.5,0.58,1,0.2,6,0
179,4,mag,2019-07-07,3,3,5.5,0,0.01,500,24,0.01,2,0,heterogeneous,1000,0.5,0.58,1,0.2,6,0
180,4,mag,2019-07-14,3,3,5.5,0,0.01,500,24,0.01,2,0,heterogeneous,1000,0.5,0.58,1,0.2,6,0
181,4,mag,2019-07-21,3,3,5.5,0,0.01,500,24,0.01,2,0,heterogeneous,1000,0.5,0.58,1,0.2,6,0
182,4,mag,2019-07-28,3,3,5.5,0,0.01,500,24,0.01,2,0,heterogeneous,1000,0.5,0.58,1,0.2,6,0
183,4,mag,2019-08-04,3,3,5.5,0,0.01,500,24,0.01,2,0,heterogeneous,1000,0.5,0.58,1,0.2,6,0
184,4,mag,2019-08-11,3,3,5.5,0,0.01,500,24,0.01,2,0,heterogeneous,1000,0.5,0.58,1,0.2,6,0
185,4,mag,2019-06-23,3,6,5.5,0,0.01,500,24,0.01,2,0,heterogeneous,1000,0.5,0.58,1,0.2,6,0
186,4,mag,2019-06-30,3,6,5.5,0,0.01,500,24,0.01,2,0,heterogeneous,1000,0.5,0.58,1,0.2,6,0
187,4,mag,2019-07-07,3,6,5.5,0,0.01,500,24,0.01,2,0,heterogeneous,1000,0.5,0.58,1,0.2,6,0
188,4,mag,2019-07-14,3,6,5.5,0,0.01,500,24,0.01,2,0,heterogeneous,1000,0.5,0.58,1,0.2,6,0
189,4,mag,2019-07-21,3,6,5.5,0,0.01,500,24,0.01,2,0,heterogeneous,1000,0.5,0.58,1,0.2,6,0
190,4,mag,2019-07-28,3,6,5.5,0,0.01,500,24,0.01,2,0,heterogeneous,1000,0.5,0.58,1,0.2,6,0
191,4,mag,2019-08-04,3,6,5.5,0,0.01,500,24,0.01,2,0,heterogeneous,1000,0.5,0.58,1,0.2,6,0
192,4,mag,2019-08-11,3,6,5.5,0,0.01,500,24,0.01,2,0,heterogeneous,1000,0.5,0.58,1,0.2,6,0
193,4,mag,2019-06-23,5,6,5.5,0,0.01,100,36,0.01,2,0,heterogeneous,1000,0.5,0.58,1,0.2,6,0
194,4,mag,2019-06-23,5,6,5.5,0,0.01,500,36,0.01,2,0,heterogeneous,1000,0.5,0.58,1,0.2,6,0
195,4,mag,2019-06-23,5,6,5.5,0,0.01,1000,36,0.01,2,0,heterogeneous,1000,0.5,0.58,1,0.2,6,0
196,4,mag,2019-06-30,5,6,5.5,0,0.01,100,36,0.01,2,0,heterogeneous,1000,0.5,0.58,1,0.2,6,0
197,4,mag,2019-06-30,5,6,5.5,0,0.01,500,36,0.01,2,0,heterogeneous,1000,0.5,0.58,1,0.2,6,0
198,4,mag,2019-06-30,5,6,5.5,0,0.01,1000,36,0.01,2,0,heterogeneous,1000,0.5,0.58,1,0.2,6,0
199,4,mag,2019-07-07,5,6,5.5,0,0.01,100,36,0.01,2,0,heterogeneous,1000,0.5,0.58,1,0.2,6,0
200,4,mag,2019-07-07,5,6,5.5,0,0.01,500,36,0.01,2,0,heterogeneous,1000,0.5,0.58,1,0.2,6,0
201,4,mag,2019-07-07,5,6,5.5,0,0.01,1000,36,0.01,2,0,heterogeneous,1000,0.5,0.58,1,0.2,6,0
202,4,mag,2019-07-14,5,6,5.5,0,0.01,100,36,0.01,2,0,heterogeneous,1000,0.5,0.58,1,0.2,6,0
203,4,mag,2019-07-14,5,6,5.5,0,0.01,500,36,0.01,2,0,heterogeneous,1000,0.5,0.58,1,0.2,6,0
204,4,mag,2019-07-14,5,6,5.5,0,0.01,1000,36,0.01,2,0,heterogeneous,1000,0.5,0.58,1,0.2,6,0
205,4,mag,2019-07-21,5,6,5.5,0,0.01,100,36,0.01,2,0,heterogeneous,1000,0.5,0.58,1,0.2,6,0
206,4,mag,2019-07-21,5,6,5.5,0,0.01,500,36,0.01,2,0,heterogeneous,1000,0.5,0.58,1,0.2,6,0
207,4,mag,2019-07-21,5,6,5.5,0,0.01,1000,36,0.01,2,0,heterogeneous,1000,0.5,0.58,1,0.2,6,0
208,4,mag,2019-07-28,5,6,5.5,0,0.01,100,36,0.01,2,0,heterogeneous,1000,0.5,0.58,1,0.2,6,0
209,4,mag,2019-07-28,5,6,5.5,0,0.01,500,36,0.01,2,0,heterogeneous,1000,0.5,0.58,1,0.2,6,0
210,4,mag,2019-07-28,5,6,5.5,0,0.01,1000,36,0.01,2,0,heterogeneous,1000,0.5,0.58,1,0.2,6,0
211,4,mag,2019-08-04,5,6,5.5,0,0.01,100,36,0.01,2,0,heterogeneous,1000,0.5,0.58,1,0.2,6,0
212,4,mag,2019-08-04,5,6,5.5,0,0.01,500,36,0.01,2,0,heterogeneous,1000,0.5,0.58,1,0.2,6,0
213,4,mag,2019-08-04,5,6,5.5,0,0.01,1000,36,0.01,2,0,heterogeneous,1000,0.5,0.58,1,0.2,6,0
214,4,mag,2019-08-11,5,6,5.5,0,0.01,100,36,0.01,2,0,heterogeneous,1000,0.5,0.58,1,0.2,6,0
215,4,mag,2019-08-11,5,6,5.5,0,0.01,500,36,0.01,2,0,heterogeneous,1000,0.5,0.58,1,0.2,6,0
216,4,mag,2019-08-11,5,6,5.5,0,0.01,1000,36,0.01,2,0,heterogeneous,1000,0.5,0.58,1,0.2,6,0
217,4,basisip,2019-06-23,3,6,6,0,0.01,500,24,0.01,0,0,heterogeneous,1000,1,1,1,-1,6,0
218,4,basisip,2019-06-30,3,6,6,0,0.01,500,24,0.01,0,0,heterogeneous,1000,1,1,1,-1,6,0
219,4,basisip,2019-07-07,3,6,6,0,0.01,500,24,0.01,0,0,heterogeneous,1000,1,1,1,-1,6,0
220,4,basisip,2019-07-14,3,6,6,0,0.01,500,24,0.01,0,0,heterogeneous,1000,1,1,1,-1,6,0
221,4,basisip,2019-07-21,3,6,6,0,0.01,500,24,0.01,0,0,heterogeneous,1000,1,1,1,-1,6,0
222,4,basisip,2019-07-28,3,6,6,0,0.01,500,24,0.01,0,0,heterogeneous,1000,1,1,1,-1,6,0
223,4,basisip,2019-08-04,3,6,6,0,0.01,500,24,0.01,0,0,heterogeneous,1000,1,1,1,-1,6,0
224,4,basisip,2019-08-11,3,6,6,0,0.01,500,24,0.01,0,0,heterogeneous,1000,1,1,1,-1,6,0
225,4,basisip,2019-06-23,5,6,6,0,0.01,500,30,0.01,0,0,heterogeneous,1000,1,1,1,-1,6,0
226,4,basisip,2019-06-30,5,6,6,0,0.01,500,30,0.01,0,0,heterogeneous,1000,1,1,1,-1,6,0
227,4,basisip,2019-07-07,5,6,6,0,0.01,500,30,0.01,0,0,heterogeneous,1000,1,1,1,-1,6,0
228,4,basisip,2019-07-14,5,6,6,0,0.01,500,30,0.01,0,0,heterogeneous,1000,1,1,1,-1,6,0
229,4,basisip,2019-07-21,5,6,6,0,0.01,500,30,0.01,0,0,heterogeneous,1000,1,1,1,-1,6,0
230,4,basisip,2019-07-28,5,6,6,0,0.01,500,30,0.01,0,0,heterogeneous,1000,1,1,1,-1,6,0
231,4,basisip,2019-08-04,5,6,6,0,0.01,500,30,0.01,0,0,heterogeneous,1000,1,1,1,-1,6,0
232,4,basisip,2019-08-11,5,6,6,0,0.01,500,30,0.01,0,0,heterogeneous,1000,1,1,1,-1,6,0
233,4,basisip,2019-06-23,3,6,6.2,0,0.01,500,24,0.01,0,0,heterogeneous,1000,1,1,1,-1,6,0
234,4,basisip,2019-06-30,3,6,6.2,0,0.01,500,24,0.01,0,0,heterogeneous,1000,1,1,1,-1,6,0
235,4,basisip,2019-07-07,3,6,6.2,0,0.01,500,24,0.01,0,0,heterogeneous,1000,1,1,1,-1,6,0
236,4,basisip,2019-07-14,3,6,6.2,0,0.01,500,24,0.01,0,0,heterogeneous,1000,1,1,1,-1,6,0
237,4,basisip,2019-07-21,3,6,6.2,0,0.01,500,24,0.01,0,0,heterogeneous,1000,1,1,1,-1,6,0
238,4,basisip,2019-07-28,3,6,6.2,0,0.01,500,24,0.01,0,0,heterogeneous,1000,1,1,1,-1,6,0
239,4,basisip,2019-08-04,3,6,6.2,0,0.01,500,24,0.01,0,0,heterogeneous,1000,1,1,1,-1,6,0
240,4,basisip,2019-08-11,3,6,6.2,0,0.01,500,24,0.01,0,0,heterogeneous,1000,1,1,1,-1,6,0
241,4,basisip,2019-06-23,5,6,6.2,0,0.01,500,30,0.01,0,0,heterogeneous,1000,1,1,1,-1,6,0
242,4,basisip,2019-06-30,5,6,6.2,0,0.01,500,30,0.01,0,0,heterogeneous,1000,1,1,1,-1,6,0
243,4,basisip,2019-07-07,5,6,6.2,0,0.01,500,30,0.01,0,0,heterogeneous,1000,1,1,1,-1,6,0
244,4,basisip,2019-07-14,5,6,6.2,0,0.01,500,30,0.01,0,0,heterogeneous,1000,1,1,1,-1,6,0
245,4,basisip,2019-07-21,5,6,6.2,0,0.01,500,30,0.01,0,0,heterogeneous,1000,1,1,1,-1,6,0
246,4,basisip,2019-07-28,5,6,6.2,0,0.01,500,30,0.01,0,0,heterogeneous,1000,1,1,1,-1,6,0
247,4,basisip,2019-08-04,5,6,6.2,0,0.01,500,30,0.01,0,0,heterogeneous,1000,1,1,1,-1,6,0
248,4,basisip,2019-08-11,5,6,6.2,0,0.01,500,30,0.01,0,0,heterogeneous,1000,1,1,1,-1,6,0
249,2,basisip,2019-06-23,5,6,1.7,0,0.01,500,36,0.01,0,0,heterogeneous,1000,1,1,1,-1,6,0
250,2,basisip,2019-06-30,5,6,1.7,0,0.01,500,36,0.01,0,0,heterogeneous,1000,1,1,1,-1,6,0
251,2,basisip,2019-07-07,5,6,1.7,0,0.01,500,36,0.01,0,0,heterogeneous,1000,1,1,1,-1,6,0
252,2,basisip,2019-07-14,5,6,1.7,0,0.01,500,36,0.01,0,0,heterogeneous,1000,1,1,1,-1,6,0
253,2,basisip,2019-07-21,5,6,1.7,0,0.01,500,36,0.01,0,0,heterogeneous,1000,1,1,1,-1,6,0
254,2,basisip,2019-07-28,5,6,1.7,0,0.01,500,36,0.01,0,0,heterogeneous,1000,1,1,1,-1,6,0
255,2,basisip,2019-08-04,5,6,1.7,0,0.01,500,36,0.01,0,0,heterogeneous,1000,1,1,1,-1,6,0
256,2,basisip,2019-08-11,5,6,1.7,0,0.01,500,36,0.01,0,0,heterogeneous,1000,1,1,1,-1,6,0
257,3,basisip,2019-06-23,5,6,2.8,0,0.01,500,36,0.01,0,0,heterogeneous,1000,1,1,1,-1,6,0
258,3,basisip,2019-06-30,5,6,3.2,0,0.01,500,36,0.01,0,0,heterogeneous,1000,1,1,1,-1,6,0
259,3,basisip,2019-07-07,5,6,2.8,0,0.01,500,36,0.01,0,0,heterogeneous,1000,1,1,1,-1,6,0
260,3,basisip,2019-07-14,5,6,2.8,0,0.01,500,36,0.01,0,0,heterogeneous,1000,1,1,1,-1,6,0
261,3,basisip,2019-07-21,5,6,2.8,0,0.01,500,36,0.01,0,0,heterogeneous,1000,1,1,1,-1,6,0
262,3,basisip,2019-07-28,5,6,3.2,0,0.01,500,36,0.01,0,0,heterogeneous,1000,1,1,1,-1,6,0
263,3,basisip,2019-08-04,5,6,2.8,0,0.01,500,36,0.01,0,0,heterogeneous,1000,1,1,1,-1,6,0
264,3,basisip,2019-08-11,5,6,2.8,0,0.01,500,36,0.01,0,0,heterogeneous,1000,1,1,1,-1,6,0
265,2,basisip,2019-06-23,5,6,2.5,0,0.01,500,36,0.01,0,0,heterogeneous,1000,1,1,1,-1,6,0
266,2,basisip,2019-06-30,5,6,2.5,0,0.01,500,36,0.01,0,0,heterogeneous,1000,1,1,1,-1,6,0
267,2,basisip,2019-07-07,5,6,2.5,0,0.01,500,36,0.01,0,0,heterogeneous,1000,1,1,1,-1,6,0
268,2,basisip,2019-07-14,5,6,2.5,0,0.01,500,36,0.01,0,0,heterogeneous,1000,1,1,1,-1,6,0
269,2,basisip,2019-07-21,5,6,2.5,0,0.01,500,36,0.01,0,0,heterogeneous,1000,1,1,1,-1,6,0
270,2,basisip,2019-07-28,5,6,2.5,0,0.01,500,36,0.01,0,0,heterogeneous,1000,1,1,1,-1,6,0
271,2,basisip,2019-08-04,5,6,2.5,0,0.01,500,36,0.01,0,0,heterogeneous,1000,1,1,1,-1,6,0
272,2,basisip,2019-08-11,5,6,2.5,0,0.01,500,36,0.01,0,0,heterogeneous,1000,1,1,1,-1,6,0
273,4,mag,2019-06-23,5,6,6,0,0.01,500,30,0.01,3,0,heterogeneous,1000,1,1,1,0.4,6,0
274,4,mag,2019-06-30,5,6,6,0,0.01,500,30,0.01,3,0,heterogeneous,1000,1,1,1,0.4,6,0
275,4,mag,2019-07-07,5,6,6,0,0.01,500,30,0.01,3,0,heterogeneous,1000,1,1,1,0.4,6,0
276,4,mag,2019-07-14,5,6,6,0,0.01,500,30,0.01,3,0,heterogeneous,1000,1,1,1,0.4,6,0
277,4,mag,2019-06-23,5,6,6,0,0.01,500,30,0.01,3,0,heterogeneous,1000,0.5,0.58,1,0.4,6,0
278,4,mag,2019-06-30,5,6,6,0,0.01,500,30,0.01,3,0,heterogeneous,1000,0.5,0.58,1,0.4,6,0
279,4,mag,2019-07-07,5,6,6,0,0.01,500,30,0.01,3,0,heterogeneous,1000,0.5,0.58,1,0.4,6,0
280,4,mag,2019-07-14,5,6,6,0,0.01,500,30,0.01,3,0,heterogeneous,1000,0.5,0.58,1,0.4,6,0
281,4,basisip,2019-06-23,5,6,5.7,0,0.01,500,30,0.01,0,0,heterogeneous,1000,1,1,1,-1,6,0
282,4,basisip,2019-06-30,5,6,5.7,0,0.01,500,30,0.01,0,0,heterogeneous,1000,1,1,1,-1,6,0
283,4,basisip,2019-07-07,5,6,5.7,0,0.01,500,30,0.01,0,0,heterogeneous,1000,1,1,1,-1,6,0
284,4,basisip,2019-07-14,5,6,5.7,0,0.01,500,30,0.01,0,0,heterogeneous,1000,1,1,1,-1,6,0
285,4,basisip,2019-07-21,5,6,5.7,0,0.01,500,30,0.01,0,0,heterogeneous,1000,1,1,1,-1,6,0
286,4,basisip,2019-07-28,5,6,5.7,0,0.01,500,30,0.01,0,0,heterogeneous,1000,1,1,1,-1,6,0
287,4,basisip,2019-08-04,5,6,5.7,0,0.01,500,30,0.01,0,0,heterogeneous,1000,1,1,1,-1,6,0
288,4,basisip,2019-08-11,5,6,5.7,0,0.01,500,30,0.01,0,0,heterogeneous,1000,1,1,1,-1,6,0
289,4,mag,2019-06-23,5,6,5.7,0,0.01,500,30,0.01,3,0,heterogeneous,1000,0.5,0.58,1,0.4,6,0
290,4,mag,2019-06-30,5,6,5.7,0,0.01,500,30,0.01,3,0,heterogeneous,1000,0.5,0.58,1,0.4,6,0
291,4,mag,2019-07-07,5,6,5.7,0,0.01,500,30,0.01,3,0,heterogeneous,1000,0.5,0.58,1,0.4,6,0
292,4,mag,2019-07-14,5,6,5.7,0,0.01,500,30,0.01,3,0,heterogeneous,1000,0.5,0.58,1,0.4,6,0
293,4,mag,2019-07-21,5,6,5.7,0,0.01,500,30,0.01,3,0,heterogeneous,1000,0.5,0.58,1,0.4,6,0
294,4,mag,2019-07-28,5,6,5.7,0,0.01,500,30,0.01,3,0,heterogeneous,1000,0.5,0.58,1,0.4,6,0
295,4,mag,2019-08-04,5,6,5.7,0,0.01,500,30,0.01,3,0,heterogeneous,1000,0.5,0.58,1,0.4,6,0
296,4,mag,2019-08-11,5,6,5.7,0,0.01,500,30,0.01,3,0,heterogeneous,1000,0.5,0.58,1,0.4,6,0
297,1,basisip,2019-07-21,5,6,1.8,0,0.01,500,30,100,0,0,heterogeneous,1000,1,1,1,-1,6,0
298,1,mag,2019-07-21,5,6,1.8,0,0.01,500,30,100,3,0,heterogeneous,1000,0.5,0.58,1,0.4,6,0
299,1,ip,2019-07-21,5,6,1.8,0,0.01,500,30,100,0,0,heterogeneous,1000,1,1,1,-1,0,0
300,1,basisip,2019-07-21,5,6,1.8,0,0.01,500,30,0.01,0,0,heterogeneous,1000,1,1,1,-1,6,0
301,1,mag,2019-07-21,5,6,1.8,0,0.01,500,30,0.01,3,0,heterogeneous,1000,0.5,0.58,1,0.4,6,0
302,1,ip,2019-07-21,5,6,1.8,0,0.01,500,30,0.01,0,0,heterogeneous,1000,1,1,1,-1,0,0
303,1,basisip,2019-07-21,5,6,1.8,0,0.01,500,30,0.01,0,0,heterogeneous,1000,1,1,1,-1,6,0
304,1,mag,2019-07-21,5,6,1.8,0,0.01,500,30,0.01,3,0,heterogeneous,1000,0.5,0.58,1,0.4,6,0
305,1,ip,2019-07-21,5,6,1.8,0,0.01,500,30,0.01,0,0,heterogeneous,1000,1,1,1,-1,0,0
306,1,basisip,2019-07-21,5,6,1.8,0,0.01,500,30,100,0,0,heterogeneous,1000,1,1,1,-1,6,0
307,1,mag,2019-07-21,5,6,1.8,0,0.01,500,30,100,3,0,heterogeneous,1000,0.5,0.58,1,0.4,6,0
308,1,ip,2019-07-21,5,6,1.8,0,0.01,500,30,100,0,0,heterogeneous,1000,1,1,1,-1,0,0
309,1,basisip,2019-07-21,5,6,2.5,0,0.01,500,30,0.01,0,0,heterogeneous,1000,1,1,1,-1,6,0
310,1,mag,2019-07-21,5,6,2.5,0,0.01,500,30,0.01,3,0,heterogeneous,1000,0.5,0.58,1,0.4,6,0
311,1,ip,2019-07-21,5,6,2.5,0,0.01,500,30,0.01,0,0,heterogeneous,1000,1,1,1,-1,0,0
312,1,basisip,2019-07-21,5,6,2.5,0,0.01,500,30,100,0,0,heterogeneous,1000,1,1,1,-1,6,0
313,1,mag,2019-07-21,5,6,2.5,0,0.01,500,30,100,3,0,heterogeneous,1000,0.5,0.58,1,0.4,6,0
314,1,ip,2019-07-21,5,6,2.5,0,0.01,500,30,100,0,0,heterogeneous,1000,1,1,1,-1,0,0
315,4,basisip,2019-06-23,5,6,7,0,0.01,500,30,0.01,0,0,heterogeneous,1000,1,1,1,-1,6,0
316,4,basisip,2019-06-30,5,6,7,0,0.01,500,30,0.01,0,0,heterogeneous,1000,1,1,1,-1,6,0
317,4,basisip,2019-07-07,5,6,7,0,0.01,500,30,0.01,0,0,heterogeneous,1000,1,1,1,-1,6,0
318,4,basisip,2019-07-14,5,6,7,0,0.01,500,30,0.01,0,0,heterogeneous,1000,1,1,1,-1,6,0
319,4,basisip,2019-07-21,5,6,7,0,0.01,500,30,0.01,0,0,heterogeneous,1000,1,1,1,-1,6,0
320,4,basisip,2019-07-28,5,6,7,0,0.01,500,30,0.01,0,0,heterogeneous,1000,1,1,1,-1,6,0
321,4,basisip,2019-08-04,5,6,7,0,0.01,500,30,0.01,0,0,heterogeneous,1000,1,1,1,-1,6,0
322,4,basisip,2019-08-11,5,6,7,0,0.01,500,30,0.01,0,0,heterogeneous,1000,1,1,1,-1,6,0
323,4,mag,2019-06-23,5,6,7,0,0.01,500,30,0.01,3,0,heterogeneous,1000,0.5,0.58,1,0.4,6,0
324,4,mag,2019-06-30,5,6,7,0,0.01,500,30,0.01,3,0,heterogeneous,1000,0.5,0.58,1,0.4,6,0
325,4,mag,2019-07-07,5,6,7,0,0.01,500,30,0.01,3,0,heterogeneous,1000,0.5,0.58,1,0.4,6,0
326,4,mag,2019-07-14,5,6,7,0,0.01,500,30,0.01,3,0,heterogeneous,1000,0.5,0.58,1,0.4,6,0
327,4,mag,2019-07-21,5,6,7,0,0.01,500,30,0.01,3,0,heterogeneous,1000,0.5,0.58,1,0.4,6,0
328,4,mag,2019-07-28,5,6,7,0,0.01,500,30,0.01,3,0,heterogeneous,1000,0.5,0.58,1,0.4,6,0
329,4,mag,2019-08-04,5,6,7,0,0.01,500,30,0.01,3,0,heterogeneous,1000,0.5,0.58,1,0.4,6,0
330,4,mag,2019-08-11,5,6,7,0,0.01,500,30,0.01,3,0,heterogeneous,1000,0.5,0.58,1,0.4,6,0
331,3,basisip,2019-06-23,5,6,3.8,0,0.01,500,36,0.01,0,0,heterogeneous,1000,1,1,1,-1,6,0
332,3,basisip,2019-06-30,5,6,3.8,0,0.01,500,36,0.01,0,0,heterogeneous,1000,1,1,1,-1,6,0
333,3,basisip,2019-07-07,5,6,3.8,0,0.01,500,36,0.01,0,0,heterogeneous,1000,1,1,1,-1,6,0
334,3,basisip,2019-07-14,5,6,3.8,0,0.01,500,36,0.01,0,0,heterogeneous,1000,1,1,1,-1,6,0
335,3,basisip,2019-07-21,5,6,3.8,0,0.01,500,36,0.01,0,0,heterogeneous,1000,1,1,1,-1,6,0
336,3,basisip,2019-07-28,5,6,3.8,0,0.01,500,36,0.01,0,0,heterogeneous,1000,1,1,1,-1,6,0
337,3,basisip,2019-08-04,5,6,3.8,0,0.01,500,36,0.01,0,0,heterogeneous,1000,1,1,1,-1,6,0
338,3,basisip,2019-08-11,5,6,3.8,0,0.01,500,36,0.01,0,0,heterogeneous,1000,1,1,1,-1,6,0
339,4,basisip,2019-06-23,5,6,5.5,0,0.01,500,30,0.01,0,0,heterogeneous,1000,1,1,1,-1,6,0
340,4,basisip,2019-06-30,5,6,5.5,0,0.01,500,30,0.01,0,0,heterogeneous,1000,1,1,1,-1,6,0
341,4,basisip,2019-07-07,5,6,5.5,0,0.01,500,30,0.01,0,0,heterogeneous,1000,1,1,1,-1,6,0
342,4,basisip,2019-07-14,5,6,5.5,0,0.01,500,30,0.01,0,0,heterogeneous,1000,1,1,1,-1,6,0
343,4,mag,2019-06-23,5,6,5.5,0,0.01,500,30,0.01,3,0,heterogeneous,1000,1,1,1,0.4,6,0
344,4,mag,2019-06-30,5,6,5.5,0,0.01,500,30,0.01,3,0,heterogeneous,1000,1,1,1,0.4,6,0
345,4,mag,2019-07-07,5,6,5.5,0,0.01,500,30,0.01,3,0,heterogeneous,1000,1,1,1,0.4,6,0
346,4,mag,2019-07-14,5,6,5.5,0,0.01,500,30,0.01,3,0,heterogeneous,1000,1,1,1,0.4,6,0
347,4,mag,2019-06-23,5,6,5.5,0,0.01,500,30,0.01,3,0,heterogeneous,1000,0.5,0.58,1,0.4,6,0
348,4,mag,2019-06-30,5,6,5.5,0,0.01,500,30,0.01,3,0,heterogeneous,1000,0.5,0.58,1,0.4,6,0
349,4,mag,2019-07-07,5,6,5.5,0,0.01,500,30,0.01,3,0,heterogeneous,1000,0.5,0.58,1,0.4,6,0
350,4,mag,2019-07-14,5,6,5.5,0,0.01,500,24,0.01,3,0,heterogeneous,1000,0.5,0.58,1,0.4,6,0
351,4,basisip,2019-06-23,3,6,5.5,0,0.01,500,24,0.01,0,0,heterogeneous,1000,1,1,1,-1,6,0
352,4,basisip,2019-06-30,3,6,5.5,0,0.01,500,24,0.01,0,0,heterogeneous,1000,1,1,1,-1,6,0
353,4,basisip,2019-07-07,3,6,5.5,0,0.01,500,24,0.01,0,0,heterogeneous,1000,1,1,1,-1,6,0
354,4,basisip,2019-07-14,3,6,5.5,0,0.01,500,24,0.01,0,0,heterogeneous,1000,1,1,1,-1,6,0
355,4,mag,2019-06-23,3,6,5.5,0,0.01,500,24,0.01,3,0,heterogeneous,1000,1,1,1,0.4,6,0
356,4,mag,2019-06-30,3,6,5.5,0,0.01,500,24,0.01,3,0,heterogeneous,1000,1,1,1,0.4,6,0
357,4,mag,2019-07-07,3,6,5.5,0,0.01,500,24,0.01,3,0,heterogeneous,1000,1,1,1,0.4,6,0
358,4,mag,2019-07-14,3,6,5.5,0,0.01,500,24,0.01,3,0,heterogeneous,1000,1,1,1,0.4,6,0
359,4,mag,2019-06-23,3,6,5.5,0,0.01,500,24,0.01,3,0,heterogeneous,1000,0.5,0.58,1,0.4,6,0
360,4,mag,2019-06-30,3,6,5.5,0,0.01,500,24,0.01,3,0,heterogeneous,1000,0.5,0.58,1,0.4,6,0
361,4,mag,2019-07-07,3,6,5.5,0,0.01,500,24,0.01,3,0,heterogeneous,1000,0.5,0.58,1,0.4,6,0
362,4,mag,2019-07-14,3,6,5.5,0,0.01,500,24,0.01,3,0,heterogeneous,1000,0.5,0.58,1,0.4,6,0
363,4,basisip,2019-06-23,3,6,8,0,0.01,500,24,0.01,0,0,heterogeneous,1000,1,1,1,-1,6,0
364,4,basisip,2019-06-30,3,6,8,0,0.01,500,24,0.01,0,0,heterogeneous,1000,1,1,1,-1,6,0
365,4,basisip,2019-07-07,3,6,8,0,0.01,500,24,0.01,0,0,heterogeneous,1000,1,1,1,-1,6,0
366,4,basisip,2019-07-14,3,6,8,0,0.01,500,24,0.01,0,0,heterogeneous,1000,1,1,1,-1,6,0
367,4,mag,2019-06-23,3,6,8,0,0.01,500,24,0.01,3,0,heterogeneous,1000,0.5,0.58,1,0.2,6,0
368,4,mag,2019-06-30,3,6,8,0,0.01,500,24,0.01,3,0,heterogeneous,1000,0.5,0.58,1,0.2,6,0
369,4,mag,2019-07-07,3,6,8,0,0.01,500,24,0.01,3,0,heterogeneous,1000,0.5,0.58,1,0.2,6,0
370,4,mag,2019-07-14,3,6,8,0,0.01,500,24,0.01,3,0,heterogeneous,1000,0.5,0.58,1,0.2,6,0
371,4,mag,2019-06-23,3,6,8,0,0.01,500,24,0.01,3,0,heterogeneous,1000,0.5,0.58,1,0.4,6,0
372,4,mag,2019-06-30,3,6,8,0,0.01,500,24,0.01,3,0,heterogeneous,1000,0.5,0.58,1,0.4,6,0
373,4,mag,2019-07-07,3,6,8,0,0.01,500,24,0.01,3,0,heterogeneous,1000,0.5,0.58,1,0.4,6,0
374,4,mag,2019-07-14,3,6,8,0,0.01,500,24,0.01,3,0,heterogeneous,1000,0.5,0.58,1,0.4,6,0
375,4,mag,2019-06-23,3,6,8,0,0.01,500,24,0.01,0,0,heterogeneous,1000,1,1,1,-1,6,0
376,4,mag,2019-06-30,3,6,8,0,0.01,500,24,0.01,0,0,heterogeneous,1000,1,1,1,-1,6,0
377,4,mag,2019-07-07,3,6,8,0,0.01,500,24,0.01,0,0,heterogeneous,1000,1,1,1,-1,6,0
378,4,mag,2019-07-14,3,6,8,0,0.01,500,24,0.01,0,0,heterogeneous,1000,1,1,1,-1,6,0
379,4,basisip,2019-07-21,3,6,8,0,0.01,500,24,0.01,0,0,heterogeneous,1000,1,1,1,-1,6,0
380,4,basisip,2019-07-28,3,6,8,0,0.01,500,24,0.01,0,0,heterogeneous,1000,1,1,1,-1,6,0
381,4,basisip,2019-08-04,3,6,8,0,0.01,500,24,0.01,0,0,heterogeneous,1000,1,1,1,-1,6,0
382,4,basisip,2019-08-11,3,6,8,0,0.01,500,24,0.01,0,0,heterogeneous,1000,1,1,1,-1,6,0
383,4,mag,2019-07-21,3,6,8,0,0.01,500,24,0.01,3,0,heterogeneous,1000,0.5,0.58,1,0.2,6,0
384,4,mag,2019-07-28,3,6,8,0,0.01,500,24,0.01,3,0,heterogeneous,1000,0.5,0.58,1,0.2,6,0
385,4,mag,2019-08-04,3,6,8,0,0.01,500,24,0.01,3,0,heterogeneous,1000,0.5,0.58,1,0.2,6,0
386,4,mag,2019-08-11,3,6,8,0,0.01,500,24,0.01,3,0,heterogeneous,1000,0.5,0.58,1,0.2,6,0
387,4,mag,2019-07-21,3,6,8,0,0.01,500,24,0.01,3,0,heterogeneous,1000,0.5,0.58,1,0.4,6,0
388,4,mag,2019-07-28,3,6,8,0,0.01,500,24,0.01,3,0,heterogeneous,1000,0.5,0.58,1,0.4,6,0
389,4,mag,2019-08-04,3,6,8,0,0.01,500,24,0.01,3,0,heterogeneous,1000,0.5,0.58,1,0.4,6,0
390,4,mag,2019-08-11,3,6,8,0,0.01,500,24,0.01,3,0,heterogeneous,1000,0.5,0.58,1,0.4,6,0
391,4,mag,2019-07-21,3,6,8,0,0.01,500,24,0.01,0,0,heterogeneous,1000,1,1,1,-1,6,0
392,4,mag,2019-07-28,3,6,8,0,0.01,500,24,0.01,0,0,heterogeneous,1000,1,1,1,-1,6,0
393,4,mag,2019-08-04,3,6,8,0,0.01,500,24,0.01,0,0,heterogeneous,1000,1,1,1,-1,6,0
394,4,mag,2019-08-11,3,6,8,0,0.01,500,24,0.01,0,0,heterogeneous,1000,1,1,1,-1,6,0
395,4,mag,2019-06-23,3,6,10,0,0.01,500,24,0.01,4,0,heterogeneous,1000,0.5,0.58,1,0.2,6,0
396,4,mag,2019-06-30,3,6,10,0,0.01,500,24,0.01,4,0,heterogeneous,1000,0.5,0.58,1,0.2,6,0
397,4,mag,2019-07-07,3,6,10,0,0.01,500,24,0.01,4,0,heterogeneous,1000,0.5,0.58,1,0.2,6,0
398,4,mag,2019-07-14,3,6,10,0,0.01,500,24,0.01,4,0,heterogeneous,1000,0.5,0.58,1,0.2,6,0
399,4,mag,2019-06-23,3,6,10,0,0.01,500,24,0.01,4,0,heterogeneous,1000,0.5,0.58,1,0.4,6,0
400,4,mag,2019-06-30,3,6,10,0,0.01,500,24,0.01,4,0,heterogeneous,1000,0.5,0.58,1,0.4,6,0
401,4,mag,2019-07-07,3,6,10,0,0.01,500,24,0.01,4,0,heterogeneous,1000,0.5,0.58,1,0.4,6,0
402,4,mag,2019-07-14,3,6,10,0,0.01,500,24,0.01,4,0,heterogeneous,1000,0.5,0.58,1,0.4,6,0
403,4,mag,2019-06-23,3,6,10,0,0.01,500,24,0.01,0,0,heterogeneous,1000,1,1,1,-1,6,0
404,4,mag,2019-06-30,3,6,10,0,0.01,500,24,0.01,0,0,heterogeneous,1000,1,1,1,-1,6,0
405,4,mag,2019-07-07,3,6,10,0,0.01,500,24,0.01,0,0,heterogeneous,1000,1,1,1,-1,6,0
406,4,mag,2019-07-14,3,6,10,0,0.01,500,24,0.01,0,0,heterogeneous,1000,1,1,1,-1,6,0
407,4,basisip,2019-07-21,3,6,10,0,0.01,500,24,0.01,0,0,heterogeneous,1000,1,1,1,-1,6,0
408,4,basisip,2019-07-28,3,6,10,0,0.01,500,24,0.01,0,0,heterogeneous,1000,1,1,1,-1,6,0
409,4,basisip,2019-08-04,3,6,10,0,0.01,500,24,0.01,0,0,heterogeneous,1000,1,1,1,-1,6,0
410,4,basisip,2019-08-11,3,6,10,0,0.01,500,24,0.01,0,0,heterogeneous,1000,1,1,1,-1,6,0
411,4,mag,2019-07-21,3,6,10,0,0.01,500,24,0.01,4,0,heterogeneous,1000,0.5,0.58,1,0.2,6,0
412,4,mag,2019-07-28,3,6,10,0,0.01,500,24,0.01,4,0,heterogeneous,1000,0.5,0.58,1,0.2,6,0
413,4,mag,2019-08-04,3,6,10,0,0.01,500,24,0.01,4,0,heterogeneous,1000,0.5,0.58,1,0.2,6,0
414,4,mag,2019-08-11,3,6,10,0,0.01,500,24,0.01,4,0,heterogeneous,1000,0.5,0.58,1,0.2,6,0
415,4,mag,2019-07-21,3,6,10,0,0.01,500,24,0.01,4,0,heterogeneous,1000,0.5,0.58,1,0.4,6,0
416,4,mag,2019-07-28,3,6,10,0,0.01,500,24,0.01,4,0,heterogeneous,1000,0.5,0.58,1,0.4,6,0
417,4,mag,2019-08-04,3,6,10,0,0.01,500,24,0.01,4,0,heterogeneous,1000,0.5,0.58,1,0.4,6,0
418,4,mag,2019-08-11,3,6,10,0,0.01,500,24,0.01,4,0,heterogeneous,1000,0.5,0.58,1,0.4,6,0
419,4,mag,2019-07-21,3,6,10,0,0.01,500,24,0.01,0,0,heterogeneous,1000,1,1,1,-1,6,0
420,4,mag,2019-07-28,3,6,10,0,0.01,500,24,0.01,0,0,heterogeneous,1000,1,1,1,-1,6,0
421,4,mag,2019-08-04,3,6,10,0,0.01,500,24,0.01,0,0,heterogeneous,1000,1,1,1,-1,6,0
422,4,mag,2019-08-11,3,6,10,0,0.01,500,24,0.01,0,0,heterogeneous,1000,1,1,1,-1,6,0
423,4,ip,2019-06-23,3,6,10,0,0.01,500,24,0.01,0,0,heterogeneous,1000,1,1,1,-1,6,0
424,4,ip,2019-06-30,3,6,10,0,0.01,500,24,0.01,0,0,heterogeneous,1000,1,1,1,-1,6,0
425,4,ip,2019-07-07,3,6,10,0,0.01,500,24,0.01,0,0,heterogeneous,1000,1,1,1,-1,6,0
426,4,ip,2019-07-14,3,6,10,0,0.01,500,24,0.01,0,0,heterogeneous,1000,1,1,1,-1,6,0
427,4,ip,2019-07-21,3,6,10,0,0.01,500,24,0.01,0,0,heterogeneous,1000,1,1,1,-1,6,0
428,4,ip,2019-07-28,3,6,10,0,0.01,500,24,0.01,0,0,heterogeneous,1000,1,1,1,-1,6,0
429,4,ip,2019-08-04,3,6,10,0,0.01,500,24,0.01,0,0,heterogeneous,1000,1,1,1,-1,6,0
430,4,ip,2019-08-11,3,6,10,0,0.01,500,24,0.01,0,0,heterogeneous,1000,1,1,1,-1,6,0
