orig_id,dest_id,hub_origin,hub_destination,original_traveltime,filtered_traveltime,syntheticsymmetricarc_flag,google maps time
1,31,ADBP1,HYDP1,30.0510232,30.0510232,0,5.92
1,32,ADBP1,HYDP2,6.438168333,6.438168333,0,5.28
1,41,ADBP1,KRNP1,13.97332324,13.97332324,0,8.32
1,46,ADBP1,NAGP1,6.289695964,5.76499377,0,4.27
1,50,ADBP1,NURP1,13.73118509,13.73118509,0,8.38
1,62,ADBP1,TPNP1,5.868704951,5.28421804,0,3.95
16,15,BLRP2,BLRP1,0.000555556,0.000555556,0,1.7
2,23,AGRP1,DELP1,9.501683025,7.719619166,0,3.42
2,24,AGRP1,DELP3,36.23945148,36.23945148,0,3.6
2,35,AGRP1,JAIP1,10.32550926,10.32550926,0,5.07
2,39,AGRP1,KNUP1,8.018003475,6.86057705,0,4.8
3,2,AGRP2,AGRP1,20.70656347,20.70656347,0,1.05
3,4,AGRP2,AMBP1,46.25954694,46.25954694,0,6.5
3,23,AGRP2,DELP1,8.819467443,4.781224966,0,3.22
64,55,VGAP1,SATP1,0.002777778,0.002777778,0,2.5
3,36,AGRP2,JHSP1,9.732161795,8.680437624,0,4.68
2,3,AGRP1,AGRP2,0.001805556,0.001805556,0,1.25
4,2,AMBP1,AGRP1,10.00760111,10.00760111,0,6.52
4,3,AMBP1,AGRP2,9.611532142,9.611532142,0,6.62
4,23,AMBP1,DELP1,8.294012251,6.749555884,0,4.2
4,35,AMBP1,JAIP1,15.50137845,15.50137845,0,7.73
4,51,AMBP1,PGHP1,11.2237925,11.2237925,0,7.78
4,61,AMBP1,SYNP1,12.53890073,10.48611722,0,7.32
5,10,AMDP1,BDQP1,4.345942724,4.114458254,0,1.87
5,33,AMDP1,IDRP1,12.7996087,12.12779746,0,7.45
5,38,AMDP1,KHRP1,6.668431945,5.932486986,0,3.9
5,59,AMDP1,STVP1,7.411121634,6.327419333,0,4.27
5,63,AMDP1,VAPP1,13.66731852,13.66731852,0,6.05
6,22,AUBP1,DBDP1,7.593813109,6.940666027,0,5.27
6,34,AUBP1,IXWP1,26.33343415,25.17704041,0,7.85
6,39,AUBP1,KNUP1,20.09466785,20.09466785,0,9.67
6,65,AUBP1,VNSP1,6.996875139,4.890789337,0,3.38
7,17,AWBP1,BOMP1,10.96939809,10.96939809,0,7.2
7,25,AWBP1,DHIP1,7.228457702,7.228457702,0,3.85
7,43,AWBP1,MLGP1,6.457735364,6.049728174,0,3.88
7,46,AWBP1,NAGP1,12.30582417,12.30582417,0,8.78
7,47,AWBP1,NDCP1,9.802629444,8.15627938,0,5.53
7,53,AWBP1,PNQP1,16.75143776,16.75143776,0,5.78
7,57,AWBP1,SSEP1,8.425634306,8.425634306,0,4.95
7,58,AWBP1,STRP1,14.08238815,14.08238815,0,7.2
7,59,AWBP1,STVP1,19.29192694,19.29192694,0,7.93
7,63,AWBP1,VAPP1,44.7221205,44.7221205,0,7.43
8,15,BAGP1,BLRP1,4.026543651,4.026543651,0,2.37
8,16,BAGP1,BLRP2,5.089065,5.089065,0,2.87
8,21,BAGP1,CTAP1,7.674605278,7.674605278,0,4.15
8,29,BAGP1,GTYP1,3.807177454,4.152956212,0,2.53
8,40,BAGP1,KRIP1,22.82742056,22.82742056,0,3.6
8,41,BAGP1,KRNP1,7.082303848,6.800324389,0,4.33
8,60,BAGP1,SXVP1,9.304661882,8.823131241,0,5.3
9,12,BAMP1,BHCP1,10.84690807,9.460181794,0,7.03
9,55,BAMP1,SATP1,24.16277917,24.16277917,0,12.45
9,56,BAMP1,SBPP1,24.78536644,24.78536644,0,7.87
9,64,BAMP1,VGAP1,19.61178454,19.61178454,0,12.95
9,66,BAMP1,VTZP1,10.22462713,9.777156177,0,6.3
10,5,BDQP1,AMDP1,3.030815001,3.030815001,0,1.82
10,25,BDQP1,DHIP1,11.95229667,11.95229667,0,6.98
10,33,BDQP1,IDRP1,10.04336035,10.14914187,0,6.4
10,38,BDQP1,KHRP1,7.081703759,6.440940933,0,4.58
10,59,BDQP1,STVP1,7.354192166,3.443703567,0,2.62
10,63,BDQP1,VAPP1,6.547552165,6.222808362,0,4.4
11,21,BGMP1,CTAP1,7.836579448,7.533510015,0,4.9
11,30,BGMP1,HBXP1,4.236655643,2.136382533,0,1.68
11,49,BGMP1,NPWP1,38.59049164,38.59049164,0,1.7
11,53,BGMP1,PNQP1,11.23528813,11.04091075,0,6.07
11,57,BGMP1,SSEP1,12.1694825,12.1694825,0,6.77
11,58,BGMP1,STRP1,6.202704394,5.777241231,0,4.08
12,9,BHCP1,BAMP1,11.56388806,9.70961287,0,6.67
12,19,BHCP1,CCUP1,10.55268413,7.945470778,0,5.95
12,34,BHCP1,IXWP1,8.121744841,7.922341026,0,5.23
12,37,BHCP1,KDJP1,8.148794762,8.148794762,0,3.42
12,56,BHCP1,SBPP1,16.5176634,14.82727757,0,9.03
13,23,BHLP1,DELP1,11.43618676,11.02906907,0,8.28
13,35,BHLP1,JAIP1,6.294280678,5.722140251,0,4.58
13,38,BHLP1,KHRP1,5.934346002,5.476895687,0,4.58
14,18,BKSP1,BPCP1,34.9450759,34.9450759,0,12.4
14,26,BKSP1,GAUP1,19.58881534,19.58881534,0,6
14,48,BKSP1,NJPP1,8.396078927,7.61360891,0,3.9
15,8,BLRP1,BAGP1,3.901048458,4.103749657,0,2.35
15,16,BLRP1,BLRP2,5.034361389,5.034361389,0,1.82
15,21,BLRP1,CTAP1,4.046341389,4.117803269,0,2.62
15,29,BLRP1,GTYP1,8.56993132,8.56993132,0,4.63
15,40,BLRP1,KRIP1,10.20327564,10.20327564,0,2.45
15,44,BLRP1,MULP1,6.483729667,6.483729667,0,2.9
15,60,BLRP1,SXVP1,7.361581389,7.361581389,0,4.12
16,8,BLRP2,BAGP1,5.821150341,4.47508671,0,2.88
31,32,HYDP1,HYDP2,0.544079913,0.002579365,0,1.2
16,21,BLRP2,CTAP1,7.154573186,6.705392634,0,4.3
16,27,BLRP2,GDRP1,12.5044975,12.5044975,0,6.62
16,29,BLRP2,GTYP1,8.167862342,8.068437771,0,5.17
16,40,BLRP2,KRIP1,1.912431722,1.912431722,0,1.07
16,44,BLRP2,MULP1,9.035426565,3.991886451,0,2.4
16,60,BLRP2,SXVP1,4.846508539,4.553562676,0,2.75
17,7,BOMP1,AWBP1,11.58821065,11.62853831,0,7.25
17,11,BOMP1,BGMP1,18.60927163,18.60927163,0,8.7
17,25,BOMP1,DHIP1,10.05721986,9.621779987,0,5.75
17,43,BOMP1,MLGP1,23.19951,23.19951,0,10.87
17,49,BOMP1,NPWP1,12.37457,12.37457,0,7.17
17,53,BOMP1,PNQP1,6.823556994,5.522167636,0,2.77
17,57,BOMP1,SSEP1,15.49707372,15.49707372,0,7.45
17,58,BOMP1,STRP1,9.760504312,9.163609909,0,4.93
17,59,BOMP1,STVP1,9.189677439,8.637178555,0,5.37
17,63,BOMP1,VAPP1,6.670150511,5.837185009,0,3.5
18,14,BPCP1,BKSP1,29.11685269,29.11685269,0,12.83
18,19,BPCP1,CCUP1,9.04301338,8.277081228,0,5.05
18,48,BPCP1,NJPP1,18.96518334,18.11810865,0,9
19,12,CCUP1,BHCP1,8.66679689,7.974811415,0,5.63
19,18,CCUP1,BPCP1,9.420705984,8.061681181,0,5
19,22,CCUP1,DBDP1,8.805400914,7.028054074,0,4.77
19,34,CCUP1,IXWP1,7.665816574,6.872102929,0,4.58
19,37,CCUP1,KDJP1,14.1427195,10.77323338,0,6.48
19,48,CCUP1,NJPP1,29.36488375,29.36488375,0,13.13
20,13,CORP1,BHLP1,1.653063473,1.653063473,0,1.35
20,23,CORP1,DELP1,16.36713267,16.36713267,0,9.42
20,33,CORP1,IDRP1,10.19737161,9.201458551,0,6.6
20,35,CORP1,JAIP1,7.477491534,7.04443728,0,5.78
20,38,CORP1,KHRP1,5.253485147,4.785632087,0,3.32
21,11,CTAP1,BGMP1,8.422023996,8.179661865,0,5.02
21,15,CTAP1,BLRP1,5.667838673,5.667838673,0,2.67
21,16,CTAP1,BLRP2,68.49446631,68.49446631,0,4.37
21,29,CTAP1,GTYP1,9.926109582,9.926109582,0,4.22
21,30,CTAP1,HBXP1,5.793686085,5.332584546,0,3.62
21,40,CTAP1,KRIP1,7.845488633,7.318511948,0,5
21,44,CTAP1,MULP1,7.991884028,7.991884028,0,5.45
21,49,CTAP1,NPWP1,8.877460834,8.877460834,0,6.32
21,53,CTAP1,PNQP1,23.101115,23.101115,0,10.7
21,57,CTAP1,SSEP1,17.45749548,17.15014306,0,8.35
21,58,CTAP1,STRP1,25.19515102,25.19515102,0,8.65
21,60,CTAP1,SXVP1,10.70197643,10.01845272,0,6.67
22,6,DBDP1,AUBP1,8.655070726,7.207493543,0,5.15
22,12,DBDP1,BHCP1,12.26666667,12.26666667,0,9.05
22,19,DBDP1,CCUP1,18.33585493,18.33585493,0,4.98
22,34,DBDP1,IXWP1,8.940510973,8.001313278,0,4.25
22,48,DBDP1,NJPP1,34.29257854,34.29257854,0,11.18
23,2,DELP1,AGRP1,5.410806693,5.357021349,0,3.28
23,3,DELP1,AGRP2,5.139066741,4.877031592,0,3
23,4,DELP1,AMBP1,7.965255998,6.706585751,0,4
23,13,DELP1,BHLP1,12.79733829,10.95853339,0,8.13
23,20,DELP1,CORP1,21.01838766,13.06221164,0,9.22
23,24,DELP1,DELP3,5.265111111,5.265111111,0,1.83
23,35,DELP1,JAIP1,6.336834765,5.466158129,0,3.73
23,61,DELP1,SYNP1,5.997614631,5.573272667,0,3.65
24,4,DELP3,AMBP1,4.342777778,4.342777778,0,3.48
47,32,NDCP1,HYDP2,0.0465275,0.0465275,0,5.57
24,61,DELP3,SYNP1,15.80335333,15.80335333,0,4.17
25,7,DHIP1,AWBP1,6.544668642,6.544668642,0,4.08
25,10,DHIP1,BDQP1,24.77053139,24.77053139,0,6.98
25,11,DHIP1,BGMP1,33.20752778,33.20752778,0,12.78
25,17,DHIP1,BOMP1,9.61013889,9.61013889,0,5.85
25,33,DHIP1,IDRP1,9.273348867,8.89976935,0,4.77
25,47,DHIP1,NDCP1,15.48,15.48,0,9.37
25,53,DHIP1,PNQP1,16.25026323,14.12361409,0,7.07
25,58,DHIP1,STRP1,26.37044167,23.24222035,0,9.05
25,59,DHIP1,STVP1,17.19824824,17.19824824,0,5.02
26,14,GAUP1,BKSP1,10.14283032,8.81786638,0,5.83
26,48,GAUP1,NJPP1,20.43578866,17.57798659,0,8.68
27,40,GDRP1,KRIP1,9.515706389,9.515706389,0,6.07
27,42,GDRP1,MAAP1,5.250697095,3.703748908,0,2.68
27,44,GDRP1,MULP1,7.584035904,7.710116202,0,4.33
27,52,GDRP1,PGRP1,7.506495434,7.093338847,0,4.9
27,64,GDRP1,VGAP1,8.022272757,7.612384841,0,5.07
27,66,GDRP1,VTZP1,68.26984361,68.26984361,0,11.95
28,39,GKPP1,KNUP1,11.37362084,10.01018321,0,6.67
28,45,GKPP1,MZUP1,7.937641523,7.456024282,0,4.85
29,1,GTYP1,ADBP1,14.83286764,14.83286764,0,10.1
29,8,GTYP1,BAGP1,5.082065635,5.082065635,0,2.65
29,16,GTYP1,BLRP2,19.06852125,19.06852125,0,5.25
29,21,GTYP1,CTAP1,8.6671925,8.6671925,0,4.32
29,31,GTYP1,HYDP1,9.13462963,9.13462963,0,4.55
29,41,GTYP1,KRNP1,2.544450104,2.605880337,0,1.83
29,62,GTYP1,TPNP1,10.1948837,9.25619282,0,6.33
30,11,HBXP1,BGMP1,3.592126888,3.592126888,0,1.73
30,21,HBXP1,CTAP1,5.561120999,5.073730041,0,3.57
30,41,HBXP1,KRNP1,13.98740528,13.98740528,0,9.05
30,49,HBXP1,NPWP1,4.683252254,3.979855625,0,3.05
30,57,HBXP1,SSEP1,22.73789799,22.73789799,0,7.02
30,58,HBXP1,STRP1,9.050518333,9.050518333,0,5.37
31,1,HYDP1,ADBP1,7.700640936,8.242946924,0,5.85
31,29,HYDP1,GTYP1,7.902881514,7.49482566,0,4.57
46,52,NAGP1,PGRP1,0.144722222,0.144722222,1,12.5
31,41,HYDP1,KRNP1,4.258394067,4.135852867,0,2.7
52,46,PGRP1,NAGP1,0.144722222,0.144722222,0,12.42
31,52,HYDP1,PGRP1,11.34493949,6.547344583,0,4.22
31,55,HYDP1,SATP1,9.373198105,9.186221462,0,5.93
31,57,HYDP1,SSEP1,11.61383105,9.617983038,0,5.7
31,62,HYDP1,TPNP1,2.417974606,0.578970722,0,2.08
31,64,HYDP1,VGAP1,8.058050185,8.058050185,0,5.03
32,1,HYDP2,ADBP1,9.11481232,7.616951193,0,5.15
32,29,HYDP2,GTYP1,16.41826296,16.41826296,0,5.4
32,31,HYDP2,HYDP1,32.76235373,19.83809514,0,1.13
32,41,HYDP2,KRNP1,8.719465501,8.719465501,0,3.53
32,47,HYDP2,NDCP1,6.353685238,6.353685238,0,5.47
32,52,HYDP2,PGRP1,7.524112621,7.077137577,0,4.58
32,55,HYDP2,SATP1,11.5093583,10.97056935,0,6.32
32,57,HYDP2,SSEP1,8.896681388,8.137530523,0,4.77
32,62,HYDP2,TPNP1,8.826564537,3.643151389,0,1.37
32,64,HYDP2,VGAP1,9.832933016,9.399953504,0,5.42
33,5,IDRP1,AMDP1,14.04031759,11.58987319,0,7.17
33,10,IDRP1,BDQP1,11.65162269,10.23975592,0,6.23
33,13,IDRP1,BHLP1,9.443832778,9.443832778,0,7.63
33,20,IDRP1,CORP1,10.8754259,9.824423945,0,6.52
33,25,IDRP1,DHIP1,10.27196216,9.20443652,0,4.7
33,36,IDRP1,JHSP1,14.05428507,13.05967522,0,7.97
33,43,IDRP1,MLGP1,18.62479447,18.62479447,0,9.1
33,46,IDRP1,NAGP1,17.51652526,17.33178681,0,9.33
33,47,IDRP1,NDCP1,20.67397066,19.79042,0,12.8
34,6,IXWP1,AUBP1,20.73572141,19.95782972,0,7.97
34,12,IXWP1,BHCP1,9.368056987,8.029947477,0,5
34,22,IXWP1,DBDP1,8.840219203,8.08753047,0,4.32
34,37,IXWP1,KDJP1,11.39855626,10.56721589,0,4.4
34,45,IXWP1,MZUP1,27.73461194,27.73461194,0,12.4
35,2,JAIP1,AGRP1,9.018922361,9.018922361,0,5.23
35,13,JAIP1,BHLP1,6.420088304,5.569791728,0,4.48
35,20,JAIP1,CORP1,7.206929667,6.98912993,0,5.58
35,23,JAIP1,DELP1,8.162584437,5.546278729,0,3.8
35,24,JAIP1,DELP3,65.11957687,65.11957687,0,5.5
36,2,JHSP1,AGRP1,15.62161491,15.62161491,0,4.95
36,3,JHSP1,AGRP2,9.976307008,9.162009769,0,5.03
36,33,JHSP1,IDRP1,16.05249761,14.87320462,0,7.65
36,39,JHSP1,KNUP1,8.814921169,7.190479209,0,4.93
36,50,JHSP1,NURP1,8.836332898,8.198913615,0,5.67
36,61,JHSP1,SYNP1,8.02009631,7.186124456,0,4.03
37,18,KDJP1,BPCP1,18.40002694,18.40002694,0,11.2
37,19,KDJP1,CCUP1,25.90846305,25.90846305,0,6.45
37,34,KDJP1,IXWP1,10.44630278,10.44630278,0,4.37
37,56,KDJP1,SBPP1,13.88301985,12.4517772,0,6.73
38,5,KHRP1,AMDP1,10.45744811,10.45744811,0,3.82
38,10,KHRP1,BDQP1,7.454807289,6.363327955,0,4.6
38,13,KHRP1,BHLP1,6.269917828,5.736752688,0,4.17
38,20,KHRP1,CORP1,4.759003274,4.698885321,0,3.27
38,63,KHRP1,VAPP1,12.25588201,11.80302991,0,8.82
39,2,KNUP1,AGRP1,8.301808524,7.467738413,0,4.87
39,6,KNUP1,AUBP1,29.54276211,29.27748203,0,9.23
39,28,KNUP1,GKPP1,11.40407849,10.50299284,0,6.82
39,36,KNUP1,JHSP1,8.490253184,7.113728792,0,4.72
39,51,KNUP1,PGHP1,14.27895346,13.21165365,0,7.83
39,65,KNUP1,VNSP1,14.15590102,11.92342339,0,6.2
40,15,KRIP1,BLRP1,3.774056944,3.774056944,0,2.3
40,16,KRIP1,BLRP2,2.014879861,2.014879861,0,1.07
40,21,KRIP1,CTAP1,8.534491475,8.148125074,0,4.92
40,30,KRIP1,HBXP1,11.94232708,11.94232708,0,8.3
40,42,KRIP1,MAAP1,5.966326667,5.966326667,0,4.25
40,60,KRIP1,SXVP1,2.187683389,2.187683389,0,1.83
41,1,KRNP1,ADBP1,13.4458116,13.155557,0,8.28
41,8,KRNP1,BAGP1,7.084863032,6.630303352,0,4.62
41,29,KRNP1,GTYP1,2.359573778,2.359573778,0,1.98
41,30,KRNP1,HBXP1,19.72187594,19.72187594,0,9.17
41,31,KRNP1,HYDP1,4.800924523,4.144170722,0,2.72
41,62,KRNP1,TPNP1,7.470956047,6.730095422,0,4.5
41,64,KRNP1,VGAP1,11.84111111,11.84111111,0,7.3
42,16,MAAP1,BLRP2,9.714279168,9.714279168,0,5.28
42,21,MAAP1,CTAP1,10.71324944,10.71324944,0,9.15
42,27,MAAP1,GDRP1,4.067681963,3.886008352,0,2.65
42,40,MAAP1,KRIP1,5.781226261,5.792768582,0,4.22
42,52,MAAP1,PGRP1,9.8534625,9.8534625,0,7.42
42,60,MAAP1,SXVP1,8.946404855,8.537859669,0,5.67
43,7,MLGP1,AWBP1,6.693826517,5.794532967,0,3.87
43,17,MLGP1,BOMP1,17.82532222,17.82532222,0,11.05
43,25,MLGP1,DHIP1,9.434176667,9.434176667,0,7.42
43,33,MLGP1,IDRP1,15.99481643,16.25679997,0,9.22
43,46,MLGP1,NAGP1,7.24213644,7.032079588,0,4.88
43,47,MLGP1,NDCP1,4.923608148,4.923608148,0,4.23
43,53,MLGP1,PNQP1,20.22801583,20.22801583,0,9.52
44,8,MULP1,BAGP1,5.273215833,5.273215833,0,2.87
44,15,MULP1,BLRP1,6.549100001,6.549100001,0,2.9
44,16,MULP1,BLRP2,26.06069347,26.06069347,0,2.45
44,21,MULP1,CTAP1,9.068318572,9.068318572,0,5.52
44,27,MULP1,GDRP1,6.994392479,6.570260496,0,4.33
44,29,MULP1,GTYP1,7.832734444,7.832734444,0,5.15
45,6,MZUP1,AUBP1,20.49691306,20.49691306,0,5.1
45,28,MZUP1,GKPP1,7.670133974,6.759575737,0,4.8
45,48,MZUP1,NJPP1,14.65607391,14.36712208,0,7.9
45,65,MZUP1,VNSP1,23.59832028,23.59832028,0,7.18
46,1,NAGP1,ADBP1,6.095337293,5.650121865,0,4.32
46,33,NAGP1,IDRP1,18.07268046,16.42320659,0,9.23
46,43,NAGP1,MLGP1,8.613616701,7.75369283,0,4.8
46,47,NAGP1,NDCP1,13.76540261,13.76540261,0,6.87
46,50,NAGP1,NURP1,7.884871635,7.16648103,0,5.17
46,54,NAGP1,RPRP1,9.263547417,8.620092145,0,6.22
46,65,NAGP1,VNSP1,39.97731148,36.6498701,0,14.4
47,7,NDCP1,AWBP1,7.539166288,7.268428778,0,5.58
47,31,NDCP1,HYDP1,17.59698931,17.59698931,0,6.62
31,47,HYDP1,NDCP1,4.929504445,4.929504445,0,6.4
47,33,NDCP1,IDRP1,21.7646755,20.2758468,0,12.93
47,43,NDCP1,MLGP1,5.37344108,5.211147402,0,4.25
47,46,NDCP1,NAGP1,13.73363167,13.73363167,0,6.82
47,57,NDCP1,SSEP1,13.36683194,13.36683194,0,5.48
47,62,NDCP1,TPNP1,7.042828411,6.562056459,0,4.78
48,14,NJPP1,BKSP1,10.05271006,8.999231486,0,3.95
48,18,NJPP1,BPCP1,19.94742915,18.74966073,0,8.62
48,19,NJPP1,CCUP1,31.20914111,31.20914111,0,13.17
48,26,NJPP1,GAUP1,22.39527361,20.32744919,0,9.08
48,45,NJPP1,MZUP1,17.15855736,15.05375678,0,7.68
49,11,NPWP1,BGMP1,2.220464653,2.220464653,0,1.65
49,21,NPWP1,CTAP1,8.7038975,8.7038975,0,6.25
49,30,NPWP1,HBXP1,4.863777182,4.539634892,0,3.02
49,53,NPWP1,PNQP1,9.10931985,8.322250167,0,4.48
49,57,NPWP1,SSEP1,12.47033821,11.70002823,0,5.73
49,58,NPWP1,STRP1,4.641470921,4.152508987,0,2.45
50,1,NURP1,ADBP1,13.53191459,13.53191459,0,8.45
50,36,NURP1,JHSP1,8.736231923,8.279942197,0,5.78
50,46,NURP1,NAGP1,7.877857842,6.949756591,0,5.35
50,54,NURP1,RPRP1,26.00261146,23.41331597,0,8.5
51,2,PGHP1,AGRP1,11.51726875,11.51726875,0,5.85
51,3,PGHP1,AGRP2,13.79328598,13.79328598,0,6.73
51,4,PGHP1,AMBP1,12.84607139,12.84607139,0,7.63
51,28,PGHP1,GKPP1,18.47220833,18.47220833,0,10.72
51,36,PGHP1,JHSP1,22.11055202,17.73066262,0,10.4
51,39,PGHP1,KNUP1,12.992505,11.10251669,0,7.8
51,61,PGHP1,SYNP1,14.65970546,13.75360299,0,6.85
52,1,PGRP1,ADBP1,14.40658722,14.40658722,0,8.55
52,27,PGRP1,GDRP1,7.830848862,7.311860141,0,4.72
52,32,PGRP1,HYDP2,7.339062577,7.1058375,0,4.78
24,23,DELP3,DELP1,1.380679361,1.380679361,0,1.75
52,62,PGRP1,TPNP1,8.502345835,7.808304348,0,4.75
52,64,PGRP1,VGAP1,3.058284722,3.058284722,0,2.03
53,7,PNQP1,AWBP1,10.8800795,10.8800795,0,5.68
53,10,PNQP1,BDQP1,18.69737139,18.69737139,0,9
53,11,PNQP1,BGMP1,11.12405181,10.23172685,0,6.1
53,17,PNQP1,BOMP1,9.991913764,4.686465224,0,2.7
53,25,PNQP1,DHIP1,13.50113323,12.85878625,0,6.9
53,30,PNQP1,HBXP1,10.5225,10.5225,0,7.47
53,33,PNQP1,IDRP1,18.84472222,18.84472222,0,11.58
53,43,PNQP1,MLGP1,22.29939278,22.29939278,0,9.3
53,49,PNQP1,NPWP1,8.254101706,7.611883319,0,4.57
53,57,PNQP1,SSEP1,9.06644128,8.245203931,0,4.87
53,58,PNQP1,STRP1,6.996874246,4.380721243,0,2.33
53,59,PNQP1,STVP1,13.97987556,13.97987556,0,6.77
53,63,PNQP1,VAPP1,14.20999753,11.29123927,0,4.85
54,46,RPRP1,NAGP1,9.317676218,8.584165971,0,6.28
54,50,RPRP1,NURP1,19.41552646,18.74998763,0,8.53
54,56,RPRP1,SBPP1,6.944635629,6.51723128,0,5.03
55,9,SATP1,BAMP1,17.58862278,17.58862278,0,12.48
55,31,SATP1,HYDP1,16.49453042,16.49453042,0,5.97
55,32,SATP1,HYDP2,11.13202538,10.4729137,0,6.48
55,52,SATP1,PGRP1,65.39982139,65.39982139,0,4.5
55,62,SATP1,TPNP1,9.444444259,9.444444259,0,6.48
55,64,SATP1,VGAP1,16.26823528,16.26823528,0,2.5
55,66,SATP1,VTZP1,9.425377068,8.904265068,0,6.85
56,9,SBPP1,BAMP1,14.95797889,14.95797889,0,7.65
56,12,SBPP1,BHCP1,23.94567729,20.20000278,0,8.93
56,34,SBPP1,IXWP1,63.28934278,63.28934278,0,9.53
56,37,SBPP1,KDJP1,13.26855022,12.78653828,0,6.47
56,54,SBPP1,RPRP1,8.231608147,7.146470262,0,5
57,7,SSEP1,AWBP1,8.601281736,8.601281736,0,5
57,11,SSEP1,BGMP1,18.82008487,18.82008487,0,6.8
57,17,SSEP1,BOMP1,27.13993611,27.13993611,0,7.55
57,21,SSEP1,CTAP1,20.86430251,20.86430251,0,8.7
57,25,SSEP1,DHIP1,19.96182667,19.96182667,0,8.78
57,30,SSEP1,HBXP1,16.06699676,16.06699676,0,7.18
57,32,SSEP1,HYDP2,8.368507196,8.109651283,0,4.9
57,47,SSEP1,NDCP1,8.738702308,8.452012028,0,5.43
57,49,SSEP1,NPWP1,13.26640831,12.68434497,0,5.72
57,53,SSEP1,PNQP1,10.11075405,9.279758925,0,5.02
57,58,SSEP1,STRP1,37.08924944,37.08924944,0,4.6
58,11,STRP1,BGMP1,7.459074494,6.594898214,0,3.98
58,17,STRP1,BOMP1,8.700747222,7.927844099,0,4.9
58,21,STRP1,CTAP1,38.65837105,38.65837105,0,8.58
58,25,STRP1,DHIP1,17.39329694,17.39329694,0,8.98
58,30,STRP1,HBXP1,10.32215408,10.32215408,0,5.35
58,49,STRP1,NPWP1,3.898087674,3.898087674,0,2.45
58,53,STRP1,PNQP1,3.472640025,3.635994201,0,2.35
58,57,STRP1,SSEP1,8.335492128,8.335492128,0,4.63
58,59,STRP1,STVP1,20.80852046,20.80852046,0,8.97
59,5,STVP1,AMDP1,5.751383397,5.58644162,0,4.28
59,7,STVP1,AWBP1,18.9128482,18.9128482,0,7.8
59,10,STVP1,BDQP1,3.38029231,3.205039593,0,2.68
59,17,STVP1,BOMP1,8.992373106,8.501904191,0,5.33
59,25,STVP1,DHIP1,15.36117121,15.36117121,0,5.12
59,58,STVP1,STRP1,21.48926583,21.48926583,0,8.95
59,63,STVP1,VAPP1,3.050213293,2.478843978,0,2
60,8,SXVP1,BAGP1,9.491267827,8.800940347,0,5.3
60,15,SXVP1,BLRP1,6.143079306,6.143079306,0,4.02
60,16,SXVP1,BLRP2,7.530095919,4.450994546,0,2.78
60,21,SXVP1,CTAP1,13.96632991,12.95982163,0,6.63
60,27,SXVP1,GDRP1,11.53751889,11.53751889,0,7.35
60,40,SXVP1,KRIP1,2.426387028,2.444679226,0,1.72
60,42,SXVP1,MAAP1,11.09966947,9.630762983,0,5.65
61,2,SYNP1,AGRP1,2.107481111,2.107481111,0,1.13
61,3,SYNP1,AGRP2,1.9396375,1.9396375,0,1.25
61,23,SYNP1,DELP1,8.896282639,8.538235278,0,3.8
61,36,SYNP1,JHSP1,7.247964725,6.595287355,0,3.92
61,51,SYNP1,PGHP1,36.89465324,36.89465324,0,6.92
62,1,TPNP1,ADBP1,5.985326338,5.546718436,0,3.92
62,29,TPNP1,GTYP1,9.638871106,9.069236822,0,6.35
62,31,TPNP1,HYDP1,5.741017056,5.741017056,0,2.08
62,32,TPNP1,HYDP2,20.77045754,20.77045754,0,1.47
62,41,TPNP1,KRNP1,7.783835647,6.846387897,0,4.48
62,46,TPNP1,NAGP1,12.87256586,12.87256586,0,7.77
62,47,TPNP1,NDCP1,6.738945946,6.573327867,0,4.77
62,52,TPNP1,PGRP1,8.069615548,7.542982048,0,4.7
62,55,TPNP1,SATP1,10.03163115,9.670389559,0,6.4
62,57,TPNP1,SSEP1,11.13178264,11.13178264,0,5.93
62,64,TPNP1,VGAP1,22.96413743,14.75131995,0,5.48
63,7,VAPP1,AWBP1,10.18822722,10.18822722,0,7.58
63,10,VAPP1,BDQP1,6.879491837,6.092069787,0,4.3
63,17,VAPP1,BOMP1,7.041785148,5.840128056,0,3.67
63,25,VAPP1,DHIP1,14.93580361,14.93580361,0,6.05
63,38,VAPP1,KHRP1,12.92490231,12.43146139,0,8.65
63,53,VAPP1,PNQP1,12.03271325,10.88502439,0,5.05
63,59,VAPP1,STVP1,3.689414319,2.545043681,0,2.07
64,9,VGAP1,BAMP1,20.44402778,20.44402778,0,12.62
64,27,VGAP1,GDRP1,8.651168308,8.466719451,0,5.05
64,29,VGAP1,GTYP1,20.06741778,20.06741778,0,8.57
64,41,VGAP1,KRNP1,14.20705339,14.20705339,0,7.33
3,61,AGRP2,SYNP1,0.926749722,0.926749722,0,1.05
64,52,VGAP1,PGRP1,60.34616,60.34616,0,2.05
64,62,VGAP1,TPNP1,12.18932403,12.18932403,0,5.5
64,66,VGAP1,VTZP1,10.96869732,10.58152186,0,6.98
65,6,VNSP1,AUBP1,5.470750891,4.679927501,0,3.22
65,22,VNSP1,DBDP1,10.30953611,10.30953611,0,8.18
65,28,VNSP1,GKPP1,21.39030722,21.39030722,0,6.17
65,39,VNSP1,KNUP1,11.51945404,10.5722728,0,6.48
65,46,VNSP1,NAGP1,48.97464613,43.0895832,0,14.43
66,9,VTZP1,BAMP1,10.14721896,9.297454803,0,6.5
66,55,VTZP1,SATP1,10.205304,9.548849963,0,6.62
66,64,VTZP1,VGAP1,11.88172279,11.19943668,0,7.13
24,2,DELP3,AGRP1,36.23945148,36.23945148,1,3.4
3,24,AGRP2,DELP3,109.5041722,109.5041722,0,3.67
2,4,AGRP1,AMBP1,10.00760111,10.00760111,1,6.37
35,4,JAIP1,AMBP1,15.50137845,15.50137845,1,7.67
61,4,SYNP1,AMBP1,12.53890073,10.48611722,1,7.2
63,5,VAPP1,AMDP1,13.66731852,13.66731852,1,5.92
46,7,NAGP1,AWBP1,12.30582417,12.30582417,1,8.68
58,7,STRP1,AWBP1,14.08238815,14.08238815,1,7.07
21,8,CTAP1,BAGP1,7.674605278,7.674605278,1,3.92
40,8,KRIP1,BAGP1,22.82742056,22.82742056,1,3.65
37,12,KDJP1,BHCP1,8.148794762,8.148794762,1,3.57
29,15,GTYP1,BLRP1,8.56993132,8.56993132,1,4.77
27,16,GDRP1,BLRP2,12.5044975,12.5044975,1,6.63
11,17,BGMP1,BOMP1,18.60927163,18.60927163,1,8.6
49,17,NPWP1,BOMP1,12.37457,12.37457,1,7.03
34,19,IXWP1,CCUP1,7.665816574,6.872102929,1,4.57
13,20,BHLP1,CORP1,1.653063473,1.653063473,1,1.33
53,21,PNQP1,CTAP1,23.101115,23.101115,1,10.7
12,22,BHCP1,DBDP1,12.26666667,12.26666667,1,9.35
48,22,NJPP1,DBDP1,34.29257854,34.29257854,1,10.95
4,24,AMBP1,DELP3,4.342777778,4.342777778,1,3.37
61,24,SYNP1,DELP3,15.80335333,15.80335333,1,4.37
11,25,BGMP1,DHIP1,33.20752778,33.20752778,1,12.7
47,25,NDCP1,DHIP1,15.48,15.48,1,9.28
40,27,KRIP1,GDRP1,9.515706389,9.515706389,1,6.13
66,27,VTZP1,GDRP1,68.26984361,68.26984361,1,12.07
1,29,ADBP1,GTYP1,14.83286764,14.83286764,1,10.18
52,31,PGRP1,HYDP1,11.34493949,6.547344583,1,4.27
57,31,SSEP1,HYDP1,11.61383105,9.617983038,1,5.88
64,31,VGAP1,HYDP1,8.058050185,8.058050185,1,4.98
29,32,GTYP1,HYDP2,16.41826296,16.41826296,1,5.48
41,32,KRNP1,HYDP2,8.719465501,8.719465501,1,3.62
64,32,VGAP1,HYDP2,9.832933016,9.399953504,1,5.5
13,33,BHLP1,IDRP1,9.443832778,9.443832778,1,7.78
45,34,MZUP1,IXWP1,27.73461194,27.73461194,1,12.23
24,35,DELP3,JAIP1,65.11957687,65.11957687,1,5.28
2,36,AGRP1,JHSP1,15.62161491,15.62161491,1,4.8
18,37,BPCP1,KDJP1,18.40002694,18.40002694,1,11.15
30,40,HBXP1,KRIP1,11.94232708,11.94232708,1,8.57
16,42,BLRP2,MAAP1,9.714279168,9.714279168,1,5.17
21,42,CTAP1,MAAP1,10.71324944,10.71324944,1,9.08
52,42,PGRP1,MAAP1,9.8534625,9.8534625,1,7.4
25,43,DHIP1,MLGP1,9.434176667,9.434176667,1,7.22
8,44,BAGP1,MULP1,5.273215833,5.273215833,1,2.92
29,44,GTYP1,MULP1,7.832734444,7.832734444,1,5.37
6,45,AUBP1,MZUP1,20.49691306,20.49691306,1,5.13
65,45,VNSP1,MZUP1,23.59832028,23.59832028,1,7.25
2,51,AGRP1,PGHP1,11.51726875,11.51726875,1,5.92
3,51,AGRP2,PGHP1,13.79328598,13.79328598,1,6.83
28,51,GKPP1,PGHP1,18.47220833,18.47220833,1,10.68
36,51,JHSP1,PGHP1,22.11055202,17.73066262,1,10.53
1,52,ADBP1,PGRP1,14.40658722,14.40658722,1,8.53
24,3,DELP3,AGRP2,109.5041722,109.5041722,1,3.5
10,53,BDQP1,PNQP1,18.69737139,18.69737139,1,9.22
30,53,HBXP1,PNQP1,10.5225,10.5225,1,7.42
33,53,IDRP1,PNQP1,18.84472222,18.84472222,1,11.68
59,53,STVP1,PNQP1,13.97987556,13.97987556,1,6.77
52,55,PGRP1,SATP1,65.39982139,65.39982139,1,4.48
34,56,IXWP1,SBPP1,63.28934278,63.28934278,1,9.2
25,57,DHIP1,SSEP1,19.96182667,19.96182667,1,8.92
27,60,GDRP1,SXVP1,11.53751889,11.53751889,1,7.52
2,61,AGRP1,SYNP1,2.107481111,2.107481111,1,1.12
46,62,NAGP1,TPNP1,12.87256586,12.87256586,1,7.92
57,62,SSEP1,TPNP1,11.13178264,11.13178264,1,6.05
25,63,DHIP1,VAPP1,14.93580361,14.93580361,1,5.97
29,64,GTYP1,VGAP1,20.06741778,20.06741778,1,8.37
22,65,DBDP1,VNSP1,10.30953611,10.30953611,1,8.22
28,65,GKPP1,VNSP1,21.39030722,21.39030722,1,5.95
