ID,example,week,method,timehorizon,iteration,lowerbound,upperbound,path_count,arc_count
ex4_exp29_sag_rundate2026-04-29,4,2019-07-21T08:00:00.0,sag,72,1,-3.330253637524557e6,2.208504906278904e6,311,1342
ex4_exp29_sag_rundate2026-04-29,4,2019-07-21T08:00:00.0,sag,72,2,-1.7099362757468245e6,1.6664617256038215e6,386,1653
ex4_exp29_sag_rundate2026-04-29,4,2019-07-21T08:00:00.0,sag,72,3,-1.21085746230357e6,1.1695037399263703e6,459,1964
ex4_exp29_sag_rundate2026-04-29,4,2019-07-21T08:00:00.0,sag,72,4,-1.4700342438215706e6,1.0035556597671574e6,503,2275
ex4_exp29_sag_rundate2026-04-29,4,2019-07-21T08:00:00.0,sag,72,5,-849056.2500658492,935653.2479607055,545,2586
ex4_exp29_sag_rundate2026-04-29,4,2019-07-21T08:00:00.0,sag,72,6,-1.0717590987245925e6,860139.7763060085,577,2897
ex4_exp29_sag_rundate2026-04-29,4,2019-07-21T08:00:00.0,sag,72,7,-953708.0810854181,844596.9515691896,600,3208
ex4_exp29_sag_rundate2026-04-29,4,2019-07-21T08:00:00.0,sag,72,8,-687426.0770379383,758317.0490998615,622,3519
ex4_exp29_sag_rundate2026-04-29,4,2019-07-21T08:00:00.0,sag,72,9,-608926.8492628728,685953.7806931426,645,3829
ex4_exp29_sag_rundate2026-04-29,4,2019-07-21T08:00:00.0,sag,72,10,-611367.3379029835,685215.953444413,685,4139
ex4_exp29_sag_rundate2026-04-29,4,2019-07-21T08:00:00.0,sag,72,11,-603988.1159373581,673446.4576315585,720,4449
ex4_exp29_sag_rundate2026-04-29,4,2019-07-21T08:00:00.0,sag,72,12,-677721.2497415391,650798.3831013713,742,4756
ex4_exp29_sag_rundate2026-04-29,4,2019-07-21T08:00:00.0,sag,72,13,-344856.50551316596,613690.2408144152,772,5063
ex4_exp29_sag_rundate2026-04-29,4,2019-07-21T08:00:00.0,sag,72,14,-351309.68627297215,602599.3934920891,796,5368
ex4_exp29_sag_rundate2026-04-29,4,2019-07-21T08:00:00.0,sag,72,15,-316688.61742710567,591281.7267940802,823,5677
ex4_exp29_sag_rundate2026-04-29,4,2019-07-21T08:00:00.0,sag,72,16,-269779.2906504468,589864.752178915,848,5983
ex4_exp29_sag_rundate2026-04-29,4,2019-07-21T08:00:00.0,sag,72,17,-259669.36021714122,567132.0090415584,867,6285
ex4_exp29_sag_rundate2026-04-29,4,2019-07-21T08:00:00.0,sag,72,18,-232003.70333122858,566065.2933651279,899,6589
ex4_exp29_sag_rundate2026-04-29,4,2019-07-21T08:00:00.0,sag,72,19,-271899.7141510231,564948.8997596496,928,6888
ex4_exp29_sag_rundate2026-04-29,4,2019-07-21T08:00:00.0,sag,72,20,-1.1585120063865324e6,508123.72614849673,964,7185
ex4_exp29_sag_rundate2026-04-29,4,2019-07-21T08:00:00.0,sag,72,21,-370015.1607947081,507613.67790182104,989,7483
ex4_exp29_sag_rundate2026-04-29,4,2019-07-21T08:00:00.0,sag,72,22,-156253.98285957915,505956.0728600597,1004,7781
ex4_exp29_sag_rundate2026-04-29,4,2019-07-21T08:00:00.0,sag,72,23,-556225.3975363193,505438.5902625179,1020,8081
ex4_exp29_sag_rundate2026-04-29,4,2019-07-21T08:00:00.0,sag,72,24,-312052.61661855946,504854.5693508511,1047,8379
ex4_exp29_sag_rundate2026-04-29,4,2019-07-21T08:00:00.0,sag,72,25,-325633.7312520946,488650.91833491495,1081,8677
ex4_exp29_sag_rundate2026-04-29,4,2019-07-21T08:00:00.0,sag,72,26,-304106.84797698027,488085.1010133015,1106,8974
ex4_exp29_sag_rundate2026-04-29,4,2019-07-21T08:00:00.0,sag,72,27,-668070.9286685025,487690.73903639434,1135,9270
ex4_exp29_sag_rundate2026-04-29,4,2019-07-21T08:00:00.0,sag,72,28,-91375.46679159586,486847.175755797,1167,9570
ex4_exp29_sag_rundate2026-04-29,4,2019-07-21T08:00:00.0,sag,72,29,-232624.19832751568,430093.5915395717,1203,9863
ex4_exp29_sag_rundate2026-04-29,4,2019-07-21T08:00:00.0,sag,72,30,-268350.5437470732,412619.8408999433,1246,10152
ex4_exp29_sag_rundate2026-04-29,4,2019-07-21T08:00:00.0,sag,72,31,-236750.41319848847,412122.4455818247,1284,10439
ex4_exp29_sag_rundate2026-04-29,4,2019-07-21T08:00:00.0,sag,72,32,-375132.8307841691,410967.80582399626,1327,10732
ex4_exp29_sag_rundate2026-04-29,4,2019-07-21T08:00:00.0,sag,72,33,-205396.77375354082,410706.4094337851,1364,11033
ex4_exp29_sag_rundate2026-04-29,4,2019-07-21T08:00:00.0,sag,72,34,-301897.4574262782,410182.7430020178,1407,11325
ex4_exp29_sag_rundate2026-04-29,4,2019-07-21T08:00:00.0,sag,72,35,-429118.99087926565,409879.89023570105,1453,11614
ex4_exp29_sag_rundate2026-04-29,4,2019-07-21T08:00:00.0,sag,72,36,-359608.6627527151,394390.9511782347,1495,11901
ex4_exp29_sag_rundate2026-04-29,4,2019-07-21T08:00:00.0,sag,72,37,-340899.65809578565,393572.6932402293,1534,12191
ex4_exp29_sag_rundate2026-04-29,4,2019-07-21T08:00:00.0,sag,72,38,-284212.5857624232,392752.17170478945,1574,12482
ex4_exp29_sag_rundate2026-04-29,4,2019-07-21T08:00:00.0,sag,72,39,-199360.0320618556,366978.3067943592,1627,12770
ex4_exp29_sag_rundate2026-04-29,4,2019-07-21T08:00:00.0,sag,72,40,-110511.36565075017,354934.0524902226,1669,13062
ex4_exp29_sag_rundate2026-04-29,4,2019-07-21T08:00:00.0,sag,72,41,89811.297949642,353651.4240620039,1720,13355
ex4_exp29_sag_rundate2026-04-29,4,2019-07-21T08:00:00.0,sag,72,42,111192.50625739826,353392.2668415425,1767,13644
ex4_exp29_sag_rundate2026-04-29,4,2019-07-21T08:00:00.0,sag,72,43,114006.47307193084,352625.5096230796,1838,13931
ex4_exp29_sag_rundate2026-04-29,4,2019-07-21T08:00:00.0,sag,72,44,130071.58674907917,351395.5223578254,1896,14216
ex4_exp29_sag_rundate2026-04-29,4,2019-07-21T08:00:00.0,sag,72,45,153384.3479844335,340300.2257189284,1935,14488
ex4_exp29_sag_rundate2026-04-29,4,2019-07-21T08:00:00.0,sag,72,46,155798.5404605298,340265.216274152,1978,14766
ex4_exp29_sag_rundate2026-04-29,4,2019-07-21T08:00:00.0,sag,72,47,151601.26817329729,339977.99538789457,2019,15039
ex4_exp29_sag_rundate2026-04-29,4,2019-07-21T08:00:00.0,sag,72,48,154403.04130809053,339712.7593796384,2075,15313
ex4_exp29_sag_rundate2026-04-29,4,2019-07-21T08:00:00.0,sag,72,49,152345.19610235182,339344.72494679835,2131,15584
ex4_exp29_sag_rundate2026-04-29,4,2019-07-21T08:00:00.0,sag,72,50,165460.71855141432,338919.71893920045,2192,15858
ex4_exp29_sag_rundate2026-04-29,4,2019-07-21T08:00:00.0,sag,72,51,173608.24296633262,338168.24860084854,2250,16132
ex4_exp29_sag_rundate2026-04-29,4,2019-07-21T08:00:00.0,sag,72,52,166609.8296262576,337948.3523497328,2305,16407
ex4_exp29_sag_rundate2026-04-29,4,2019-07-21T08:00:00.0,sag,72,53,160111.08588594763,337826.60882268084,2341,16672
ex4_exp29_sag_rundate2026-04-29,4,2019-07-21T08:00:00.0,sag,72,54,153338.48048654007,337717.5555880124,2385,16931
ex4_exp29_sag_rundate2026-04-29,4,2019-07-21T08:00:00.0,sag,72,55,175921.54128863226,337583.50289145595,2419,17193
ex4_exp29_sag_rundate2026-04-29,4,2019-07-21T08:00:00.0,sag,72,56,169514.29088457013,337447.92508018663,2477,17454
ex4_exp29_sag_rundate2026-04-29,4,2019-07-21T08:00:00.0,sag,72,57,173239.20650749936,337443.18876466085,2536,17712
ex4_exp29_sag_rundate2026-04-29,4,2019-07-21T08:00:00.0,sag,72,58,185795.85918620625,337441.65364340786,2593,17965
ex4_exp29_sag_rundate2026-04-29,4,2019-07-21T08:00:00.0,sag,72,59,187694.2289476645,337304.22886130837,2630,18210
ex4_exp29_sag_rundate2026-04-29,4,2019-07-21T08:00:00.0,sag,72,60,182649.13902723743,337197.0741817376,2671,18466
ex4_exp29_sag_rundate2026-04-29,4,2019-07-21T08:00:00.0,sag,72,61,181648.63803791415,336640.2680107738,2705,18717
ex4_exp29_sag_rundate2026-04-29,4,2019-07-21T08:00:00.0,sag,72,62,185022.97603546557,336180.1053377031,2791,18978
ex4_exp29_sag_rundate2026-04-29,4,2019-07-21T08:00:00.0,sag,72,63,194600.88440808773,335460.0854314823,2869,19238
ex4_exp29_sag_rundate2026-04-29,4,2019-07-21T08:00:00.0,sag,72,64,199903.65313418015,335221.5044034489,2925,19488
ex4_exp29_sag_rundate2026-04-29,4,2019-07-21T08:00:00.0,sag,72,65,196105.38629844203,335047.59010598663,2966,19728
ex4_exp29_sag_rundate2026-04-29,4,2019-07-21T08:00:00.0,sag,72,66,200916.1400059444,335047.57539371983,3019,19980
ex4_exp29_sag_rundate2026-04-29,4,2019-07-21T08:00:00.0,sag,72,67,201583.5085970198,334920.3356445114,3069,20212
ex4_exp29_sag_rundate2026-04-29,4,2019-07-21T08:00:00.0,sag,72,68,210114.97829414115,334872.657055511,3122,20460
ex4_exp29_sag_rundate2026-04-29,4,2019-07-21T08:00:00.0,sag,72,69,206088.85254993674,334462.2572330182,3172,20695
ex4_exp29_sag_rundate2026-04-29,4,2019-07-21T08:00:00.0,sag,72,70,199070.200436554,334246.2228794981,3245,20944
ex4_exp29_sag_rundate2026-04-29,4,2019-07-21T08:00:00.0,sag,72,71,182323.27861913256,334039.24601349566,3296,21176
ex4_exp29_sag_rundate2026-04-29,4,2019-07-21T08:00:00.0,sag,72,72,196448.19476447755,333542.95802978316,3351,21420
ex4_exp29_sag_rundate2026-04-29,4,2019-07-21T08:00:00.0,sag,72,73,180066.87761515257,332733.4433283866,3397,21657
ex4_exp29_sag_rundate2026-04-29,4,2019-07-21T08:00:00.0,sag,72,74,192324.34291348988,331812.7000721049,3453,21908
ex4_exp29_sag_rundate2026-04-29,4,2019-07-21T08:00:00.0,sag,72,75,202116.64051987324,331683.57226240594,3526,22156
ex4_exp29_sag_rundate2026-04-29,4,2019-07-21T08:00:00.0,sag,72,76,209025.41067221074,331526.3538548514,3577,22392
ex4_exp29_sag_rundate2026-04-29,4,2019-07-21T08:00:00.0,sag,72,77,209957.65639181016,331467.2509090846,3634,22629
ex4_exp29_sag_rundate2026-04-29,4,2019-07-21T08:00:00.0,sag,72,78,217397.1654473664,331448.0428812857,3703,22871
ex4_exp29_sag_rundate2026-04-29,4,2019-07-21T08:00:00.0,sag,72,79,208482.02809364873,330938.62761458784,3745,23092
ex4_exp29_sag_rundate2026-04-29,4,2019-07-21T08:00:00.0,sag,72,80,212507.1161522869,330893.16845177696,3825,23321
ex4_exp29_sag_rundate2026-04-29,4,2019-07-21T08:00:00.0,sag,72,81,215986.11435166205,330825.1800380784,3871,23553
ex4_exp29_sag_rundate2026-04-29,4,2019-07-21T08:00:00.0,sag,72,82,217871.38543989795,330510.9907630341,3919,23787
ex4_exp29_sag_rundate2026-04-29,4,2019-07-21T08:00:00.0,sag,72,83,215430.7596844564,329950.0799261582,3955,24013
ex4_exp29_sag_rundate2026-04-29,4,2019-07-21T08:00:00.0,sag,72,84,206760.56579709516,329851.6683224648,3999,24240
ex4_exp29_sag_rundate2026-04-29,4,2019-07-21T08:00:00.0,sag,72,85,214300.4320160481,329499.20662811986,4064,24474
ex4_exp29_sag_rundate2026-04-29,4,2019-07-21T08:00:00.0,sag,72,86,215286.93253686844,329489.18035958847,4133,24703
ex4_exp29_sag_rundate2026-04-29,4,2019-07-21T08:00:00.0,sag,72,87,218337.85719597782,329390.22772180755,4191,24920
ex4_exp29_sag_rundate2026-04-29,4,2019-07-21T08:00:00.0,sag,72,88,218738.02707529295,329346.97106562584,4269,25144
ex4_exp29_sag_rundate2026-04-29,4,2019-07-21T08:00:00.0,sag,72,89,218359.9342205422,329106.8255235503,4356,25365
ex4_exp29_sag_rundate2026-04-29,4,2019-07-21T08:00:00.0,sag,72,90,212785.56647553336,329083.19241999125,4405,25592
ex4_exp29_sag_rundate2026-04-29,4,2019-07-21T08:00:00.0,sag,72,91,230171.8549441796,328937.91409906157,4453,25815
ex4_exp29_sag_rundate2026-04-29,4,2019-07-21T08:00:00.0,sag,72,92,230177.25903082456,328685.94711629127,4499,26035
ex4_exp29_sag_rundate2026-04-29,4,2019-07-21T08:00:00.0,sag,72,93,226244.49339562337,328557.97705579473,4561,26257
ex4_exp29_sag_rundate2026-04-29,4,2019-07-21T08:00:00.0,sag,72,94,236625.9898310529,328557.977055795,4609,26478
ex4_exp29_sag_rundate2026-04-29,4,2019-07-21T08:00:00.0,sag,72,95,239889.06599381997,328374.93096527376,4634,26677
ex4_exp29_sag_rundate2026-04-29,4,2019-07-21T08:00:00.0,sag,72,96,241901.37022221112,328368.99746430345,4676,26887
ex4_exp29_sag_rundate2026-04-29,4,2019-07-21T08:00:00.0,sag,72,97,250106.36021391288,328368.9974643034,4725,27099
ex4_exp29_sag_rundate2026-04-29,4,2019-07-21T08:00:00.0,sag,72,98,239228.69775591005,328114.1103390907,4764,27297
ex4_exp29_sag_rundate2026-04-29,4,2019-07-21T08:00:00.0,sag,72,99,244569.64881841003,327900.6515610441,4792,27498
ex4_exp29_sag_rundate2026-04-29,4,2019-07-21T08:00:00.0,sag,72,100,246749.61213493207,327900.65156104416,4835,27701
ex4_exp29_sag_rundate2026-04-29,4,2019-07-21T08:00:00.0,sag,72,101,247726.02158452023,327899.12309547246,4871,27900
ex4_exp29_sag_rundate2026-04-29,4,2019-07-21T08:00:00.0,sag,72,102,251426.36941516332,327850.91439813026,4905,28096
ex4_exp29_sag_rundate2026-04-29,4,2019-07-21T08:00:00.0,sag,72,103,245742.06314291916,327633.6510094414,4952,28299
ex4_exp29_sag_rundate2026-04-29,4,2019-07-21T08:00:00.0,sag,72,104,248899.1915324479,327585.87447469274,5015,28500
ex4_exp29_sag_rundate2026-04-29,4,2019-07-21T08:00:00.0,sag,72,105,245602.0645727634,327335.3990118765,5072,28714
ex4_exp29_sag_rundate2026-04-29,4,2019-07-21T08:00:00.0,sag,72,106,250847.16114415706,327254.94316435297,5171,28943
ex4_exp29_sag_rundate2026-04-29,4,2019-07-21T08:00:00.0,sag,72,107,246391.87528513162,327246.032524215,5227,29146
ex4_exp29_sag_rundate2026-04-29,4,2019-07-21T08:00:00.0,sag,72,108,252814.537369068,327246.032524215,5264,29359
ex4_exp29_sag_rundate2026-04-29,4,2019-07-21T08:00:00.0,sag,72,109,253165.34089492424,327246.032524215,5296,29554
ex4_exp29_sag_rundate2026-04-29,4,2019-07-21T08:00:00.0,sag,72,110,256095.36262254958,327246.0325134326,5315,29743
ex4_exp29_sag_rundate2026-04-29,4,2019-07-21T08:00:00.0,sag,72,111,250300.85960475868,326889.95918662264,5355,29932
ex4_exp29_sag_rundate2026-04-29,4,2019-07-21T08:00:00.0,sag,72,112,253325.07055170264,326889.6837677999,5401,30147
ex4_exp29_sag_rundate2026-04-29,4,2019-07-21T08:00:00.0,sag,72,113,255749.4605589066,326866.9141893806,5436,30335
ex4_exp29_sag_rundate2026-04-29,4,2019-07-21T08:00:00.0,sag,72,114,254779.17143079644,326866.91418938077,5458,30524
ex4_exp29_sag_rundate2026-04-29,4,2019-07-21T08:00:00.0,sag,72,115,256471.02105284925,326729.15021672193,5484,30710
ex4_exp29_sag_rundate2026-04-29,4,2019-07-21T08:00:00.0,sag,72,116,258097.26652333306,326729.15021672205,5531,30911
ex4_exp29_sag_rundate2026-04-29,4,2019-07-21T08:00:00.0,sag,72,117,261524.80906334406,326708.3478891575,5544,31097
ex4_exp29_sag_rundate2026-04-29,4,2019-07-21T08:00:00.0,sag,72,118,258796.21778262535,326697.73738273093,5610,31286
ex4_exp29_sag_rundate2026-04-29,4,2019-07-21T08:00:00.0,sag,72,119,261142.09722612647,326694.76908634626,5655,31472
ex4_exp29_sag_rundate2026-04-29,4,2019-07-21T08:00:00.0,sag,72,120,260231.74894300092,326684.278171275,5690,31654
ex4_exp29_sag_rundate2026-04-29,4,2019-07-21T08:00:00.0,sag,72,121,262329.9258851624,326681.00156615453,5740,31829
ex4_exp29_sag_rundate2026-04-29,4,2019-07-21T08:00:00.0,sag,72,122,266493.25436931493,326672.73148385383,5781,32006
ex4_exp29_sag_rundate2026-04-29,4,2019-07-21T08:00:00.0,sag,72,123,251169.95161983513,326664.09732723766,5798,32179
ex4_exp29_sag_rundate2026-04-29,4,2019-07-21T08:00:00.0,sag,72,124,266493.8164743759,326641.5279793026,5811,32346
ex4_exp29_sag_rundate2026-04-29,4,2019-07-21T08:00:00.0,sag,72,125,268397.23848051357,326553.0791916012,5854,32521
ex4_exp29_sag_rundate2026-04-29,4,2019-07-21T08:00:00.0,sag,72,126,262997.42423557426,326552.74873447133,5903,32688
ex4_exp29_sag_rundate2026-04-29,4,2019-07-21T08:00:00.0,sag,72,127,267103.9507296983,326552.74873447133,5928,32855
ex4_exp29_sag_rundate2026-04-29,4,2019-07-21T08:00:00.0,sag,72,128,269457.82964085444,326497.5834601615,5942,33012
ex4_exp29_sag_rundate2026-04-29,4,2019-07-21T08:00:00.0,sag,72,129,265181.4449287957,326497.58346016146,6017,33185
ex4_exp29_sag_rundate2026-04-29,4,2019-07-21T08:00:00.0,sag,72,130,268087.1544666239,326497.58081489324,6057,33345
ex4_exp29_sag_rundate2026-04-29,4,2019-07-21T08:00:00.0,sag,72,131,269238.5273496878,326497.5808148932,6082,33504
ex4_exp29_sag_rundate2026-04-29,4,2019-07-21T08:00:00.0,sag,72,132,269339.10791180766,326468.2953376563,6132,33661
ex4_exp29_sag_rundate2026-04-29,4,2019-07-21T08:00:00.0,sag,72,133,270114.84336357017,326403.8380846495,6170,33831
ex4_exp29_sag_rundate2026-04-29,4,2019-07-21T08:00:00.0,sag,72,134,269280.47217338555,326349.6201676747,6236,34008
ex4_exp29_sag_rundate2026-04-29,4,2019-07-21T08:00:00.0,sag,72,135,271435.6069164303,326341.5486237408,6318,34189
ex4_exp29_sag_rundate2026-04-29,4,2019-07-21T08:00:00.0,sag,72,136,271401.015910894,326151.7070166509,6369,34354
ex4_exp29_sag_rundate2026-04-29,4,2019-07-21T08:00:00.0,sag,72,137,273971.90602037666,325986.7860338489,6435,34533
ex4_exp29_sag_rundate2026-04-29,4,2019-07-21T08:00:00.0,sag,72,138,275336.20145481086,325957.0254357341,6511,34705
ex4_exp29_sag_rundate2026-04-29,4,2019-07-21T08:00:00.0,sag,72,139,273194.9842794547,325911.1101653709,6593,34868
ex4_exp29_sag_rundate2026-04-29,4,2019-07-21T08:00:00.0,sag,72,140,275891.17385647714,325866.14135660813,6679,35030
ex4_exp29_sag_rundate2026-04-29,4,2019-07-21T08:00:00.0,sag,72,141,274816.32669894444,325844.9610714032,6753,35187
ex4_exp29_sag_rundate2026-04-29,4,2019-07-21T08:00:00.0,sag,72,142,277314.6425274555,325772.5438580807,6819,35355
ex4_exp29_sag_rundate2026-04-29,4,2019-07-21T08:00:00.0,sag,72,143,276991.2938397458,325734.4887723028,6848,35524
ex4_exp29_sag_rundate2026-04-29,4,2019-07-21T08:00:00.0,sag,72,144,275304.6386908755,325594.5453341144,6892,35681
ex4_exp29_sag_rundate2026-04-29,4,2019-07-21T08:00:00.0,sag,72,145,277174.45012231823,325559.33879166364,6961,35853
ex4_exp29_sag_rundate2026-04-29,4,2019-07-21T08:00:00.0,sag,72,146,279245.8449718238,325559.3387916635,7028,36023
ex4_exp29_sag_rundate2026-04-29,4,2019-07-21T08:00:00.0,sag,72,147,279864.1589185295,325497.5808376119,7043,36175
ex4_exp29_sag_rundate2026-04-29,4,2019-07-21T08:00:00.0,sag,72,148,281872.53701836563,325497.1047494159,7092,36356
ex4_exp29_sag_rundate2026-04-29,4,2019-07-21T08:00:00.0,sag,72,149,280410.8329727439,325282.823000511,7146,36518
ex4_exp29_sag_rundate2026-04-29,4,2019-07-21T08:00:00.0,sag,72,150,282299.8916691074,325244.6109174865,7208,36698
ex4_exp29_sag_rundate2026-04-29,4,2019-07-21T08:00:00.0,sag,72,151,281133.4445856489,325244.609169529,7279,36860
ex4_exp29_sag_rundate2026-04-29,4,2019-07-21T08:00:00.0,sag,72,152,282736.95588589046,325244.609169529,7330,37029
ex4_exp29_sag_rundate2026-04-29,4,2019-07-21T08:00:00.0,sag,72,153,283966.21443560283,325244.60916952905,7361,37184
ex4_exp29_sag_rundate2026-04-29,4,2019-07-21T08:00:00.0,sag,72,154,279656.77704977395,325189.4158134603,7401,37333
ex4_exp29_sag_rundate2026-04-29,4,2019-07-21T08:00:00.0,sag,72,155,280847.8863803988,325147.70533219643,7448,37498
ex4_exp29_sag_rundate2026-04-29,4,2019-07-21T08:00:00.0,sag,72,156,280684.8329125407,325099.3137472278,7497,37658
ex4_exp29_sag_rundate2026-04-29,4,2019-07-21T08:00:00.0,sag,72,157,277410.8833556711,325022.07110459055,7597,37826
ex4_exp29_sag_rundate2026-04-29,4,2019-07-21T08:00:00.0,sag,72,158,279759.3083438212,325018.3204094154,7716,38015
ex4_exp29_sag_rundate2026-04-29,4,2019-07-21T08:00:00.0,sag,72,159,281369.2158058357,325017.7120379755,7793,38197
ex4_exp29_sag_rundate2026-04-29,4,2019-07-21T08:00:00.0,sag,72,160,284061.6848833995,324989.35609480605,7842,38360
ex4_exp29_sag_rundate2026-04-29,4,2019-07-21T08:00:00.0,sag,72,161,285637.72979368357,324932.86374765827,7951,38548
ex4_exp29_sag_rundate2026-04-29,4,2019-07-21T08:00:00.0,sag,72,162,284333.52304038935,324768.26911827066,8036,38719
ex4_exp29_sag_rundate2026-04-29,4,2019-07-21T08:00:00.0,sag,72,163,287981.58977559855,324708.63257870416,8156,38892
ex4_exp29_sag_rundate2026-04-29,4,2019-07-21T08:00:00.0,sag,72,164,288231.2119419021,324643.1200532839,8243,39059
ex4_exp29_sag_rundate2026-04-29,4,2019-07-21T08:00:00.0,sag,72,165,288596.9607196912,324536.2292959501,8347,39229
ex4_exp29_sag_rundate2026-04-29,4,2019-07-21T08:00:00.0,sag,72,166,286784.9164229692,324501.6147792098,8418,39393
ex4_exp29_sag_rundate2026-04-29,4,2019-07-21T08:00:00.0,sag,72,167,282733.6103370949,324320.63071707013,8470,39554
ex4_exp29_sag_rundate2026-04-29,4,2019-07-21T08:00:00.0,sag,72,168,287953.10440367274,324316.6822681528,8568,39733
ex4_exp29_sag_rundate2026-04-29,4,2019-07-21T08:00:00.0,sag,72,169,285817.4713369354,324161.7816441285,8651,39898
ex4_exp29_sag_rundate2026-04-29,4,2019-07-21T08:00:00.0,sag,72,170,288395.1759030031,324154.03716779646,8743,40067
ex4_exp29_sag_rundate2026-04-29,4,2019-07-21T08:00:00.0,sag,72,171,288666.00127654744,324114.3506478188,8822,40234
ex4_exp29_sag_rundate2026-04-29,4,2019-07-21T08:00:00.0,sag,72,172,291903.27028427896,324081.85072905064,8912,40398
ex4_exp29_sag_rundate2026-04-29,4,2019-07-21T08:00:00.0,sag,72,173,292289.488588892,324078.68797502806,8986,40553
ex4_exp29_sag_rundate2026-04-29,4,2019-07-21T08:00:00.0,sag,72,174,293270.1355554434,324078.6879750281,9031,40703
ex4_exp29_sag_rundate2026-04-29,4,2019-07-21T08:00:00.0,sag,72,175,292998.63710412715,324053.9843183353,9115,40842
ex4_exp29_sag_rundate2026-04-29,4,2019-07-21T08:00:00.0,sag,72,176,290006.1176412947,324052.40143910167,9205,40989
ex4_exp29_sag_rundate2026-04-29,4,2019-07-21T08:00:00.0,sag,72,177,290196.53030075587,323841.5834701544,9321,41134
ex4_exp29_sag_rundate2026-04-29,4,2019-07-21T08:00:00.0,sag,72,178,292313.9200969901,323841.3357099166,9418,41302
ex4_exp29_sag_rundate2026-04-29,4,2019-07-21T08:00:00.0,sag,72,179,293370.1645467207,323838.97106247186,9498,41456
ex4_exp29_sag_rundate2026-04-29,4,2019-07-21T08:00:00.0,sag,72,180,292183.2852329188,323823.72425573296,9625,41603
ex4_exp29_sag_rundate2026-04-29,4,2019-07-21T08:00:00.0,sag,72,181,293879.70019740355,323770.31082735735,9725,41757
ex4_exp29_sag_rundate2026-04-29,4,2019-07-21T08:00:00.0,sag,72,182,293561.3821596821,323748.04932143266,9804,41916
ex4_exp29_sag_rundate2026-04-29,4,2019-07-21T08:00:00.0,sag,72,183,295353.61734416813,323682.66676333407,9904,42072
ex4_exp29_sag_rundate2026-04-29,4,2019-07-21T08:00:00.0,sag,72,184,296507.0198380433,323634.5779528969,10008,42230
ex4_exp29_sag_rundate2026-04-29,4,2019-07-21T08:00:00.0,sag,72,185,294799.2838050668,323633.71751307294,10109,42375
ex4_exp29_sag_rundate2026-04-29,4,2019-07-21T08:00:00.0,sag,72,186,296042.84731867624,323626.75308756804,10175,42513
ex4_exp29_sag_rundate2026-04-29,4,2019-07-21T08:00:00.0,sag,72,187,296920.1167160834,323626.0828332227,10265,42654
ex4_exp29_sag_rundate2026-04-29,4,2019-07-21T08:00:00.0,sag,72,188,295586.09222461906,323625.7619679425,10301,42783
ex4_exp29_sag_rundate2026-04-29,4,2019-07-21T08:00:00.0,sag,72,189,298064.5042896069,323625.74001763016,10330,42912
ex4_exp29_sag_rundate2026-04-29,4,2019-07-21T08:00:00.0,sag,72,190,296311.6345736216,323567.0269210377,10400,43028
ex4_exp29_sag_rundate2026-04-29,4,2019-07-21T08:00:00.0,sag,72,191,297117.94013321085,323523.07628344285,10482,43166
ex4_exp29_sag_rundate2026-04-29,4,2019-07-21T08:00:00.0,sag,72,192,298743.61618804943,323523.0762834429,10520,43309
ex4_exp29_sag_rundate2026-04-29,4,2019-07-21T08:00:00.0,sag,72,193,298191.96696226543,323522.55431079835,10635,43438
ex4_exp29_sag_rundate2026-04-29,4,2019-07-21T08:00:00.0,sag,72,194,299817.258683019,323510.87859481387,10717,43571
ex4_exp29_sag_rundate2026-04-29,4,2019-07-21T08:00:00.0,sag,72,195,298299.4071708551,323491.56638903625,10813,43708
ex4_exp29_sag_rundate2026-04-29,4,2019-07-21T08:00:00.0,sag,72,196,298053.82796727563,323491.1425226382,10882,43850
ex4_exp29_sag_rundate2026-04-29,4,2019-07-21T08:00:00.0,sag,72,197,299267.5323422069,323479.1898118137,10974,43976
ex4_exp29_sag_rundate2026-04-29,4,2019-07-21T08:00:00.0,sag,72,198,297522.86426082643,323466.14807813504,11015,44104
ex4_exp29_sag_rundate2026-04-29,4,2019-07-21T08:00:00.0,sag,72,199,299279.3029188299,323464.0933511832,11130,44247
ex4_exp29_sag_rundate2026-04-29,4,2019-07-21T08:00:00.0,sag,72,200,298344.8793853577,323463.16190670774,11183,44394
ex4_exp29_sag_rundate2026-04-29,4,2019-07-21T08:00:00.0,sag,72,201,300007.1388305092,323460.38752127904,11212,44529
ex4_exp29_sag_rundate2026-04-29,4,2019-07-21T08:00:00.0,sag,72,202,300941.84491881845,323460.3875212789,11268,44662
ex4_exp29_sag_rundate2026-04-29,4,2019-07-21T08:00:00.0,sag,72,203,302184.1065311706,323457.64757144346,11350,44787
ex4_exp29_sag_rundate2026-04-29,4,2019-07-21T08:00:00.0,sag,72,204,300425.55302518496,323444.9436997435,11424,44913
ex4_exp29_sag_rundate2026-04-29,4,2019-07-21T08:00:00.0,sag,72,205,299603.58219402377,323444.94369974354,11510,45037
ex4_exp29_sag_rundate2026-04-29,4,2019-07-21T08:00:00.0,sag,72,206,301599.1085290604,323264.95081949426,11621,45163
ex4_exp29_sag_rundate2026-04-29,4,2019-07-21T08:00:00.0,sag,72,207,302601.68746099685,323264.9508194943,11670,45289
ex4_exp29_sag_rundate2026-04-29,4,2019-07-21T08:00:00.0,sag,72,208,301402.5392577284,323264.85618957476,11795,45405
ex4_exp29_sag_rundate2026-04-29,4,2019-07-21T08:00:00.0,sag,72,209,302236.70566109783,323264.85618957464,11883,45525
ex4_exp29_sag_rundate2026-04-29,4,2019-07-21T08:00:00.0,sag,72,210,301713.76466417353,323264.8455604065,12093,45648
ex4_exp29_sag_rundate2026-04-29,4,2019-07-21T08:00:00.0,sag,72,211,302896.9068525791,323261.0956845922,12179,45765
ex4_exp29_sag_rundate2026-04-29,4,2019-07-21T08:00:00.0,sag,72,212,302653.8012100431,323226.26135178487,12307,45880
ex4_exp29_sag_rundate2026-04-29,4,2019-07-21T08:00:00.0,sag,72,213,302687.8230694945,323226.2613517849,12407,46011
ex4_exp29_sag_rundate2026-04-29,4,2019-07-21T08:00:00.0,sag,72,214,303650.1412608375,323209.8495778879,12490,46129
ex4_exp29_sag_rundate2026-04-29,4,2019-07-21T08:00:00.0,sag,72,215,303812.87285043503,323201.7114327758,12559,46242
ex4_exp29_sag_rundate2026-04-29,4,2019-07-21T08:00:00.0,sag,72,216,304294.12643954845,323199.8451485758,12627,46361
ex4_exp29_sag_rundate2026-04-29,4,2019-07-21T08:00:00.0,sag,72,217,303764.4753345689,323173.83655338996,12701,46466
ex4_exp29_sag_rundate2026-04-29,4,2019-07-21T08:00:00.0,sag,72,218,304846.83840689866,323167.38104158716,12849,46596
ex4_exp29_sag_rundate2026-04-29,4,2019-07-21T08:00:00.0,sag,72,219,304631.0847929126,323167.3810415873,12981,46716
ex4_exp29_sag_rundate2026-04-29,4,2019-07-21T08:00:00.0,sag,72,220,305881.8432131773,323167.3810415871,13019,46822
ex4_exp29_sag_rundate2026-04-29,4,2019-07-21T08:00:00.0,sag,72,221,306597.97480712045,323167.3067529201,13073,46920
ex4_exp29_sag_rundate2026-04-29,4,2019-07-21T08:00:00.0,sag,72,222,304091.70260710124,323164.5200548375,13094,47019
ex4_exp29_sag_rundate2026-04-29,4,2019-07-21T08:00:00.0,sag,72,223,305811.9255590187,323160.0386946697,13164,47124
ex4_exp29_sag_rundate2026-04-29,4,2019-07-21T08:00:00.0,sag,72,224,305187.210542368,323155.2495324595,13320,47233
ex4_exp29_sag_rundate2026-04-29,4,2019-07-21T08:00:00.0,sag,72,225,304193.0743846349,323141.30239184265,13368,47335
ex4_exp29_sag_rundate2026-04-29,4,2019-07-21T08:00:00.0,sag,72,226,305180.2492832234,323058.3366662715,13458,47446
ex4_exp29_sag_rundate2026-04-29,4,2019-07-21T08:00:00.0,sag,72,227,305235.5407492272,323055.8432515576,13635,47563
ex4_exp29_sag_rundate2026-04-29,4,2019-07-21T08:00:00.0,sag,72,228,306504.5865254498,323046.6011371075,13676,47677
ex4_exp29_sag_rundate2026-04-29,4,2019-07-21T08:00:00.0,sag,72,229,305851.3576390389,322977.4122010258,13819,47788
ex4_exp29_sag_rundate2026-04-29,4,2019-07-21T08:00:00.0,sag,72,230,305562.4057488014,322975.17263432144,13901,47915
ex4_exp29_sag_rundate2026-04-29,4,2019-07-21T08:00:00.0,sag,72,231,307274.76367955713,322926.4763528798,14070,48035
ex4_exp29_sag_rundate2026-04-29,4,2019-07-21T08:00:00.0,sag,72,232,307585.44622775563,322922.7038042425,14214,48158
ex4_exp29_sag_rundate2026-04-29,4,2019-07-21T08:00:00.0,sag,72,233,308197.77013301145,322916.240670437,14314,48276
ex4_exp29_sag_rundate2026-04-29,4,2019-07-21T08:00:00.0,sag,72,234,308131.4487859953,322916.2406704371,14358,48374
ex4_exp29_sag_rundate2026-04-29,4,2019-07-21T08:00:00.0,sag,72,235,308222.20661322656,322916.24067043705,14496,48474
ex4_exp29_sag_rundate2026-04-29,4,2019-07-21T08:00:00.0,sag,72,236,308484.74100378674,322915.80778650864,14551,48568
ex4_exp29_sag_rundate2026-04-29,4,2019-07-21T08:00:00.0,sag,72,237,305762.0867280904,322908.9763467143,14661,48667
ex4_exp29_sag_rundate2026-04-29,4,2019-07-21T08:00:00.0,sag,72,238,308974.10035187297,322908.9370209099,14750,48781
ex4_exp29_sag_rundate2026-04-29,4,2019-07-21T08:00:00.0,sag,72,239,308934.6096765507,322863.093315765,14794,48877
ex4_exp29_sag_rundate2026-04-29,4,2019-07-21T08:00:00.0,sag,72,240,308198.64108846406,322626.0779795915,14878,48990
ex4_exp29_sag_rundate2026-04-29,4,2019-07-21T08:00:00.0,sag,72,241,308966.38273886143,322603.33562301786,14999,49128
ex4_exp29_sag_rundate2026-04-29,4,2019-07-21T08:00:00.0,sag,72,242,308602.46141721035,322599.33004632645,15102,49254
ex4_exp29_sag_rundate2026-04-29,4,2019-07-21T08:00:00.0,sag,72,243,309630.7003259924,322578.0127499274,15223,49360
ex4_exp29_sag_rundate2026-04-29,4,2019-07-21T08:00:00.0,sag,72,244,308215.7324772613,322578.01274992747,15342,49482
ex4_exp29_sag_rundate2026-04-29,4,2019-07-21T08:00:00.0,sag,72,245,310635.599278232,322577.7772945564,15415,49596
ex4_exp29_sag_rundate2026-04-29,4,2019-07-21T08:00:00.0,sag,72,246,311351.95246799535,322577.77729455655,15502,49702
ex4_exp29_sag_rundate2026-04-29,4,2019-07-21T08:00:00.0,sag,72,247,311118.6404498187,322577.77729455655,15553,49798
ex4_exp29_sag_rundate2026-04-29,4,2019-07-21T08:00:00.0,sag,72,248,312120.00643256697,322577.7772945564,15684,49892
ex4_exp29_sag_rundate2026-04-29,4,2019-07-21T08:00:00.0,sag,72,249,311563.42714735476,322571.8018914173,15782,49983
ex4_exp29_sag_rundate2026-04-29,4,2019-07-21T08:00:00.0,sag,72,250,311551.7724697633,322553.17286121467,15894,50073
ex4_exp29_sag_rundate2026-04-29,4,2019-07-21T08:00:00.0,sag,72,251,312718.92146596103,322553.1131090566,16046,50181
ex4_exp29_sag_rundate2026-04-29,4,2019-07-21T08:00:00.0,sag,72,252,312460.26008748176,322545.01686645136,16095,50271
ex4_exp29_sag_rundate2026-04-29,4,2019-07-21T08:00:00.0,sag,72,253,312344.6272607164,322545.0159880536,16203,50359
ex4_exp29_sag_rundate2026-04-29,4,2019-07-21T08:00:00.0,sag,72,254,312732.47196144133,322544.87590505916,16258,50442
ex4_exp29_sag_rundate2026-04-29,4,2019-07-21T08:00:00.0,sag,72,255,313083.01697069674,322438.1310840671,16423,50527
ex4_exp29_sag_rundate2026-04-29,4,2019-07-21T08:00:00.0,sag,72,256,310467.1339432687,322429.662926783,16533,50632
ex4_exp29_sag_rundate2026-04-29,4,2019-07-21T08:00:00.0,sag,72,257,313386.42605108453,322397.10247075127,16597,50732
ex4_exp29_sag_rundate2026-04-29,4,2019-07-21T08:00:00.0,sag,72,258,313071.06225775485,322390.023298865,16698,50827
ex4_exp29_sag_rundate2026-04-29,4,2019-07-21T08:00:00.0,sag,72,259,312272.88454372494,322369.91528910433,16808,50930
ex4_exp29_sag_rundate2026-04-29,4,2019-07-21T08:00:00.0,sag,72,260,312597.09402347106,322369.36145315436,16962,51068
ex4_exp29_sag_rundate2026-04-29,4,2019-07-21T08:00:00.0,sag,72,261,312993.40748031123,322369.36145315436,17109,51203
ex4_exp29_sag_rundate2026-04-29,4,2019-07-21T08:00:00.0,sag,72,262,312249.0424973796,322369.36145315424,17285,51317
ex4_exp29_sag_rundate2026-04-29,4,2019-07-21T08:00:00.0,sag,72,263,312945.55568465707,322346.80984821654,17517,51420
ex4_exp29_sag_rundate2026-04-29,4,2019-07-21T08:00:00.0,sag,72,264,310221.51181189565,322344.2751644545,17583,51547
ex4_exp29_sag_rundate2026-04-29,4,2019-07-21T08:00:00.0,sag,72,265,312625.2652672005,322339.20259158785,17669,51678
ex4_exp29_sag_rundate2026-04-29,4,2019-07-21T08:00:00.0,sag,72,266,312846.8203563424,322329.5490749572,17824,51803
ex4_exp29_sag_rundate2026-04-29,4,2019-07-21T08:00:00.0,sag,72,267,312684.53822738817,322277.4376361411,17961,51915
ex4_exp29_sag_rundate2026-04-29,4,2019-07-21T08:00:00.0,sag,72,268,313303.11941251124,322269.5003443351,18253,52033
ex4_exp29_sag_rundate2026-04-29,4,2019-07-21T08:00:00.0,sag,72,269,313892.26274863177,322269.50034433516,18392,52148
ex4_exp29_sag_rundate2026-04-29,4,2019-07-21T08:00:00.0,sag,72,270,314366.83404975926,322264.08696286695,18497,52240
ex4_exp29_sag_rundate2026-04-29,4,2019-07-21T08:00:00.0,sag,72,271,314719.66578434536,322264.08696286695,18600,52337
ex4_exp29_sag_rundate2026-04-29,4,2019-07-21T08:00:00.0,sag,72,272,314420.9980037212,322258.51406295307,18688,52425
ex4_exp29_sag_rundate2026-04-29,4,2019-07-21T08:00:00.0,sag,72,273,315053.0737464382,322258.5140629529,18726,52515
ex4_exp29_sag_rundate2026-04-29,4,2019-07-21T08:00:00.0,sag,72,274,314906.78042974294,322244.2448166056,18748,52598
ex4_exp29_sag_rundate2026-04-29,4,2019-07-21T08:00:00.0,sag,72,275,315205.2610149159,322240.8240297579,18867,52706
ex4_exp29_sag_rundate2026-04-29,4,2019-07-21T08:00:00.0,sag,72,276,315104.588825054,322186.9941338026,18948,52806
ex4_exp29_sag_rundate2026-04-29,4,2019-07-21T08:00:00.0,sag,72,277,315437.7709863297,322155.3371459864,19006,52893
ex4_exp29_sag_rundate2026-04-29,4,2019-07-21T08:00:00.0,sag,72,278,308702.0534923012,322096.77178325056,19154,53000
ex4_exp29_sag_rundate2026-04-29,4,2019-07-21T08:00:00.0,sag,72,279,313617.5803096836,322096.7717832506,19306,53117
ex4_exp29_sag_rundate2026-04-29,4,2019-07-21T08:00:00.0,sag,72,280,314844.96565427486,322096.77178325015,19394,53205
ex4_exp29_sag_rundate2026-04-29,4,2019-07-21T08:00:00.0,sag,72,281,315944.3148242092,322091.4303811203,19544,53295
ex4_exp29_sag_rundate2026-04-29,4,2019-07-21T08:00:00.0,sag,72,282,315137.42477802804,322052.9815544845,19651,53383
ex4_exp29_sag_rundate2026-04-29,4,2019-07-21T08:00:00.0,sag,72,283,315860.14548208343,322050.8085276015,19743,53490
ex4_exp29_sag_rundate2026-04-29,4,2019-07-21T08:00:00.0,sag,72,284,316034.7245945753,322050.80852760194,19795,53579
ex4_exp29_sag_rundate2026-04-29,4,2019-07-21T08:00:00.0,sag,72,285,313583.9517507825,322002.7733150137,19875,53652
ex4_exp29_sag_rundate2026-04-29,4,2019-07-21T08:00:00.0,sag,72,286,314581.69514372566,321986.921907069,19913,53771
ex4_exp29_sag_rundate2026-04-29,4,2019-07-21T08:00:00.0,sag,72,287,314630.63074090326,321983.5062753573,20028,53878
ex4_exp29_sag_rundate2026-04-29,4,2019-07-21T08:00:00.0,sag,72,288,314963.91851681133,321977.72876698885,20123,53980
ex4_exp29_sag_rundate2026-04-29,4,2019-07-21T08:00:00.0,sag,72,289,315130.8401400294,321970.5328561151,20315,54083
ex4_exp29_sag_rundate2026-04-29,4,2019-07-21T08:00:00.0,sag,72,290,316231.254582369,321969.7074486074,20490,54176
ex4_exp29_sag_rundate2026-04-29,4,2019-07-21T08:00:00.0,sag,72,291,316343.98972188163,321969.7074486072,20605,54260
ex4_exp29_sag_rundate2026-04-29,4,2019-07-21T08:00:00.0,sag,72,292,315601.5576975021,321938.168621891,20647,54334
ex4_exp29_sag_rundate2026-04-29,4,2019-07-21T08:00:00.0,sag,72,293,316365.0457129927,321937.8568653842,20838,54436
ex4_exp29_sag_rundate2026-04-29,4,2019-07-21T08:00:00.0,sag,72,294,315716.6855006361,321935.6335147863,21035,54523
ex4_exp29_sag_rundate2026-04-29,4,2019-07-21T08:00:00.0,sag,72,295,316203.1253523855,321934.2923626147,21176,54622
ex4_exp29_sag_rundate2026-04-29,4,2019-07-21T08:00:00.0,sag,72,296,316654.9404344776,321931.40285869717,21493,54716
ex4_exp29_sag_rundate2026-04-29,4,2019-07-21T08:00:00.0,sag,72,297,317167.7218398234,321928.6754712436,21614,54809
ex4_exp29_sag_rundate2026-04-29,4,2019-07-21T08:00:00.0,sag,72,298,315749.468062138,321928.6754712437,21664,54887
ex4_exp29_sag_rundate2026-04-29,4,2019-07-21T08:00:00.0,sag,72,299,316667.28207735985,321927.67639453616,21775,54976
ex4_exp29_sag_rundate2026-04-29,4,2019-07-21T08:00:00.0,sag,72,300,316570.9922713947,321926.4406200813,21943,55057
ex4_exp29_sag_rundate2026-04-29,4,2019-07-21T08:00:00.0,sag,72,301,315891.3086838808,321926.4406200814,21997,55144
ex4_exp29_sag_rundate2026-04-29,4,2019-07-21T08:00:00.0,sag,72,302,316591.07103084726,321926.4406200811,22166,55232
ex4_exp29_sag_rundate2026-04-29,4,2019-07-21T08:00:00.0,sag,72,303,315457.80459415395,321926.44062008173,22272,55314
ex4_exp29_sag_rundate2026-04-29,4,2019-07-21T08:00:00.0,sag,72,304,316574.3107113117,321924.80598227825,22322,55397
ex4_exp29_sag_rundate2026-04-29,4,2019-07-21T08:00:00.0,sag,72,305,317123.3100004445,321909.5350942485,22440,55480
ex4_exp29_sag_rundate2026-04-29,4,2019-07-21T08:00:00.0,sag,72,306,317312.5153336865,321871.84971640207,22633,55559
ex4_exp29_sag_rundate2026-04-29,4,2019-07-21T08:00:00.0,sag,72,307,317818.7576040862,321871.8469741177,22735,55650
ex4_exp29_sag_rundate2026-04-29,4,2019-07-21T08:00:00.0,sag,72,308,317547.3949811525,321841.416909949,22774,55718
ex4_exp29_sag_rundate2026-04-29,4,2019-07-21T08:00:00.0,sag,72,309,317340.5283191093,321818.24073584203,23057,55816
ex4_exp29_sag_rundate2026-04-29,4,2019-07-21T08:00:00.0,sag,72,310,317652.8952131638,321789.9212509397,23230,55921
ex4_exp29_sag_rundate2026-04-29,4,2019-07-21T08:00:00.0,sag,72,311,317861.90455054503,321789.87102147454,23307,56003
ex4_exp29_sag_rundate2026-04-29,4,2019-07-21T08:00:00.0,sag,72,312,317488.9035093918,321757.93704240676,23417,56073
ex4_exp29_sag_rundate2026-04-29,4,2019-07-21T08:00:00.0,sag,72,313,317652.42305285577,321755.46105083387,23503,56165
ex4_exp29_sag_rundate2026-04-29,4,2019-07-21T08:00:00.0,sag,72,314,317736.54889360716,321745.29007550725,23566,56246
ex4_exp29_sag_rundate2026-04-29,4,2019-07-21T08:00:00.0,sag,72,315,317505.87663054134,321720.18199289404,23748,56336
ex4_exp29_sag_rundate2026-04-29,4,2019-07-21T08:00:00.0,sag,72,316,318398.74985662324,321720.16999447806,23864,56412
ex4_exp29_sag_rundate2026-04-29,4,2019-07-21T08:00:00.0,sag,72,317,318551.542335258,321719.8877029379,23990,56478
ex4_exp29_sag_rundate2026-04-29,4,2019-07-21T08:00:00.0,sag,72,318,318718.8569074694,321719.8877029379,24039,56535
ex4_exp29_sag_rundate2026-04-29,4,2019-07-21T08:00:00.0,sag,72,319,318723.84782546246,321719.8326802143,24113,56588
ex4_exp29_sag_rundate2026-04-29,4,2019-07-21T08:00:00.0,sag,72,320,319023.7842013351,321719.26168563735,24191,56650
ex4_exp29_sag_rundate2026-04-29,4,2019-07-21T08:00:00.0,sag,72,321,319020.25840573874,321719.2616856374,24266,56718
ex4_exp29_sag_rundate2026-04-29,4,2019-07-21T08:00:00.0,sag,72,322,318576.3396857835,321677.0582169934,24304,56776
ex4_exp29_sag_rundate2026-04-29,4,2019-07-21T08:00:00.0,sag,72,323,318968.5220232574,321677.05821699294,24419,56856
ex4_exp29_sag_rundate2026-04-29,4,2019-07-21T08:00:00.0,sag,72,324,318886.70148861594,321675.40673036873,24460,56921
ex4_exp29_sag_rundate2026-04-29,4,2019-07-21T08:00:00.0,sag,72,325,318615.0219897604,321670.662478815,24557,56996
ex4_exp29_sag_rundate2026-04-29,4,2019-07-21T08:00:00.0,sag,72,326,318660.82025178935,321670.65985383675,24746,57090
ex4_exp29_sag_rundate2026-04-29,4,2019-07-21T08:00:00.0,sag,72,327,316070.92885529675,321545.0307562069,24887,57163
ex4_exp29_sag_rundate2026-04-29,4,2019-07-21T08:00:00.0,sag,72,328,316218.7559541677,321414.8131186407,25208,57279
ex4_exp29_sag_rundate2026-04-29,4,2019-07-21T08:00:00.0,sag,72,329,318060.5363672489,321414.79912402376,25503,57382
ex4_exp29_sag_rundate2026-04-29,4,2019-07-21T08:00:00.0,sag,72,330,318046.35121524974,321404.94781795895,25769,57461
ex4_exp29_sag_rundate2026-04-29,4,2019-07-21T08:00:00.0,sag,72,331,318555.4713056303,321404.94781795907,25837,57541
ex4_exp29_sag_rundate2026-04-29,4,2019-07-21T08:00:00.0,sag,72,332,318681.02800508164,321404.5174654479,25962,57599
ex4_exp29_sag_rundate2026-04-29,4,2019-07-21T08:00:00.0,sag,72,333,318361.0416829911,321399.795707373,26119,57657
ex4_exp29_sag_rundate2026-04-29,4,2019-07-21T08:00:00.0,sag,72,334,317915.1981080642,321393.4070328586,26215,57736
ex4_exp29_sag_rundate2026-04-29,4,2019-07-21T08:00:00.0,sag,72,335,318007.73528155254,321393.1530969031,26342,57801
ex4_exp29_sag_rundate2026-04-29,4,2019-07-21T08:00:00.0,sag,72,336,318932.8441572415,321388.9274690277,26470,57878
ex4_exp29_sag_rundate2026-04-29,4,2019-07-21T08:00:00.0,sag,72,337,318221.72604258725,321375.0498964756,26545,57939
ex4_exp29_sag_rundate2026-04-29,4,2019-07-21T08:00:00.0,sag,72,338,319275.8423367617,321374.93535454693,26728,58025
ex4_exp29_sag_rundate2026-04-29,4,2019-07-21T08:00:00.0,sag,72,339,318733.01325616887,321342.1905205012,26772,58091
ex4_exp29_sag_rundate2026-04-29,4,2019-07-21T08:00:00.0,sag,72,340,319289.6028524707,321340.9070027539,26946,58179
ex4_exp29_sag_rundate2026-04-29,4,2019-07-21T08:00:00.0,sag,72,341,319139.2573458203,321332.98312973394,27086,58252
ex4_exp29_sag_rundate2026-04-29,4,2019-07-21T08:00:00.0,sag,72,342,318634.5208235043,321311.07065324875,27154,58340
ex4_exp29_sag_rundate2026-04-29,4,2019-07-21T08:00:00.0,sag,72,343,319189.6139374445,321311.0638092739,27258,58429
ex4_exp29_sag_rundate2026-04-29,4,2019-07-21T08:00:00.0,sag,72,344,318991.29288298724,321300.5225849135,27377,58500
ex4_exp29_sag_rundate2026-04-29,4,2019-07-21T08:00:00.0,sag,72,345,319185.2176201897,321277.6407009241,27543,58580
ex4_exp29_sag_rundate2026-04-29,4,2019-07-21T08:00:00.0,sag,72,346,319540.23178054055,321276.7939684083,27706,58661
ex4_exp29_sag_rundate2026-04-29,4,2019-07-21T08:00:00.0,sag,72,347,319637.5874138804,321274.93449860724,27916,58733
ex4_exp29_sag_rundate2026-04-29,4,2019-07-21T08:00:00.0,sag,72,348,319694.5761381647,321274.1323551315,28149,58797
ex4_exp29_sag_rundate2026-04-29,4,2019-07-21T08:00:00.0,sag,72,349,319669.64578045974,321255.9864910633,28253,58861
ex4_exp29_sag_rundate2026-04-29,4,2019-07-21T08:00:00.0,sag,72,350,319784.7218809109,321253.74859657657,28427,58935
ex4_exp29_sag_rundate2026-04-29,4,2019-07-21T08:00:00.0,sag,72,351,319904.5418268162,321251.60084517766,28650,59004
ex4_exp29_sag_rundate2026-04-29,4,2019-07-21T08:00:00.0,sag,72,352,319898.1443770756,321251.5489298993,28762,59059
ex4_exp29_sag_rundate2026-04-29,4,2019-07-21T08:00:00.0,sag,72,353,319707.2000165939,321242.41285859037,28859,59112
ex4_exp29_sag_rundate2026-04-29,4,2019-07-21T08:00:00.0,sag,72,354,319925.76081473904,321241.61477437033,28948,59177
ex4_exp29_sag_rundate2026-04-29,4,2019-07-21T08:00:00.0,sag,72,355,320117.28537944885,321241.61477437045,29029,59226
ex4_exp29_sag_rundate2026-04-29,4,2019-07-21T08:00:00.0,sag,72,356,320036.96008705994,321241.6147743707,29124,59267
ex4_exp29_sag_rundate2026-04-29,4,2019-07-21T08:00:00.0,sag,72,357,320078.4119616833,321241.32243816194,29200,59324
ex4_exp29_sag_rundate2026-04-29,4,2019-07-21T08:00:00.0,sag,72,358,320225.09781115584,321241.0360800982,29407,59383
ex4_exp29_sag_rundate2026-04-29,4,2019-07-21T08:00:00.0,sag,72,359,320207.0312908013,321240.9149515002,29550,59428
ex4_exp29_sag_rundate2026-04-29,4,2019-07-21T08:00:00.0,sag,72,360,320031.028402453,321235.3982362397,29684,59473
ex4_exp29_sag_rundate2026-04-29,4,2019-07-21T08:00:00.0,sag,72,361,320298.9947458737,321235.3982362397,29774,59546
ex4_exp29_sag_rundate2026-04-29,4,2019-07-21T08:00:00.0,sag,72,362,320364.80415922456,321235.3982362397,29822,59591
ex4_exp29_sag_rundate2026-04-29,4,2019-07-21T08:00:00.0,sag,72,363,320322.34119239583,321231.1719458296,29983,59634
ex4_exp29_sag_rundate2026-04-29,4,2019-07-21T08:00:00.0,sag,72,364,320435.53783192823,321231.1719458296,30111,59683
ex4_exp29_sag_rundate2026-04-29,4,2019-07-21T08:00:00.0,sag,72,365,320525.229607162,321231.1719458294,30250,59719
ex4_exp29_sag_rundate2026-04-29,4,2019-07-21T08:00:00.0,sag,72,366,320539.7033587015,321226.8232916874,30293,59753
ex4_exp29_sag_rundate2026-04-29,4,2019-07-21T08:00:00.0,sag,72,367,320489.3169624174,321224.53588016506,30379,59791
ex4_exp29_sag_rundate2026-04-29,4,2019-07-21T08:00:00.0,sag,72,368,320344.7919242388,321222.81159148307,30587,59833
ex4_exp29_sag_rundate2026-04-29,4,2019-07-21T08:00:00.0,sag,72,369,320532.3981171827,321222.8115914831,30656,59913
ex4_exp29_sag_rundate2026-04-29,4,2019-07-21T08:00:00.0,sag,72,370,320552.3106315608,321222.8115914828,30723,59959
ex4_exp29_sag_rundate2026-04-29,4,2019-07-21T08:00:00.0,sag,72,371,320546.2756039006,321218.7249459144,30861,60001
ex4_exp29_sag_rundate2026-04-29,4,2019-07-21T08:00:00.0,sag,72,372,320652.1847513863,321218.69993313035,31231,60052
ex4_exp29_sag_rundate2026-04-29,4,2019-07-21T08:00:00.0,sag,72,373,320628.21416597173,321218.69993313035,31305,60089
ex4_exp29_sag_rundate2026-04-29,4,2019-07-21T08:00:00.0,sag,72,374,320674.7629023484,321218.5544288652,31424,60125
ex4_exp29_sag_rundate2026-04-29,4,2019-07-21T08:00:00.0,sag,72,375,320719.4851913341,321217.9155514704,31536,60160
ex4_exp29_sag_rundate2026-04-29,4,2019-07-21T08:00:00.0,sag,72,376,320802.57267776213,321217.9155514707,31683,60202
ex4_exp29_sag_rundate2026-04-29,4,2019-07-21T08:00:00.0,sag,72,377,320666.12362832145,321214.4310649624,31716,60231
ex4_exp29_sag_rundate2026-04-29,4,2019-07-21T08:00:00.0,sag,72,378,320767.9305244398,321214.4310649622,31919,60281
ex4_exp29_sag_rundate2026-04-29,4,2019-07-21T08:00:00.0,sag,72,379,320836.50189337775,321214.4310649624,32089,60314
ex4_exp29_sag_rundate2026-04-29,4,2019-07-21T08:00:00.0,sag,72,380,320711.70220027637,321205.70778594195,32221,60349
ex4_exp29_sag_rundate2026-04-29,4,2019-07-21T08:00:00.0,sag,72,381,320494.9966700934,321205.70778594195,32335,60388
ex4_exp29_sag_rundate2026-04-29,4,2019-07-21T08:00:00.0,sag,72,382,320749.2175791023,321205.5669346125,32411,60425
ex4_exp29_sag_rundate2026-04-29,4,2019-07-21T08:00:00.0,sag,72,383,320834.5730617446,321205.5669346125,32686,60466
ex4_exp29_sag_rundate2026-04-29,4,2019-07-21T08:00:00.0,sag,72,384,320799.53065253794,321199.32180518756,32747,60500
ex4_exp29_sag_rundate2026-04-29,4,2019-07-21T08:00:00.0,sag,72,385,320853.4839497882,321199.3214025338,32888,60535
ex4_exp29_sag_rundate2026-04-29,4,2019-07-21T08:00:00.0,sag,72,386,320841.81636840844,321197.7698264407,32981,60564
ex4_exp29_sag_rundate2026-04-29,4,2019-07-21T08:00:00.0,sag,72,387,320779.1366718417,321197.74392396613,33161,60601
ex4_exp29_sag_rundate2026-04-29,4,2019-07-21T08:00:00.0,sag,72,388,320831.6215982895,321195.44431835634,33327,60636
ex4_exp29_sag_rundate2026-04-29,4,2019-07-21T08:00:00.0,sag,72,389,320839.0608351846,321194.19496209366,33619,60693
ex4_exp29_sag_rundate2026-04-29,4,2019-07-21T08:00:00.0,sag,72,390,320660.75956519856,321181.9761030867,33764,60723
ex4_exp29_sag_rundate2026-04-29,4,2019-07-21T08:00:00.0,sag,72,391,320821.3915871581,321181.97610308666,34065,60780
ex4_exp29_sag_rundate2026-04-29,4,2019-07-21T08:00:00.0,sag,72,392,320854.28707988467,321181.4815388508,34090,60812
ex4_exp29_sag_rundate2026-04-29,4,2019-07-21T08:00:00.0,sag,72,393,320912.76795656193,321181.48153885093,34124,60848
ex4_exp29_sag_rundate2026-04-29,4,2019-07-21T08:00:00.0,sag,72,394,320806.4705063867,321176.5994536891,34277,60874
ex4_exp29_sag_rundate2026-04-29,4,2019-07-21T08:00:00.0,sag,72,395,320936.09686175967,321176.5994536891,34399,60919
ex4_exp29_sag_rundate2026-04-29,4,2019-07-21T08:00:00.0,sag,72,396,320906.08225575474,321176.599453689,34428,60942
ex4_exp29_sag_rundate2026-04-29,4,2019-07-21T08:00:00.0,sag,72,397,320947.56068787264,321176.53106055496,34486,60965
ex4_exp29_sag_rundate2026-04-29,4,2019-07-21T08:00:00.0,sag,72,398,320983.88744521386,321176.5310605552,34532,60989
ex4_exp29_sag_rundate2026-04-29,4,2019-07-21T08:00:00.0,sag,72,399,320989.7583477771,321176.53106055496,34534,61007
ex4_exp29_sag_rundate2026-04-29,4,2019-07-21T08:00:00.0,sag,72,400,320998.04541018,321176.53106055513,34571,61025
ex4_exp29_sag_rundate2026-04-29,4,2019-07-21T08:00:00.0,sag,72,401,321001.24895466055,321176.5310605549,34571,61043
ex4_exp29_sag_rundate2026-04-29,4,2019-07-21T08:00:00.0,sag,72,402,321024.12227784883,321176.53106055496,34592,61060
ex4_exp29_sag_rundate2026-04-29,4,2019-07-21T08:00:00.0,sag,72,403,321035.1349890757,321176.5310605549,34603,61077
ex4_exp29_sag_rundate2026-04-29,4,2019-07-21T08:00:00.0,sag,72,404,321034.6590738336,321176.5310605549,34675,61095
ex4_exp29_sag_rundate2026-04-29,4,2019-07-21T08:00:00.0,sag,72,405,321041.5586174092,321176.5310605551,34746,61113
ex4_exp29_sag_rundate2026-04-29,4,2019-07-21T08:00:00.0,sag,72,406,321061.7323566718,321176.5310605551,34753,61132
ex4_exp29_sag_rundate2026-04-29,4,2019-07-21T08:00:00.0,sag,72,407,321054.37767272803,321176.531060555,34808,61151
ex4_exp29_sag_rundate2026-04-29,4,2019-07-21T08:00:00.0,sag,72,408,320557.7588037827,321176.1161839012,34951,61167
ex4_exp29_sag_rundate2026-04-29,4,2019-07-21T08:00:00.0,sag,72,409,321074.16180268175,321176.11618390115,34980,61194
ex4_exp29_sag_rundate2026-04-29,4,2019-07-21T08:00:00.0,sag,72,410,321076.20492692984,321176.116183901,34992,61208
ex4_exp29_sag_rundate2026-04-29,4,2019-07-21T08:00:00.0,sag,72,411,321089.5581444498,321176.0975408806,35010,61222
ex4_exp29_sag_rundate2026-04-29,4,2019-07-21T08:00:00.0,sag,72,412,321007.4458445763,321175.1535054164,35061,61236
ex4_exp29_sag_rundate2026-04-29,4,2019-07-21T08:00:00.0,sag,72,413,321072.0136679429,321175.1535054165,35339,61260
ex4_exp29_sag_rundate2026-04-29,4,2019-07-21T08:00:00.0,sag,72,414,321085.00525352143,321175.1535054165,35514,61278
ex4_exp29_sag_rundate2026-04-29,4,2019-07-21T08:00:00.0,sag,72,415,321103.94467747025,321175.15350541624,35601,61293
ex4_exp29_sag_rundate2026-04-29,4,2019-07-21T08:00:00.0,sag,72,416,321095.53236156347,321174.51206896716,35821,61306
ex4_exp29_sag_rundate2026-04-29,4,2019-07-21T08:00:00.0,sag,72,417,321105.53074552224,321173.5407656621,35991,61330
ex4_exp29_sag_rundate2026-04-29,4,2019-07-21T08:00:00.0,sag,72,418,321111.87824778905,321173.54076566227,36029,61344
ex4_exp29_sag_rundate2026-04-29,4,2019-07-21T08:00:00.0,sag,72,419,321118.01735055714,321173.5407656617,36088,61356
ex4_exp29_sag_rundate2026-04-29,4,2019-07-21T08:00:00.0,sag,72,420,321109.5179994316,321173.5407656619,36210,61368
ex4_exp29_sag_rundate2026-04-29,4,2019-07-21T08:00:00.0,sag,72,421,321119.3095822052,321173.54076566186,36234,61381
ex4_exp29_sag_rundate2026-04-29,4,2019-07-21T08:00:00.0,sag,72,422,321122.2380459159,321173.54076566227,36268,61392
ex4_exp29_sag_rundate2026-04-29,4,2019-07-21T08:00:00.0,sag,72,423,321086.6007237258,321173.54076566204,36272,61402
ex4_exp29_sag_rundate2026-04-29,4,2019-07-21T08:00:00.0,sag,72,424,321127.3364532257,321173.5407656622,36344,61418
ex4_exp29_sag_rundate2026-04-29,4,2019-07-21T08:00:00.0,sag,72,425,321136.826257217,321173.5046329989,36388,61432
ex4_exp29_sag_rundate2026-04-29,4,2019-07-21T08:00:00.0,sag,72,426,321128.95117538155,321173.5046329988,36425,61446
ex4_exp29_sag_rundate2026-04-29,4,2019-07-21T08:00:00.0,sag,72,427,321140.2470678467,321173.50463299884,36444,61458
ex4_exp29_sag_rundate2026-04-29,4,2019-07-21T08:00:00.0,sag,72,428,321146.2537318852,321173.5046329988,36464,61475
ex4_exp29_sag_rundate2026-04-29,4,2019-07-21T08:00:00.0,sag,72,429,321150.836048509,321173.50463299884,36464,61490
ex4_exp29_sag_rundate2026-04-29,4,2019-07-21T08:00:00.0,sag,72,430,321153.46701890737,321173.5046329988,36504,61500
ex4_exp29_sag_rundate2026-04-29,4,2019-07-21T08:00:00.0,sag,72,431,321154.8949025945,321173.5046329989,36605,61509
ex4_exp29_sag_rundate2026-04-29,4,2019-07-21T08:00:00.0,sag,72,432,321158.0802281031,321173.5046329988,36615,61518
ex4_exp29_sag_rundate2026-04-29,4,2019-07-21T08:00:00.0,sag,72,433,321160.66491048125,321173.50463299884,36624,61525
ex4_exp29_sag_rundate2026-04-29,4,2019-07-21T08:00:00.0,sag,72,434,321161.22968634247,321173.5046299427,36710,61532
ex4_exp29_sag_rundate2026-04-29,4,2019-07-21T08:00:00.0,sag,72,435,321162.20888076327,321173.5046299426,36740,61539
ex4_exp29_sag_rundate2026-04-29,4,2019-07-21T08:00:00.0,sag,72,436,321160.83721221425,321173.50462994253,36743,61544
ex4_exp29_sag_rundate2026-04-29,4,2019-07-21T08:00:00.0,sag,72,437,321163.1342706588,321173.50462994253,36753,61549
ex4_exp29_sag_rundate2026-04-29,4,2019-07-21T08:00:00.0,sag,72,438,321164.61815942713,321173.5046299426,36753,61555
ex4_exp29_sag_rundate2026-04-29,4,2019-07-21T08:00:00.0,sag,72,439,321165.6012174513,321173.5046299424,36785,61559
ex4_exp29_sag_rundate2026-04-29,4,2019-07-21T08:00:00.0,sag,72,440,321164.665898567,321173.5046299425,36785,61563
ex4_exp29_sag_rundate2026-04-29,4,2019-07-21T08:00:00.0,sag,72,441,321166.90391653904,321173.5046299423,36832,61570
ex4_exp29_sag_rundate2026-04-29,4,2019-07-21T08:00:00.0,sag,72,442,321167.4563340403,321173.5046299425,36843,61577
ex4_exp29_sag_rundate2026-04-29,4,2019-07-21T08:00:00.0,sag,72,443,321168.07103430084,321173.50462994236,36847,61581
ex4_exp29_sag_rundate2026-04-29,4,2019-07-21T08:00:00.0,sag,72,444,321167.69400929456,321173.50462994265,36869,61584
ex4_exp29_sag_rundate2026-04-29,4,2019-07-21T08:00:00.0,sag,72,445,321169.49284156616,321173.5046299425,36872,61592
ex4_exp29_sag_rundate2026-04-29,4,2019-07-21T08:00:00.0,sag,72,446,321172.31048849906,321173.5046299424,36909,61596
ex4_exp29_sag_rundate2026-04-29,4,2019-07-21T08:00:00.0,sag,72,447,321173.1474777743,321173.50424025685,37045,61604
ex4_exp29_sag_rundate2026-04-29,4,2019-07-21T08:00:00.0,sag,72,448,321173.2543712734,321173.5042402568,37077,61608
ex4_exp29_sag_rundate2026-04-29,4,2019-07-21T08:00:00.0,sag,72,449,321173.36202310416,321173.50424025685,37119,61612
ex4_exp29_sag_rundate2026-04-29,4,2019-07-21T08:00:00.0,sag,72,450,321173.50125787494,321173.50424025697,37119,61614
ex4_exp29_sag_rundate2026-04-29,4,2019-07-21T08:00:00.0,sag,72,451,321173.5013922887,321173.50424025673,37119,61616
ex4_exp29_sag_rundate2026-04-29,4,2019-07-21T08:00:00.0,sag,72,452,321173.5014549447,321173.50424025673,37119,61618
ex4_exp29_sag_rundate2026-04-29,4,2019-07-21T08:00:00.0,sag,72,453,321173.5015499447,321173.50424025673,37159,61620
ex4_exp29_sag_rundate2026-04-29,4,2019-07-21T08:00:00.0,sag,72,454,321173.5017955307,321173.5042402569,37159,61621
ex4_exp29_sag_rundate2026-04-29,4,2019-07-21T08:00:00.0,sag,72,455,321173.50183494476,321173.5042402569,37159,61622
