varname,currtime,a,arcstartloc,arcendloc,arcstarttime,arcendtime,value
y,162,9,25,17,168.0,180.0,0.0
y,162,11,25,17,180.0,192.0,0.0
y,162,13,25,17,192.0,204.0,0.0
y,162,15,25,17,204.0,216.0,0.0
y,162,17,25,17,216.0,228.0,0.0
y,162,29,25,30,162.0,168.0,0.0
y,162,30,25,30,168.0,174.0,0.0
y,162,31,25,30,174.0,180.0,0.0
y,162,32,25,30,180.0,186.0,0.0
y,162,33,25,30,186.0,192.0,0.0
y,162,34,25,30,192.0,198.0,0.0
y,162,35,25,30,198.0,204.0,0.0
y,162,36,25,30,204.0,210.0,0.0
y,162,37,25,30,210.0,216.0,0.0
y,162,38,25,30,216.0,222.0,0.0
y,162,39,25,30,222.0,228.0,0.0
y,162,40,25,30,228.0,234.0,0.0
y,162,51,25,19,162.0,168.0,0.0
y,162,52,25,19,168.0,174.0,0.0
y,162,53,25,19,174.0,180.0,0.0
y,162,54,25,19,180.0,186.0,0.0
y,162,55,25,19,186.0,192.0,1.0
y,162,56,25,19,192.0,198.0,0.0
y,162,57,25,19,198.0,204.0,0.0
y,162,58,25,19,204.0,210.0,0.0
y,162,59,25,19,210.0,216.0,0.0
y,162,60,25,19,216.0,222.0,0.0
y,162,61,25,19,222.0,228.0,0.0
y,162,62,25,19,228.0,234.0,0.0
y,162,63,3,5,162.0,168.0,0.0
y,162,64,3,5,168.0,174.0,0.0
y,162,65,3,5,174.0,180.0,0.0
y,162,66,3,5,180.0,186.0,0.0
y,162,67,3,5,186.0,192.0,0.0
y,162,68,3,5,192.0,198.0,0.0
y,162,69,3,5,198.0,204.0,0.0
y,162,70,3,5,204.0,210.0,0.0
y,162,71,3,5,210.0,216.0,0.0
y,162,72,3,5,216.0,222.0,0.0
y,162,73,3,5,222.0,228.0,0.0
y,162,74,3,5,228.0,234.0,0.0
y,162,76,55,60,168.0,180.0,0.0
y,162,78,55,60,180.0,192.0,0.0
y,162,80,55,60,192.0,204.0,0.0
y,162,82,55,60,204.0,216.0,0.0
y,162,84,55,60,216.0,228.0,0.0
y,162,93,55,54,168.0,180.0,0.0
y,162,95,55,54,180.0,192.0,0.0
y,162,97,55,54,192.0,204.0,0.0
y,162,99,55,54,204.0,216.0,0.0
y,162,101,55,54,216.0,228.0,0.0
y,162,104,55,50,168.0,180.0,2.0
y,162,106,55,50,180.0,192.0,0.0
y,162,108,55,50,192.0,204.0,0.0
y,162,110,55,50,204.0,216.0,2.0
y,162,112,55,50,216.0,228.0,0.0
y,162,128,56,60,162.0,168.0,0.0
y,162,129,56,60,168.0,174.0,0.0
y,162,130,56,60,174.0,180.0,0.0
y,162,131,56,60,180.0,186.0,0.0
y,162,132,56,60,186.0,192.0,0.0
y,162,133,56,60,192.0,198.0,0.0
y,162,134,56,60,198.0,204.0,0.0
y,162,135,56,60,204.0,210.0,0.0
y,162,136,56,60,210.0,216.0,0.0
y,162,137,56,60,216.0,222.0,0.0
y,162,138,56,60,222.0,228.0,0.0
y,162,139,56,60,228.0,234.0,0.0
y,162,140,14,20,162.0,168.0,0.0
y,162,141,14,20,168.0,174.0,0.0
y,162,142,14,20,174.0,180.0,0.0
y,162,153,56,45,168.0,180.0,0.0
y,162,155,56,45,180.0,192.0,0.0
y,162,157,56,45,192.0,204.0,0.0
y,162,159,56,45,204.0,216.0,0.0
y,162,161,56,45,216.0,228.0,0.0
y,162,163,55,56,162.0,168.0,0.0
y,162,164,55,56,168.0,174.0,0.0
y,162,165,55,56,174.0,180.0,0.0
y,162,166,55,56,180.0,186.0,0.0
y,162,167,55,56,186.0,192.0,0.0
y,162,168,55,56,192.0,198.0,0.0
y,162,169,55,56,198.0,204.0,0.0
y,162,170,55,56,204.0,210.0,0.0
y,162,171,55,56,210.0,216.0,0.0
y,162,172,55,56,216.0,222.0,0.0
y,162,173,55,56,222.0,228.0,0.0
y,162,174,55,56,228.0,234.0,0.0
y,162,176,64,55,168.0,180.0,0.0
y,162,178,64,55,180.0,192.0,0.0
y,162,180,64,55,192.0,204.0,0.0
y,162,182,64,55,204.0,216.0,0.0
y,162,184,64,55,216.0,228.0,0.0
y,162,187,64,56,168.0,180.0,0.0
y,162,198,64,60,168.0,180.0,0.0
y,162,200,64,60,180.0,192.0,0.0
y,162,202,64,60,192.0,204.0,0.0
y,162,204,64,60,204.0,216.0,0.0
y,162,206,64,60,216.0,228.0,0.0
y,162,230,64,53,168.0,180.0,0.0
y,162,232,64,53,180.0,192.0,0.0
y,162,234,64,53,192.0,204.0,0.0
y,162,236,64,53,204.0,216.0,0.0
y,162,238,64,53,216.0,228.0,0.0
y,162,240,40,39,162.0,168.0,0.0
y,162,241,40,39,168.0,174.0,0.0
y,162,242,40,39,174.0,180.0,0.0
y,162,243,40,39,180.0,186.0,0.0
y,162,244,40,39,186.0,192.0,0.0
y,162,245,40,39,192.0,198.0,0.0
y,162,246,40,39,198.0,204.0,0.0
y,162,247,40,39,204.0,210.0,0.0
y,162,248,40,39,210.0,216.0,0.0
y,162,249,40,39,216.0,222.0,0.0
y,162,250,40,39,222.0,228.0,0.0
y,162,251,40,39,228.0,234.0,0.0
y,162,262,40,43,162.0,168.0,0.0
y,162,263,40,43,168.0,174.0,0.0
y,162,264,40,43,174.0,180.0,0.0
y,162,265,40,43,180.0,186.0,0.0
y,162,266,40,43,186.0,192.0,0.0
y,162,267,40,43,192.0,198.0,0.0
y,162,268,40,43,198.0,204.0,0.0
y,162,269,40,43,204.0,210.0,0.0
y,162,270,40,43,210.0,216.0,0.0
y,162,271,40,43,216.0,222.0,0.0
y,162,272,40,43,222.0,228.0,0.0
y,162,273,40,43,228.0,234.0,0.0
y,162,275,40,35,168.0,180.0,0.0
y,162,277,40,35,180.0,192.0,0.0
y,162,279,40,35,192.0,204.0,0.0
y,162,281,40,35,204.0,216.0,0.0
y,162,283,40,35,216.0,228.0,0.0
y,162,296,49,51,168.0,180.0,0.0
y,162,298,49,51,180.0,192.0,0.0
y,162,300,49,51,192.0,204.0,0.0
y,162,302,49,51,204.0,216.0,0.0
y,162,304,49,51,216.0,228.0,0.0
y,162,323,49,48,162.0,168.0,0.0
y,162,324,49,48,168.0,174.0,0.0
y,162,325,49,48,174.0,180.0,0.0
y,162,326,49,48,180.0,186.0,0.0
y,162,327,49,48,186.0,192.0,0.0
y,162,328,49,48,192.0,198.0,0.0
y,162,329,49,48,198.0,204.0,0.0
y,162,330,49,48,204.0,210.0,0.0
y,162,331,49,48,210.0,216.0,0.0
y,162,332,49,48,216.0,222.0,0.0
y,162,333,49,48,222.0,228.0,0.0
y,162,334,49,48,228.0,234.0,0.0
y,162,336,27,29,168.0,180.0,0.0
y,162,338,27,29,180.0,192.0,0.0
y,162,340,27,29,192.0,204.0,0.0
y,162,342,27,29,204.0,216.0,0.0
y,162,344,27,29,216.0,228.0,0.0
y,162,347,27,31,168.0,180.0,1.0
y,162,349,27,31,180.0,192.0,1.0
y,162,351,27,31,192.0,204.0,0.0
y,162,353,27,31,204.0,216.0,0.0
y,162,355,27,31,216.0,228.0,0.0
y,162,358,27,28,168.0,180.0,0.0
y,162,360,27,28,180.0,192.0,0.0
y,162,362,27,28,192.0,204.0,0.0
y,162,364,27,28,204.0,216.0,1.0
y,162,366,27,28,216.0,228.0,1.0
y,162,379,27,23,168.0,180.0,0.0
y,162,381,27,23,180.0,192.0,0.0
y,162,383,27,23,192.0,204.0,0.0
y,162,385,27,23,204.0,216.0,0.0
y,162,387,27,23,216.0,228.0,0.0
y,162,400,27,21,168.0,180.0,0.0
y,162,402,27,21,180.0,192.0,0.0
y,162,404,27,21,192.0,204.0,0.0
y,162,406,27,21,204.0,216.0,0.0
y,162,408,27,21,216.0,228.0,0.0
y,162,434,6,5,162.0,168.0,0.0
y,162,435,6,5,168.0,174.0,0.0
y,162,436,6,5,174.0,180.0,0.0
y,162,437,6,5,180.0,186.0,0.0
y,162,438,6,5,186.0,192.0,0.0
y,162,439,6,5,192.0,198.0,0.0
y,162,440,6,5,198.0,204.0,0.0
y,162,441,6,5,204.0,210.0,0.0
y,162,442,6,5,210.0,216.0,0.0
y,162,443,6,5,216.0,222.0,0.0
y,162,444,6,5,222.0,228.0,0.0
y,162,445,6,5,228.0,234.0,0.0
y,162,446,6,3,162.0,168.0,0.0
y,162,447,6,3,168.0,174.0,0.0
y,162,448,6,3,174.0,180.0,0.0
y,162,449,6,3,180.0,186.0,0.0
y,162,450,6,3,186.0,192.0,0.0
y,162,451,6,3,192.0,198.0,0.0
y,162,452,6,3,198.0,204.0,0.0
y,162,453,6,3,204.0,210.0,0.0
y,162,454,6,3,210.0,216.0,0.0
y,162,455,6,3,216.0,222.0,0.0
y,162,456,6,3,222.0,228.0,1.0
y,162,457,6,3,228.0,234.0,0.0
y,162,459,6,9,168.0,180.0,0.0
y,162,461,6,9,180.0,192.0,0.0
y,162,463,6,9,192.0,204.0,0.0
y,162,465,6,9,204.0,216.0,0.0
y,162,467,6,9,216.0,228.0,0.0
y,162,469,6,10,162.0,168.0,0.0
y,162,470,6,10,168.0,174.0,0.0
y,162,471,6,10,174.0,180.0,0.0
y,162,472,6,10,180.0,186.0,0.0
y,162,473,6,10,186.0,192.0,0.0
y,162,474,6,10,192.0,198.0,0.0
y,162,475,6,10,198.0,204.0,0.0
y,162,476,6,10,204.0,210.0,0.0
y,162,477,6,10,210.0,216.0,0.0
y,162,478,6,10,216.0,222.0,0.0
y,162,479,6,10,222.0,228.0,0.0
y,162,480,6,10,228.0,234.0,0.0
y,162,491,6,11,168.0,180.0,0.0
y,162,493,6,11,180.0,192.0,0.0
y,162,495,6,11,192.0,204.0,0.0
y,162,497,6,11,204.0,216.0,0.0
y,162,499,6,11,216.0,228.0,0.0
y,162,502,6,1,168.0,180.0,0.0
y,162,504,6,1,180.0,192.0,0.0
y,162,506,6,1,192.0,204.0,0.0
y,162,508,6,1,204.0,216.0,0.0
y,162,510,6,1,216.0,228.0,0.0
y,162,513,33,42,168.0,180.0,0.0
y,162,515,33,42,180.0,192.0,0.0
y,162,517,33,42,192.0,204.0,0.0
y,162,519,33,42,204.0,216.0,0.0
y,162,521,33,42,216.0,228.0,0.0
y,162,549,33,24,168.0,180.0,3.0
y,162,551,33,24,180.0,192.0,4.0
y,162,553,33,24,192.0,204.0,2.0
y,162,555,33,24,204.0,216.0,0.0
y,162,557,33,24,216.0,228.0,0.0
y,162,559,39,40,162.0,168.0,0.0
y,162,560,39,40,168.0,174.0,0.0
y,162,561,39,40,174.0,180.0,0.0
y,162,562,39,40,180.0,186.0,0.0
y,162,563,39,40,186.0,192.0,0.0
y,162,564,39,40,192.0,198.0,0.0
y,162,565,39,40,198.0,204.0,0.0
y,162,566,39,40,204.0,210.0,0.0
y,162,567,39,40,210.0,216.0,0.0
y,162,568,39,40,216.0,222.0,0.0
y,162,569,39,40,222.0,228.0,0.0
y,162,570,39,40,228.0,234.0,0.0
y,162,583,39,36,168.0,180.0,0.0
y,162,585,39,36,180.0,192.0,0.0
y,162,587,39,36,192.0,204.0,0.0
y,162,589,39,36,204.0,216.0,0.0
y,162,591,39,36,216.0,228.0,0.0
y,162,594,39,43,168.0,180.0,0.0
y,162,596,39,43,180.0,192.0,0.0
y,162,598,39,43,192.0,204.0,0.0
y,162,600,39,43,204.0,216.0,0.0
y,162,602,39,43,216.0,228.0,0.0
y,162,604,39,35,162.0,168.0,0.0
y,162,605,39,35,168.0,174.0,0.0
y,162,606,39,35,174.0,180.0,0.0
y,162,607,39,35,180.0,186.0,0.0
y,162,608,39,35,186.0,192.0,0.0
y,162,609,39,35,192.0,198.0,0.0
y,162,610,39,35,198.0,204.0,0.0
y,162,611,39,35,204.0,210.0,0.0
y,162,612,39,35,210.0,216.0,0.0
y,162,613,39,35,216.0,222.0,0.0
y,162,614,39,35,222.0,228.0,0.0
y,162,615,39,35,228.0,234.0,1.0
y,162,617,39,32,168.0,180.0,0.0
y,162,619,39,32,180.0,192.0,3.0
y,162,621,39,32,192.0,204.0,1.0
y,162,623,39,32,204.0,216.0,3.0
y,162,625,39,32,216.0,228.0,0.0
y,162,628,15,9,168.0,180.0,0.0
y,162,630,15,9,180.0,192.0,0.0
y,162,632,15,9,192.0,204.0,0.0
y,162,634,15,9,204.0,216.0,0.0
y,162,636,15,9,216.0,228.0,0.0
y,162,638,15,12,162.0,168.0,0.0
y,162,639,15,12,168.0,174.0,0.0
y,162,640,15,12,174.0,180.0,0.0
y,162,641,15,12,180.0,186.0,0.0
y,162,642,15,12,186.0,192.0,0.0
y,162,643,15,12,192.0,198.0,0.0
y,162,644,15,12,198.0,204.0,0.0
y,162,645,15,12,204.0,210.0,0.0
y,162,646,15,12,210.0,216.0,0.0
y,162,647,15,12,216.0,222.0,0.0
y,162,648,15,12,222.0,228.0,0.0
y,162,649,15,12,228.0,234.0,0.0
y,162,657,15,26,168.0,180.0,0.0
y,162,659,15,26,180.0,192.0,0.0
y,162,661,15,26,192.0,204.0,0.0
y,162,663,15,26,204.0,216.0,0.0
y,162,665,15,26,216.0,228.0,0.0
y,162,677,15,22,162.0,168.0,0.0
y,162,678,15,22,168.0,174.0,0.0
y,162,679,15,22,174.0,180.0,2.0
y,162,680,15,22,180.0,186.0,0.0
y,162,681,15,22,186.0,192.0,0.0
y,162,682,15,22,192.0,198.0,0.0
y,162,683,15,22,198.0,204.0,0.0
y,162,684,15,22,204.0,210.0,0.0
y,162,685,15,22,210.0,216.0,0.0
y,162,686,15,22,216.0,222.0,1.0
y,162,687,15,22,222.0,228.0,0.0
y,162,688,15,22,228.0,234.0,0.0
y,162,690,42,33,168.0,180.0,1.0
y,162,692,42,33,180.0,192.0,0.0
y,162,694,42,33,192.0,204.0,1.0
y,162,696,42,33,204.0,216.0,1.0
y,162,698,42,33,216.0,228.0,2.0
y,162,701,42,52,168.0,180.0,0.0
y,162,703,42,52,180.0,192.0,0.0
y,162,705,42,52,192.0,204.0,0.0
y,162,707,42,52,204.0,216.0,0.0
y,162,709,42,52,216.0,228.0,0.0
y,162,712,42,46,168.0,180.0,0.0
y,162,714,42,46,180.0,192.0,0.0
y,162,716,42,46,192.0,204.0,0.0
y,162,718,42,46,204.0,216.0,0.0
y,162,720,42,46,216.0,228.0,0.0
y,162,723,42,41,168.0,180.0,0.0
y,162,725,42,41,180.0,192.0,0.0
y,162,727,42,41,192.0,204.0,0.0
y,162,729,42,41,204.0,216.0,0.0
y,162,731,42,41,216.0,228.0,0.0
y,162,744,47,60,168.0,180.0,0.0
y,162,746,47,60,180.0,192.0,0.0
y,162,748,47,60,192.0,204.0,0.0
y,162,750,47,60,204.0,216.0,0.0
y,162,752,47,60,216.0,228.0,0.0
y,162,754,47,54,162.0,168.0,0.0
y,162,755,47,54,168.0,174.0,0.0
y,162,756,47,54,174.0,180.0,0.0
y,162,757,47,54,180.0,186.0,0.0
y,162,758,47,54,186.0,192.0,0.0
y,162,759,47,54,192.0,198.0,0.0
y,162,760,47,54,198.0,204.0,0.0
y,162,761,47,54,204.0,210.0,0.0
y,162,762,47,54,210.0,216.0,0.0
y,162,763,47,54,216.0,222.0,0.0
y,162,764,47,54,222.0,228.0,0.0
y,162,765,47,54,228.0,234.0,0.0
y,162,766,47,43,162.0,168.0,0.0
y,162,767,47,43,168.0,174.0,0.0
y,162,768,47,43,174.0,180.0,1.0
y,162,769,47,43,180.0,186.0,0.0
y,162,770,47,43,186.0,192.0,1.0
y,162,771,47,43,192.0,198.0,0.0
y,162,772,47,43,198.0,204.0,3.0
y,162,773,47,43,204.0,210.0,0.0
y,162,774,47,43,210.0,216.0,1.0
y,162,775,47,43,216.0,222.0,0.0
y,162,776,47,43,222.0,228.0,1.0
y,162,777,47,43,228.0,234.0,0.0
y,162,795,65,63,168.0,180.0,0.0
y,162,797,65,63,180.0,192.0,0.0
y,162,799,65,63,192.0,204.0,0.0
y,162,801,65,63,204.0,216.0,0.0
y,162,803,65,63,216.0,228.0,0.0
y,162,805,5,6,162.0,168.0,0.0
y,162,806,5,6,168.0,174.0,0.0
y,162,807,5,6,174.0,180.0,0.0
y,162,808,5,6,180.0,186.0,0.0
y,162,809,5,6,186.0,192.0,0.0
y,162,810,5,6,192.0,198.0,0.0
y,162,811,5,6,198.0,204.0,0.0
y,162,812,5,6,204.0,210.0,0.0
y,162,813,5,6,210.0,216.0,0.0
y,162,814,5,6,216.0,222.0,1.0
y,162,815,5,6,222.0,228.0,0.0
y,162,816,5,6,228.0,234.0,0.0
y,162,817,5,3,162.0,168.0,1.0
y,162,818,5,3,168.0,174.0,0.0
y,162,819,5,3,174.0,180.0,0.0
y,162,820,5,3,180.0,186.0,0.0
y,162,821,5,3,186.0,192.0,0.0
y,162,822,5,3,192.0,198.0,0.0
y,162,823,5,3,198.0,204.0,0.0
y,162,824,5,3,204.0,210.0,0.0
y,162,825,5,3,210.0,216.0,0.0
y,162,826,5,3,216.0,222.0,0.0
y,162,827,5,3,222.0,228.0,0.0
y,162,828,5,3,228.0,234.0,0.0
y,162,829,5,9,162.0,168.0,0.0
y,162,830,5,9,168.0,174.0,0.0
y,162,831,5,9,174.0,180.0,0.0
y,162,832,5,9,180.0,186.0,0.0
y,162,833,5,9,186.0,192.0,0.0
y,162,834,5,9,192.0,198.0,0.0
y,162,835,5,9,198.0,204.0,0.0
y,162,836,5,9,204.0,210.0,0.0
y,162,837,5,9,210.0,216.0,0.0
y,162,838,5,9,216.0,222.0,0.0
y,162,839,5,9,222.0,228.0,0.0
y,162,840,5,9,228.0,234.0,0.0
y,162,842,5,10,168.0,180.0,0.0
y,162,844,5,10,180.0,192.0,0.0
y,162,846,5,10,192.0,204.0,0.0
y,162,848,5,10,204.0,216.0,0.0
y,162,850,5,10,216.0,228.0,0.0
y,162,853,5,2,168.0,180.0,0.0
y,162,855,5,2,180.0,192.0,0.0
y,162,857,5,2,192.0,204.0,0.0
y,162,859,5,2,204.0,216.0,0.0
y,162,861,5,2,216.0,228.0,0.0
y,162,864,5,4,168.0,180.0,0.0
y,162,866,5,4,180.0,192.0,0.0
y,162,868,5,4,192.0,204.0,0.0
y,162,870,5,4,204.0,216.0,0.0
y,162,872,5,4,216.0,228.0,0.0
y,162,875,5,1,168.0,180.0,0.0
y,162,877,5,1,180.0,192.0,0.0
y,162,879,5,1,192.0,204.0,0.0
y,162,881,5,1,204.0,216.0,0.0
y,162,883,5,1,216.0,228.0,0.0
y,162,885,3,6,162.0,168.0,0.0
y,162,886,3,6,168.0,174.0,0.0
y,162,887,3,6,174.0,180.0,0.0
y,162,888,3,6,180.0,186.0,0.0
y,162,889,3,6,186.0,192.0,0.0
y,162,890,3,6,192.0,198.0,0.0
y,162,891,3,6,198.0,204.0,0.0
y,162,892,3,6,204.0,210.0,0.0
y,162,893,3,6,210.0,216.0,0.0
y,162,894,3,6,216.0,222.0,0.0
y,162,895,3,6,222.0,228.0,0.0
y,162,896,3,6,228.0,234.0,0.0
y,162,897,16,17,162.0,168.0,0.0
y,162,898,16,17,168.0,174.0,0.0
y,162,899,16,17,174.0,180.0,0.0
y,162,900,16,17,180.0,186.0,0.0
y,162,901,16,17,186.0,192.0,0.0
y,162,902,16,17,192.0,198.0,0.0
y,162,903,16,17,198.0,204.0,0.0
y,162,904,16,17,204.0,210.0,0.0
y,162,905,16,17,210.0,216.0,0.0
y,162,906,16,17,216.0,222.0,0.0
y,162,907,16,17,222.0,228.0,0.0
y,162,908,16,17,228.0,234.0,0.0
y,162,910,3,9,168.0,180.0,0.0
y,162,912,3,9,180.0,192.0,0.0
y,162,914,3,9,192.0,204.0,0.0
y,162,916,3,9,204.0,216.0,0.0
y,162,918,3,9,216.0,228.0,0.0
y,162,931,3,10,168.0,180.0,0.0
y,162,933,3,10,180.0,192.0,0.0
y,162,935,3,10,192.0,204.0,0.0
y,162,937,3,10,204.0,216.0,0.0
y,162,939,3,10,216.0,228.0,0.0
y,162,941,3,2,162.0,168.0,0.0
y,162,942,3,2,168.0,174.0,0.0
y,162,943,3,2,174.0,180.0,0.0
y,162,944,3,2,180.0,186.0,0.0
y,162,945,3,2,186.0,192.0,0.0
y,162,946,3,2,192.0,198.0,0.0
y,162,947,3,2,198.0,204.0,0.0
y,162,948,3,2,204.0,210.0,0.0
y,162,949,3,2,210.0,216.0,0.0
y,162,950,3,2,216.0,222.0,0.0
y,162,951,3,2,222.0,228.0,0.0
y,162,952,3,2,228.0,234.0,0.0
y,162,953,3,4,162.0,168.0,0.0
y,162,954,3,4,168.0,174.0,0.0
y,162,955,3,4,174.0,180.0,0.0
y,162,956,3,4,180.0,186.0,0.0
y,162,957,3,4,186.0,192.0,0.0
y,162,958,3,4,192.0,198.0,0.0
y,162,959,3,4,198.0,204.0,0.0
y,162,960,3,4,204.0,210.0,0.0
y,162,961,3,4,210.0,216.0,0.0
y,162,962,3,4,216.0,222.0,0.0
y,162,963,3,4,222.0,228.0,0.0
y,162,964,3,4,228.0,234.0,0.0
y,162,965,3,1,162.0,168.0,0.0
y,162,966,3,1,168.0,174.0,0.0
y,162,967,3,1,174.0,180.0,0.0
y,162,968,3,1,180.0,186.0,0.0
y,162,969,3,1,186.0,192.0,0.0
y,162,970,3,1,192.0,198.0,0.0
y,162,971,3,1,198.0,204.0,0.0
y,162,972,3,1,204.0,210.0,0.0
y,162,973,3,1,210.0,216.0,0.0
y,162,974,3,1,216.0,222.0,0.0
y,162,975,3,1,222.0,228.0,0.0
y,162,976,3,1,228.0,234.0,0.0
y,162,978,29,27,168.0,180.0,0.0
y,162,980,29,27,180.0,192.0,0.0
y,162,982,29,27,192.0,204.0,0.0
y,162,984,29,27,204.0,216.0,0.0
y,162,986,29,27,216.0,228.0,0.0
y,162,998,29,31,168.0,180.0,0.0
y,162,1000,29,31,180.0,192.0,0.0
y,162,1002,29,31,192.0,204.0,0.0
y,162,1004,29,31,204.0,216.0,0.0
y,162,1006,29,31,216.0,228.0,0.0
y,162,1027,29,26,162.0,168.0,0.0
y,162,1028,29,26,168.0,174.0,0.0
y,162,1029,29,26,174.0,180.0,0.0
y,162,1030,29,26,180.0,186.0,0.0
y,162,1031,29,26,186.0,192.0,0.0
y,162,1032,29,26,192.0,198.0,0.0
y,162,1033,29,26,198.0,204.0,0.0
y,162,1034,29,26,204.0,210.0,0.0
y,162,1035,29,26,210.0,216.0,0.0
y,162,1036,29,26,216.0,222.0,0.0
y,162,1037,29,26,222.0,228.0,0.0
y,162,1038,29,26,228.0,234.0,0.0
y,162,1050,29,22,168.0,180.0,0.0
y,162,1052,29,22,180.0,192.0,0.0
y,162,1054,29,22,192.0,204.0,0.0
y,162,1056,29,22,204.0,216.0,0.0
y,162,1058,29,22,216.0,228.0,0.0
y,162,1061,29,35,168.0,180.0,0.0
y,162,1063,29,35,180.0,192.0,0.0
y,162,1065,29,35,192.0,204.0,0.0
y,162,1067,29,35,204.0,216.0,0.0
y,162,1069,29,35,216.0,228.0,0.0
y,162,1071,29,32,162.0,168.0,0.0
y,162,1072,29,32,168.0,174.0,0.0
y,162,1073,29,32,174.0,180.0,0.0
y,162,1074,29,32,180.0,186.0,0.0
y,162,1075,29,32,186.0,192.0,0.0
y,162,1076,29,32,192.0,198.0,0.0
y,162,1077,29,32,198.0,204.0,0.0
y,162,1078,29,32,204.0,210.0,0.0
y,162,1079,29,32,210.0,216.0,0.0
y,162,1080,29,32,216.0,222.0,0.0
y,162,1081,29,32,222.0,228.0,0.0
y,162,1082,29,32,228.0,234.0,0.0
y,162,1092,58,52,168.0,180.0,0.0
y,162,1094,58,52,180.0,192.0,0.0
y,162,1096,58,52,192.0,204.0,0.0
y,162,1098,58,52,204.0,216.0,0.0
y,162,1100,58,52,216.0,228.0,0.0
y,162,1112,52,42,168.0,180.0,0.0
y,162,1114,52,42,180.0,192.0,0.0
y,162,1116,52,42,192.0,204.0,0.0
y,162,1118,52,42,204.0,216.0,0.0
y,162,1120,52,42,216.0,228.0,0.0
y,162,1123,52,58,168.0,180.0,0.0
y,162,1125,52,58,180.0,192.0,0.0
y,162,1127,52,58,192.0,204.0,0.0
y,162,1129,52,58,204.0,216.0,0.0
y,162,1131,52,58,216.0,228.0,0.0
y,162,1134,52,51,168.0,180.0,0.0
y,162,1145,52,46,168.0,180.0,0.0
y,162,1147,52,46,180.0,192.0,0.0
y,162,1149,52,46,192.0,204.0,0.0
y,162,1151,52,46,204.0,216.0,0.0
y,162,1153,52,46,216.0,228.0,0.0
y,162,1174,44,47,162.0,168.0,0.0
y,162,1175,44,47,168.0,174.0,0.0
y,162,1176,44,47,174.0,180.0,0.0
y,162,1177,44,47,180.0,186.0,0.0
y,162,1178,44,47,186.0,192.0,0.0
y,162,1179,44,47,192.0,198.0,0.0
y,162,1180,44,47,198.0,204.0,0.0
y,162,1181,44,47,204.0,210.0,0.0
y,162,1182,44,47,210.0,216.0,0.0
y,162,1183,44,47,216.0,222.0,0.0
y,162,1184,44,47,222.0,228.0,0.0
y,162,1185,44,47,228.0,234.0,0.0
y,162,1197,44,36,168.0,180.0,0.0
y,162,1199,44,36,180.0,192.0,0.0
y,162,1201,44,36,192.0,204.0,0.0
y,162,1203,44,36,204.0,216.0,0.0
y,162,1205,44,36,216.0,228.0,0.0
y,162,1208,44,54,168.0,180.0,0.0
y,162,1210,44,54,180.0,192.0,0.0
y,162,1212,44,54,192.0,204.0,0.0
y,162,1214,44,54,204.0,216.0,0.0
y,162,1216,44,54,216.0,228.0,0.0
y,162,1218,44,43,162.0,168.0,0.0
y,162,1219,44,43,168.0,174.0,0.0
y,162,1220,44,43,174.0,180.0,0.0
y,162,1221,44,43,180.0,186.0,0.0
y,162,1222,44,43,186.0,192.0,0.0
y,162,1223,44,43,192.0,198.0,0.0
y,162,1224,44,43,198.0,204.0,0.0
y,162,1225,44,43,204.0,210.0,0.0
y,162,1226,44,43,210.0,216.0,2.0
y,162,1227,44,43,216.0,222.0,0.0
y,162,1228,44,43,222.0,228.0,0.0
y,162,1229,44,43,228.0,234.0,0.0
y,162,1231,9,15,168.0,180.0,1.0
y,162,1233,9,15,180.0,192.0,0.0
y,162,1235,9,15,192.0,204.0,0.0
y,162,1237,9,15,204.0,216.0,1.0
y,162,1239,9,15,216.0,228.0,0.0
y,162,1241,9,5,162.0,168.0,0.0
y,162,1242,9,5,168.0,174.0,0.0
y,162,1243,9,5,174.0,180.0,0.0
y,162,1244,9,5,180.0,186.0,0.0
y,162,1245,9,5,186.0,192.0,0.0
y,162,1246,9,5,192.0,198.0,0.0
y,162,1247,9,5,198.0,204.0,0.0
y,162,1248,9,5,204.0,210.0,0.0
y,162,1249,9,5,210.0,216.0,0.0
y,162,1250,9,5,216.0,222.0,0.0
y,162,1251,9,5,222.0,228.0,0.0
y,162,1252,9,5,228.0,234.0,0.0
y,162,1255,9,10,168.0,180.0,0.0
y,162,1257,9,10,180.0,192.0,0.0
y,162,1259,9,10,192.0,204.0,0.0
y,162,1261,9,10,204.0,216.0,0.0
y,162,1263,9,10,216.0,228.0,0.0
y,162,1265,9,12,162.0,168.0,0.0
y,162,1266,9,12,168.0,174.0,0.0
y,162,1267,9,12,174.0,180.0,0.0
y,162,1268,9,12,180.0,186.0,0.0
y,162,1269,9,12,186.0,192.0,0.0
y,162,1270,9,12,192.0,198.0,0.0
y,162,1271,9,12,198.0,204.0,0.0
y,162,1272,9,12,204.0,210.0,0.0
y,162,1273,9,12,210.0,216.0,0.0
y,162,1274,9,12,216.0,222.0,0.0
y,162,1275,9,12,222.0,228.0,0.0
y,162,1276,9,12,228.0,234.0,1.0
y,162,1278,9,2,168.0,180.0,0.0
y,162,1280,9,2,180.0,192.0,0.0
y,162,1282,9,2,192.0,204.0,0.0
y,162,1284,9,2,204.0,216.0,0.0
y,162,1286,9,2,216.0,228.0,0.0
y,162,1289,9,4,168.0,180.0,0.0
y,162,1291,9,4,180.0,192.0,0.0
y,162,1293,9,4,192.0,204.0,0.0
y,162,1295,9,4,204.0,216.0,0.0
y,162,1297,9,4,216.0,228.0,0.0
y,162,1300,9,18,168.0,180.0,0.0
y,162,1302,9,18,180.0,192.0,0.0
y,162,1304,9,18,192.0,204.0,0.0
y,162,1306,9,18,204.0,216.0,0.0
y,162,1308,9,18,216.0,228.0,0.0
y,162,1338,9,1,168.0,180.0,0.0
y,162,1349,51,49,168.0,180.0,0.0
y,162,1351,51,49,180.0,192.0,0.0
y,162,1353,51,49,192.0,204.0,0.0
y,162,1355,51,49,204.0,216.0,0.0
y,162,1357,51,49,216.0,228.0,0.0
y,162,1379,51,46,168.0,180.0,0.0
y,162,1381,51,46,180.0,192.0,1.0000000000002127
y,162,1383,51,46,192.0,204.0,0.0
y,162,1385,51,46,204.0,216.0,0.0
y,162,1387,51,46,216.0,228.0,0.0
y,162,1396,60,55,162.0,168.0,0.0
y,162,1397,60,55,168.0,174.0,0.0
y,162,1398,60,55,174.0,180.0,0.0
y,162,1399,60,55,180.0,186.0,0.0
y,162,1400,60,55,186.0,192.0,0.0
y,162,1401,60,55,192.0,198.0,0.0
y,162,1402,60,55,198.0,204.0,0.0
y,162,1403,60,55,204.0,210.0,0.0
y,162,1404,60,55,210.0,216.0,0.0
y,162,1405,60,55,216.0,222.0,0.0
y,162,1406,60,55,222.0,228.0,0.0
y,162,1407,60,55,228.0,234.0,0.0
y,162,1408,60,56,162.0,168.0,0.0
y,162,1409,60,56,168.0,174.0,0.0
y,162,1410,60,56,174.0,180.0,0.0
y,162,1411,60,56,180.0,186.0,0.0
y,162,1412,60,56,186.0,192.0,0.0
y,162,1413,60,56,192.0,198.0,0.0
y,162,1414,60,56,198.0,204.0,0.0
y,162,1415,60,56,204.0,210.0,0.0
y,162,1416,60,56,210.0,216.0,0.0
y,162,1417,60,56,216.0,222.0,0.0
y,162,1418,60,56,222.0,228.0,0.0
y,162,1419,60,56,228.0,234.0,0.0
y,162,1421,60,64,168.0,180.0,0.0
y,162,1423,60,64,180.0,192.0,1.0
y,162,1425,60,64,192.0,204.0,0.0
y,162,1427,60,64,204.0,216.0,0.0
y,162,1429,60,64,216.0,228.0,0.0
y,162,1432,60,47,168.0,180.0,1.0
y,162,1434,60,47,180.0,192.0,0.0
y,162,1436,60,47,192.0,204.0,0.0
y,162,1438,60,47,204.0,216.0,0.0
y,162,1440,60,47,216.0,228.0,0.0
y,162,1452,60,61,162.0,168.0,0.0
y,162,1453,60,61,168.0,174.0,0.0
y,162,1454,60,61,174.0,180.0,1.0
y,162,1455,60,61,180.0,186.0,0.0
y,162,1456,60,61,186.0,192.0,0.0
y,162,1457,60,61,192.0,198.0,0.0
y,162,1458,60,61,198.0,204.0,0.0
y,162,1459,60,61,204.0,210.0,0.0
y,162,1460,60,61,210.0,216.0,0.0
y,162,1461,60,61,216.0,222.0,0.0
y,162,1462,60,61,222.0,228.0,0.0
y,162,1463,60,61,228.0,234.0,0.0
y,162,1464,60,54,162.0,168.0,0.0
y,162,1465,60,54,168.0,174.0,0.0
y,162,1466,60,54,174.0,180.0,0.0
y,162,1467,60,54,180.0,186.0,0.0
y,162,1468,60,54,186.0,192.0,0.0
y,162,1469,60,54,192.0,198.0,0.0
y,162,1470,60,54,198.0,204.0,0.0
y,162,1471,60,54,204.0,210.0,0.0
y,162,1472,60,54,210.0,216.0,1.0
y,162,1473,60,54,216.0,222.0,0.0
y,162,1474,60,54,222.0,228.0,0.0
y,162,1475,60,54,228.0,234.0,0.0
y,162,1476,60,53,162.0,168.0,0.0
y,162,1477,60,53,168.0,174.0,0.0
y,162,1478,60,53,174.0,180.0,0.0
y,162,1479,60,53,180.0,186.0,0.0
y,162,1480,60,53,186.0,192.0,0.0
y,162,1481,60,53,192.0,198.0,0.0
y,162,1482,60,53,198.0,204.0,0.0
y,162,1483,60,53,204.0,210.0,0.0
y,162,1484,60,53,210.0,216.0,0.0
y,162,1485,60,53,216.0,222.0,0.0
y,162,1486,60,53,222.0,228.0,0.0
y,162,1487,60,53,228.0,234.0,0.0
y,162,1488,61,64,162.0,168.0,0.0
y,162,1489,61,64,168.0,174.0,0.0
y,162,1490,61,64,174.0,180.0,0.0
y,162,1491,61,64,180.0,186.0,0.0
y,162,1492,61,64,186.0,192.0,0.0
y,162,1493,61,64,192.0,198.0,0.0
y,162,1494,61,64,198.0,204.0,0.0
y,162,1495,61,64,204.0,210.0,0.0
y,162,1496,61,64,210.0,216.0,0.0
y,162,1497,61,64,216.0,222.0,0.0
y,162,1498,61,64,222.0,228.0,0.0
y,162,1499,61,64,228.0,234.0,0.0
y,162,1500,23,17,162.0,168.0,0.0
y,162,1501,23,17,168.0,174.0,0.0
y,162,1502,23,17,174.0,180.0,0.0
y,162,1503,23,17,180.0,186.0,0.0
y,162,1504,23,17,186.0,192.0,0.0
y,162,1505,23,17,192.0,198.0,0.0
y,162,1506,23,17,198.0,204.0,0.0
y,162,1507,23,17,204.0,210.0,0.0
y,162,1508,23,17,210.0,216.0,0.0
y,162,1509,23,17,216.0,222.0,0.0
y,162,1510,23,17,222.0,228.0,0.0
y,162,1511,23,17,228.0,234.0,0.0
y,162,1523,31,27,168.0,180.0,0.0
y,162,1525,31,27,180.0,192.0,1.0
y,162,1527,31,27,192.0,204.0,0.0
y,162,1529,31,27,204.0,216.0,0.0
y,162,1531,31,27,216.0,228.0,0.0
y,162,1549,31,29,168.0,180.0,0.0
y,162,1551,31,29,180.0,192.0,0.0
y,162,1553,31,29,192.0,204.0,1.0
y,162,1555,31,29,204.0,216.0,0.0
y,162,1557,31,29,216.0,228.0,0.0
y,162,1560,31,36,168.0,180.0,4.0
y,162,1562,31,36,180.0,192.0,2.0
y,162,1564,31,36,192.0,204.0,0.0
y,162,1566,31,36,204.0,216.0,0.0
y,162,1568,31,36,216.0,228.0,0.0
y,162,1631,8,2,168.0,180.0,0.0
y,162,1633,8,2,180.0,192.0,0.0
y,162,1635,8,2,192.0,204.0,0.0
y,162,1637,8,2,204.0,216.0,0.0
y,162,1639,8,2,216.0,228.0,0.0
y,162,1641,8,7,162.0,168.0,0.0
y,162,1642,8,7,168.0,174.0,0.0
y,162,1643,8,7,174.0,180.0,0.0
y,162,1644,8,7,180.0,186.0,0.0
y,162,1645,8,7,186.0,192.0,1.0
y,162,1646,8,7,192.0,198.0,0.0
y,162,1647,8,7,198.0,204.0,0.0
y,162,1648,8,7,204.0,210.0,0.0
y,162,1649,8,7,210.0,216.0,0.0
y,162,1650,8,7,216.0,222.0,0.0
y,162,1651,8,7,222.0,228.0,0.0
y,162,1652,8,7,228.0,234.0,0.0
y,162,1654,8,4,168.0,180.0,1.0
y,162,1656,8,4,180.0,192.0,0.0
y,162,1658,8,4,192.0,204.0,0.0
y,162,1660,8,4,204.0,216.0,0.0
y,162,1662,8,4,216.0,228.0,0.0
y,162,1665,8,13,168.0,180.0,0.0
y,162,1667,8,13,180.0,192.0,0.0
y,162,1669,8,13,192.0,204.0,0.0
y,162,1671,8,13,204.0,216.0,1.0
y,162,1673,8,13,216.0,228.0,0.0
y,162,1676,8,14,168.0,180.0,0.0
y,162,1678,8,14,180.0,192.0,0.0
y,162,1680,8,14,192.0,204.0,0.0
y,162,1682,8,14,204.0,216.0,0.0
y,162,1684,8,14,216.0,228.0,0.0
y,162,1688,57,50,168.0,180.0,0.0
y,162,1690,57,50,180.0,192.0,0.0
y,162,1692,57,50,192.0,204.0,0.0
y,162,1694,57,50,204.0,216.0,0.0
y,162,1696,57,50,216.0,228.0,0.0
y,162,1699,57,59,168.0,180.0,0.0
y,162,1701,57,59,180.0,192.0,0.0
y,162,1703,57,59,192.0,204.0,0.0
y,162,1705,57,59,204.0,216.0,0.0
y,162,1707,57,59,216.0,228.0,0.0
y,162,1719,10,6,162.0,168.0,0.0
y,162,1720,10,6,168.0,174.0,0.0
y,162,1721,10,6,174.0,180.0,0.0
y,162,1722,10,6,180.0,186.0,0.0
y,162,1723,10,6,186.0,192.0,0.0
y,162,1724,10,6,192.0,198.0,0.0
y,162,1725,10,6,198.0,204.0,0.0
y,162,1726,10,6,204.0,210.0,0.0
y,162,1727,10,6,210.0,216.0,0.0
y,162,1728,10,6,216.0,222.0,1.0
y,162,1729,10,6,222.0,228.0,0.0
y,162,1730,10,6,228.0,234.0,0.0
y,162,1741,10,9,168.0,180.0,0.0
y,162,1743,10,9,180.0,192.0,0.0
y,162,1745,10,9,192.0,204.0,0.0
y,162,1747,10,9,204.0,216.0,0.0
y,162,1749,10,9,216.0,228.0,0.0
y,162,1752,10,16,168.0,180.0,1.0
y,162,1754,10,16,180.0,192.0,0.0
y,162,1756,10,16,192.0,204.0,0.0
y,162,1758,10,16,204.0,216.0,0.0
y,162,1760,10,16,216.0,228.0,0.0
y,162,1762,10,11,162.0,168.0,0.0
y,162,1763,10,11,168.0,174.0,0.0
y,162,1764,10,11,174.0,180.0,0.0
y,162,1765,10,11,180.0,186.0,0.0
y,162,1766,10,11,186.0,192.0,0.0
y,162,1767,10,11,192.0,198.0,0.0
y,162,1768,10,11,198.0,204.0,0.0
y,162,1769,10,11,204.0,210.0,0.0
y,162,1770,10,11,210.0,216.0,0.0
y,162,1771,10,11,216.0,222.0,0.0
y,162,1772,10,11,222.0,228.0,0.0
y,162,1773,10,11,228.0,234.0,0.0
y,162,1775,10,19,168.0,180.0,0.0
y,162,1777,10,19,180.0,192.0,0.0
y,162,1779,10,19,192.0,204.0,0.0
y,162,1781,10,19,204.0,216.0,1.0
y,162,1783,10,19,216.0,228.0,0.0
y,162,1785,12,15,162.0,168.0,0.0
y,162,1786,12,15,168.0,174.0,0.0
y,162,1787,12,15,174.0,180.0,0.0
y,162,1788,12,15,180.0,186.0,0.0
y,162,1789,12,15,186.0,192.0,0.0
y,162,1790,12,15,192.0,198.0,0.0
y,162,1791,12,15,198.0,204.0,0.0
y,162,1792,12,15,204.0,210.0,0.0
y,162,1793,12,15,210.0,216.0,0.0
y,162,1794,12,15,216.0,222.0,0.0
y,162,1795,12,15,222.0,228.0,0.0
y,162,1796,12,15,228.0,234.0,0.0
y,162,1797,12,9,162.0,168.0,0.0
y,162,1798,12,9,168.0,174.0,0.0
y,162,1799,12,9,174.0,180.0,0.0
y,162,1800,12,9,180.0,186.0,0.0
y,162,1801,12,9,186.0,192.0,0.0
y,162,1802,12,9,192.0,198.0,0.0
y,162,1803,12,9,198.0,204.0,0.0
y,162,1804,12,9,204.0,210.0,0.0
y,162,1805,12,9,210.0,216.0,0.0
y,162,1806,12,9,216.0,222.0,0.0
y,162,1807,12,9,222.0,228.0,0.0
y,162,1808,12,9,228.0,234.0,0.0
y,162,1819,12,18,162.0,168.0,0.0
y,162,1820,12,18,168.0,174.0,0.0
y,162,1821,12,18,174.0,180.0,0.0
y,162,1822,12,18,180.0,186.0,0.0
y,162,1823,12,18,186.0,192.0,0.0
y,162,1824,12,18,192.0,198.0,0.0
y,162,1825,12,18,198.0,204.0,0.0
y,162,1826,12,18,204.0,210.0,0.0
y,162,1827,12,18,210.0,216.0,0.0
y,162,1828,12,18,216.0,222.0,0.0
y,162,1829,12,18,222.0,228.0,0.0
y,162,1830,12,18,228.0,234.0,0.0
y,162,1841,12,22,168.0,180.0,0.0
y,162,1843,12,22,180.0,192.0,0.0
y,162,1845,12,22,192.0,204.0,0.0
y,162,1847,12,22,204.0,216.0,0.0
y,162,1849,12,22,216.0,228.0,0.0
y,162,1852,16,25,168.0,180.0,0.0
y,162,1854,16,25,180.0,192.0,0.0
y,162,1856,16,25,192.0,204.0,0.0
y,162,1858,16,25,204.0,216.0,0.0
y,162,1860,16,25,216.0,228.0,0.0
y,162,1863,16,10,168.0,180.0,0.0
y,162,1865,16,10,180.0,192.0,0.0
y,162,1867,16,10,192.0,204.0,0.0
y,162,1869,16,10,204.0,216.0,0.0
y,162,1871,16,10,216.0,228.0,0.0
y,162,1883,16,11,162.0,168.0,0.0
y,162,1884,16,11,168.0,174.0,0.0
y,162,1885,16,11,174.0,180.0,0.0
y,162,1886,16,11,180.0,186.0,0.0
y,162,1887,16,11,186.0,192.0,0.0
y,162,1888,16,11,192.0,198.0,0.0
y,162,1889,16,11,198.0,204.0,0.0
y,162,1890,16,11,204.0,210.0,0.0
y,162,1891,16,11,210.0,216.0,0.0
y,162,1892,16,11,216.0,222.0,0.0
y,162,1893,16,11,222.0,228.0,0.0
y,162,1894,16,11,228.0,234.0,0.0
y,162,1906,16,13,168.0,180.0,0.0
y,162,1908,16,13,180.0,192.0,0.0
y,162,1910,16,13,192.0,204.0,0.0
y,162,1912,16,13,204.0,216.0,0.0
y,162,1914,16,13,216.0,228.0,0.0
y,162,1928,16,21,168.0,180.0,0.0
y,162,1930,16,21,180.0,192.0,0.0
y,162,1932,16,21,192.0,204.0,0.0
y,162,1934,16,21,204.0,216.0,0.0
y,162,1936,16,21,216.0,228.0,0.0
y,162,1938,16,19,162.0,168.0,0.0
y,162,1939,16,19,168.0,174.0,0.0
y,162,1940,16,19,174.0,180.0,0.0
y,162,1941,16,19,180.0,186.0,0.0
y,162,1942,16,19,186.0,192.0,0.0
y,162,1943,16,19,192.0,198.0,0.0
y,162,1944,16,19,198.0,204.0,0.0
y,162,1945,16,19,204.0,210.0,0.0
y,162,1946,16,19,210.0,216.0,0.0
y,162,1947,16,19,216.0,222.0,0.0
y,162,1948,16,19,222.0,228.0,0.0
y,162,1949,16,19,228.0,234.0,0.0
y,162,1951,16,14,168.0,180.0,0.0
y,162,1953,16,14,180.0,192.0,0.0
y,162,1955,16,14,192.0,204.0,0.0
y,162,1957,16,14,204.0,216.0,0.0
y,162,1959,16,14,216.0,228.0,0.0
y,162,1962,17,25,168.0,180.0,0.0
y,162,1964,17,25,180.0,192.0,0.0
y,162,1966,17,25,192.0,204.0,0.0
y,162,1968,17,25,204.0,216.0,0.0
y,162,1970,17,25,216.0,228.0,0.0
y,162,1992,17,11,168.0,180.0,0.0
y,162,1994,17,11,180.0,192.0,0.0
y,162,1996,17,11,192.0,204.0,0.0
y,162,1998,17,11,204.0,216.0,0.0
y,162,2000,17,11,216.0,228.0,0.0
y,162,2003,17,23,168.0,180.0,0.0
y,162,2005,17,23,180.0,192.0,0.0
y,162,2007,17,23,192.0,204.0,1.0
y,162,2009,17,23,204.0,216.0,0.0
y,162,2011,17,23,216.0,228.0,0.0
y,162,2014,17,13,168.0,180.0,0.0
y,162,2016,17,13,180.0,192.0,0.0
y,162,2018,17,13,192.0,204.0,0.0
y,162,2020,17,13,204.0,216.0,0.0
y,162,2022,17,13,216.0,228.0,0.0
y,162,2025,17,20,168.0,180.0,0.0
y,162,2027,17,20,180.0,192.0,1.0
y,162,2029,17,20,192.0,204.0,2.0
y,162,2031,17,20,204.0,216.0,1.0
y,162,2033,17,20,216.0,228.0,0.0
y,162,2036,17,21,168.0,180.0,0.0
y,162,2038,17,21,180.0,192.0,0.0
y,162,2040,17,21,192.0,204.0,0.0
y,162,2042,17,21,204.0,216.0,0.0
y,162,2044,17,21,216.0,228.0,0.0
y,162,2046,17,19,162.0,168.0,0.0
y,162,2047,17,19,168.0,174.0,1.0
y,162,2048,17,19,174.0,180.0,1.0
y,162,2049,17,19,180.0,186.0,0.0
y,162,2050,17,19,186.0,192.0,0.0
y,162,2051,17,19,192.0,198.0,0.0
y,162,2052,17,19,198.0,204.0,0.0
y,162,2053,17,19,204.0,210.0,0.0
y,162,2054,17,19,210.0,216.0,0.0
y,162,2055,17,19,216.0,222.0,0.0
y,162,2056,17,19,222.0,228.0,0.0
y,162,2057,17,19,228.0,234.0,2.0
y,162,2059,17,14,168.0,180.0,0.0
y,162,2061,17,14,180.0,192.0,0.0
y,162,2063,17,14,192.0,204.0,0.0
y,162,2065,17,14,204.0,216.0,0.0
y,162,2067,17,14,216.0,228.0,0.0
y,162,2081,36,39,168.0,180.0,0.0
y,162,2083,36,39,180.0,192.0,0.0
y,162,2085,36,39,192.0,204.0,0.0
y,162,2087,36,39,204.0,216.0,0.0
y,162,2089,36,39,216.0,228.0,0.0
y,162,2092,36,47,168.0,180.0,0.0
y,162,2094,36,47,180.0,192.0,0.0
y,162,2096,36,47,192.0,204.0,0.0
y,162,2098,36,47,204.0,216.0,0.0
y,162,2100,36,47,216.0,228.0,0.0
y,162,2103,36,44,168.0,180.0,0.0
y,162,2105,36,44,180.0,192.0,0.0
y,162,2107,36,44,192.0,204.0,0.0
y,162,2109,36,44,204.0,216.0,0.0
y,162,2111,36,44,216.0,228.0,0.0
y,162,2114,36,31,168.0,180.0,0.0
y,162,2116,36,31,180.0,192.0,0.0
y,162,2118,36,31,192.0,204.0,0.0
y,162,2120,36,31,204.0,216.0,0.0
y,162,2122,36,31,216.0,228.0,0.0
y,162,2172,46,42,168.0,180.0,1.0
y,162,2174,46,42,180.0,192.0,0.0
y,162,2176,46,42,192.0,204.0,0.0
y,162,2178,46,42,204.0,216.0,0.0
y,162,2180,46,42,216.0,228.0,0.0
y,162,2183,46,51,168.0,180.0,0.0
y,162,2185,46,51,180.0,192.0,0.0
y,162,2187,46,51,192.0,204.0,0.0
y,162,2189,46,51,204.0,216.0,0.0
y,162,2191,46,51,216.0,228.0,0.0
y,162,2194,46,41,168.0,180.0,0.0
y,162,2196,46,41,180.0,192.0,0.0
y,162,2198,46,41,192.0,204.0,0.0
y,162,2200,46,41,204.0,216.0,0.0
y,162,2202,46,41,216.0,228.0,0.0
y,162,2213,54,55,168.0,180.0,0.0
y,162,2215,54,55,180.0,192.0,0.0
y,162,2217,54,55,192.0,204.0,0.0
y,162,2219,54,55,204.0,216.0,0.0
y,162,2221,54,55,216.0,228.0,0.0
y,162,2223,54,47,162.0,168.0,0.0
y,162,2224,54,47,168.0,174.0,0.0
y,162,2225,54,47,174.0,180.0,0.0
y,162,2226,54,47,180.0,186.0,1.0
y,162,2227,54,47,186.0,192.0,0.0
y,162,2228,54,47,192.0,198.0,0.0
y,162,2229,54,47,198.0,204.0,2.0
y,162,2230,54,47,204.0,210.0,0.0
y,162,2231,54,47,210.0,216.0,0.0
y,162,2232,54,47,216.0,222.0,0.0
y,162,2233,54,47,222.0,228.0,0.0
y,162,2234,54,47,228.0,234.0,0.0
y,162,2236,54,44,168.0,180.0,0.0
y,162,2238,54,44,180.0,192.0,0.0
y,162,2240,54,44,192.0,204.0,0.0
y,162,2242,54,44,204.0,216.0,1.0
y,162,2244,54,44,216.0,228.0,0.0
y,162,2246,54,60,162.0,168.0,0.0
y,162,2247,54,60,168.0,174.0,0.0
y,162,2248,54,60,174.0,180.0,0.0
y,162,2249,54,60,180.0,186.0,0.0
y,162,2250,54,60,186.0,192.0,0.0
y,162,2251,54,60,192.0,198.0,0.0
y,162,2252,54,60,198.0,204.0,0.0
y,162,2253,54,60,204.0,210.0,0.0
y,162,2254,54,60,210.0,216.0,0.0
y,162,2255,54,60,216.0,222.0,0.0
y,162,2256,54,60,222.0,228.0,0.0
y,162,2257,54,60,228.0,234.0,0.0
y,162,2271,45,56,168.0,180.0,0.0
y,162,2273,45,56,180.0,192.0,0.0
y,162,2275,45,56,192.0,204.0,0.0
y,162,2277,45,56,204.0,216.0,0.0
y,162,2279,45,56,216.0,228.0,0.0
y,162,2292,45,50,168.0,180.0,0.0
y,162,2294,45,50,180.0,192.0,0.0
y,162,2296,45,50,192.0,204.0,0.0
y,162,2298,45,50,204.0,216.0,0.0
y,162,2300,45,50,216.0,228.0,0.0
y,162,2303,45,37,168.0,180.0,0.0
y,162,2305,45,37,180.0,192.0,0.0
y,162,2307,45,37,192.0,204.0,0.0
y,162,2309,45,37,204.0,216.0,0.0
y,162,2311,45,37,216.0,228.0,0.0
y,162,2314,45,53,168.0,180.0,0.0
y,162,2316,45,53,180.0,192.0,0.0
y,162,2318,45,53,192.0,204.0,0.0
y,162,2320,45,53,204.0,216.0,0.0
y,162,2322,45,53,216.0,228.0,0.0
y,162,2342,41,46,168.0,180.0,0.0
y,162,2344,41,46,180.0,192.0,0.0
y,162,2346,41,46,192.0,204.0,0.0
y,162,2348,41,46,204.0,216.0,0.0
y,162,2350,41,46,216.0,228.0,0.0
y,162,2363,43,40,168.0,180.0,0.0
y,162,2365,43,40,180.0,192.0,0.0
y,162,2367,43,40,192.0,204.0,0.0
y,162,2369,43,40,204.0,216.0,0.0
y,162,2371,43,40,216.0,228.0,0.0
y,162,2374,43,39,168.0,180.0,1.0
y,162,2376,43,39,180.0,192.0,3.0
y,162,2378,43,39,192.0,204.0,2.0
y,162,2380,43,39,204.0,216.0,1.0
y,162,2382,43,39,216.0,228.0,3.0
y,162,2384,43,47,162.0,168.0,0.0
y,162,2385,43,47,168.0,174.0,0.0
y,162,2386,43,47,174.0,180.0,0.0
y,162,2387,43,47,180.0,186.0,0.0
y,162,2388,43,47,186.0,192.0,0.0
y,162,2389,43,47,192.0,198.0,0.0
y,162,2390,43,47,198.0,204.0,0.0
y,162,2391,43,47,204.0,210.0,0.0
y,162,2392,43,47,210.0,216.0,0.0
y,162,2393,43,47,216.0,222.0,0.0
y,162,2394,43,47,222.0,228.0,0.0
y,162,2395,43,47,228.0,234.0,0.0
y,162,2396,43,44,162.0,168.0,0.0
y,162,2397,43,44,168.0,174.0,0.0
y,162,2398,43,44,174.0,180.0,0.0
y,162,2399,43,44,180.0,186.0,0.0
y,162,2400,43,44,186.0,192.0,0.0
y,162,2401,43,44,192.0,198.0,0.0
y,162,2402,43,44,198.0,204.0,0.0
y,162,2403,43,44,204.0,210.0,0.0
y,162,2404,43,44,210.0,216.0,0.0
y,162,2405,43,44,216.0,222.0,0.0
y,162,2406,43,44,222.0,228.0,0.0
y,162,2407,43,44,228.0,234.0,0.0
y,162,2409,43,32,168.0,180.0,0.0
y,162,2420,50,55,168.0,180.0,0.0
y,162,2422,50,55,180.0,192.0,0.0
y,162,2424,50,55,192.0,204.0,0.0
y,162,2426,50,55,204.0,216.0,0.0
y,162,2428,50,55,216.0,228.0,0.0
y,162,2439,50,57,168.0,180.0,0.0
y,162,2441,50,57,180.0,192.0,0.0
y,162,2443,50,57,192.0,204.0,0.0
y,162,2445,50,57,204.0,216.0,0.0
y,162,2447,50,57,216.0,228.0,0.0
y,162,2450,50,45,168.0,180.0,0.0
y,162,2452,50,45,180.0,192.0,0.0
y,162,2454,50,45,192.0,204.0,0.0
y,162,2456,50,45,204.0,216.0,0.0
y,162,2458,50,45,216.0,228.0,0.0
y,162,2471,50,48,168.0,180.0,2.0
y,162,2473,50,48,180.0,192.0,2.0
y,162,2475,50,48,192.0,204.0,1.0
y,162,2477,50,48,204.0,216.0,2.0
y,162,2479,50,48,216.0,228.0,1.0
y,162,2481,2,5,162.0,168.0,0.0
y,162,2482,2,5,168.0,174.0,0.0
y,162,2483,2,5,174.0,180.0,0.0
y,162,2484,2,5,180.0,186.0,0.0
y,162,2485,2,5,186.0,192.0,0.0
y,162,2486,2,5,192.0,198.0,1.0
y,162,2487,2,5,198.0,204.0,0.0
y,162,2488,2,5,204.0,210.0,0.0
y,162,2489,2,5,210.0,216.0,0.0
y,162,2490,2,5,216.0,222.0,0.0
y,162,2491,2,5,222.0,228.0,0.0
y,162,2492,2,5,228.0,234.0,2.0
y,162,2493,2,3,162.0,168.0,0.0
y,162,2494,2,3,168.0,174.0,0.0
y,162,2495,2,3,174.0,180.0,0.0
y,162,2496,2,3,180.0,186.0,0.0
y,162,2497,2,3,186.0,192.0,1.0
y,162,2498,2,3,192.0,198.0,0.0
y,162,2499,2,3,198.0,204.0,0.0
y,162,2500,2,3,204.0,210.0,0.0
y,162,2501,2,3,210.0,216.0,0.0
y,162,2502,2,3,216.0,222.0,0.0
y,162,2503,2,3,222.0,228.0,0.0
y,162,2504,2,3,228.0,234.0,0.0
y,162,2506,2,9,168.0,180.0,0.0
y,162,2508,2,9,180.0,192.0,0.0
y,162,2510,2,9,192.0,204.0,0.0
y,162,2512,2,9,204.0,216.0,0.0
y,162,2514,2,9,216.0,228.0,0.0
y,162,2517,2,12,168.0,180.0,0.0
y,162,2519,2,12,180.0,192.0,0.0
y,162,2521,2,12,192.0,204.0,0.0
y,162,2523,2,12,204.0,216.0,0.0
y,162,2525,2,12,216.0,228.0,0.0
y,162,2527,2,7,162.0,168.0,1.0
y,162,2528,2,7,168.0,174.0,0.0
y,162,2529,2,7,174.0,180.0,0.0
y,162,2530,2,7,180.0,186.0,0.0
y,162,2531,2,7,186.0,192.0,1.0
y,162,2532,2,7,192.0,198.0,0.0
y,162,2533,2,7,198.0,204.0,0.0
y,162,2534,2,7,204.0,210.0,0.0
y,162,2535,2,7,210.0,216.0,0.0
y,162,2536,2,7,216.0,222.0,0.0
y,162,2537,2,7,222.0,228.0,0.0
y,162,2538,2,7,228.0,234.0,0.0
y,162,2539,2,1,162.0,168.0,0.0
y,162,2540,2,1,168.0,174.0,0.0
y,162,2541,2,1,174.0,180.0,0.0
y,162,2542,2,1,180.0,186.0,0.0
y,162,2543,2,1,186.0,192.0,0.0
y,162,2544,2,1,192.0,198.0,0.0
y,162,2545,2,1,198.0,204.0,0.0
y,162,2546,2,1,204.0,210.0,0.0
y,162,2547,2,1,210.0,216.0,0.0
y,162,2548,2,1,216.0,222.0,0.0
y,162,2549,2,1,222.0,228.0,0.0
y,162,2550,2,1,228.0,234.0,0.0
y,162,2562,11,6,168.0,180.0,0.0
y,162,2564,11,6,180.0,192.0,0.0
y,162,2566,11,6,192.0,204.0,0.0
y,162,2568,11,6,204.0,216.0,0.0
y,162,2570,11,6,216.0,228.0,0.0
y,162,2572,11,10,162.0,168.0,0.0
y,162,2573,11,10,168.0,174.0,0.0
y,162,2574,11,10,174.0,180.0,0.0
y,162,2575,11,10,180.0,186.0,0.0
y,162,2576,11,10,186.0,192.0,0.0
y,162,2577,11,10,192.0,198.0,0.0
y,162,2578,11,10,198.0,204.0,0.0
y,162,2579,11,10,204.0,210.0,0.0
y,162,2580,11,10,210.0,216.0,0.0
y,162,2581,11,10,216.0,222.0,0.0
y,162,2582,11,10,222.0,228.0,0.0
y,162,2583,11,10,228.0,234.0,0.0
y,162,2593,11,16,162.0,168.0,0.0
y,162,2594,11,16,168.0,174.0,0.0
y,162,2595,11,16,174.0,180.0,0.0
y,162,2596,11,16,180.0,186.0,0.0
y,162,2597,11,16,186.0,192.0,0.0
y,162,2598,11,16,192.0,198.0,0.0
y,162,2599,11,16,198.0,204.0,0.0
y,162,2600,11,16,204.0,210.0,0.0
y,162,2601,11,16,210.0,216.0,0.0
y,162,2602,11,16,216.0,222.0,0.0
y,162,2603,11,16,222.0,228.0,0.0
y,162,2604,11,16,228.0,234.0,0.0
y,162,2606,11,19,168.0,180.0,0.0
y,162,2608,11,19,180.0,192.0,0.0
y,162,2610,11,19,192.0,204.0,0.0
y,162,2612,11,19,204.0,216.0,0.0
y,162,2614,11,19,216.0,228.0,0.0
y,162,2628,7,3,168.0,180.0,0.0
y,162,2630,7,3,180.0,192.0,0.0
y,162,2632,7,3,192.0,204.0,0.0
y,162,2634,7,3,204.0,216.0,0.0
y,162,2636,7,3,216.0,228.0,0.0
y,162,2639,7,9,168.0,180.0,0.0
y,162,2641,7,9,180.0,192.0,0.0
y,162,2643,7,9,192.0,204.0,0.0
y,162,2645,7,9,204.0,216.0,0.0
y,162,2647,7,9,216.0,228.0,0.0
y,162,2649,7,8,162.0,168.0,0.0
y,162,2650,7,8,168.0,174.0,0.0
y,162,2651,7,8,174.0,180.0,0.0
y,162,2652,7,8,180.0,186.0,0.0
y,162,2653,7,8,186.0,192.0,0.0
y,162,2654,7,8,192.0,198.0,0.0
y,162,2655,7,8,198.0,204.0,0.0
y,162,2656,7,8,204.0,210.0,0.0
y,162,2657,7,8,210.0,216.0,0.0
y,162,2658,7,8,216.0,222.0,0.0
y,162,2659,7,8,222.0,228.0,0.0
y,162,2660,7,8,228.0,234.0,0.0
y,162,2661,7,2,162.0,168.0,0.0
y,162,2662,7,2,168.0,174.0,0.0
y,162,2663,7,2,174.0,180.0,0.0
y,162,2664,7,2,180.0,186.0,0.0
y,162,2665,7,2,186.0,192.0,0.0
y,162,2666,7,2,192.0,198.0,0.0
y,162,2667,7,2,198.0,204.0,0.0
y,162,2668,7,2,204.0,210.0,0.0
y,162,2669,7,2,210.0,216.0,0.0
y,162,2670,7,2,216.0,222.0,0.0
y,162,2671,7,2,222.0,228.0,0.0
y,162,2672,7,2,228.0,234.0,0.0
y,162,2674,7,13,168.0,180.0,0.0
y,162,2676,7,13,180.0,192.0,0.0
y,162,2678,7,13,192.0,204.0,0.0
y,162,2680,7,13,204.0,216.0,0.0
y,162,2682,7,13,216.0,228.0,0.0
y,162,2685,7,1,168.0,180.0,0.0
y,162,2687,7,1,180.0,192.0,0.0
y,162,2689,7,1,192.0,204.0,0.0
y,162,2691,7,1,204.0,216.0,0.0
y,162,2693,7,1,216.0,228.0,0.0
y,162,2695,28,27,162.0,168.0,0.0
y,162,2696,28,27,168.0,174.0,0.0
y,162,2697,28,27,174.0,180.0,0.0
y,162,2698,28,27,180.0,186.0,0.0
y,162,2699,28,27,186.0,192.0,0.0
y,162,2700,28,27,192.0,198.0,0.0
y,162,2701,28,27,198.0,204.0,0.0
y,162,2702,28,27,204.0,210.0,0.0
y,162,2703,28,27,210.0,216.0,0.0
y,162,2704,28,27,216.0,222.0,0.0
y,162,2705,28,27,222.0,228.0,0.0
y,162,2706,28,27,228.0,234.0,0.0
y,162,2718,28,31,168.0,180.0,0.0
y,162,2720,28,31,180.0,192.0,0.0
y,162,2722,28,31,192.0,204.0,0.0
y,162,2724,28,31,204.0,216.0,0.0
y,162,2726,28,31,216.0,228.0,0.0
y,162,2739,28,30,168.0,180.0,0.0
y,162,2741,28,30,180.0,192.0,0.0
y,162,2743,28,30,192.0,204.0,0.0
y,162,2745,28,30,204.0,216.0,0.0
y,162,2747,28,30,216.0,228.0,0.0
y,162,2749,28,23,162.0,168.0,1.0
y,162,2750,28,23,168.0,174.0,0.0
y,162,2751,28,23,174.0,180.0,0.0
y,162,2752,28,23,180.0,186.0,0.0
y,162,2753,28,23,186.0,192.0,0.0
y,162,2754,28,23,192.0,198.0,0.0
y,162,2755,28,23,198.0,204.0,0.0
y,162,2756,28,23,204.0,210.0,0.0
y,162,2757,28,23,210.0,216.0,0.0
y,162,2758,28,23,216.0,222.0,0.0
y,162,2759,28,23,222.0,228.0,0.0
y,162,2760,28,23,228.0,234.0,0.0
y,162,2770,4,6,162.0,168.0,0.0
y,162,2771,4,6,168.0,174.0,0.0
y,162,2772,4,6,174.0,180.0,0.0
y,162,2773,4,6,180.0,186.0,0.0
y,162,2774,4,6,186.0,192.0,0.0
y,162,2775,4,6,192.0,198.0,0.0
y,162,2776,4,6,198.0,204.0,0.0
y,162,2777,4,6,204.0,210.0,0.0
y,162,2778,4,6,210.0,216.0,0.0
y,162,2779,4,6,216.0,222.0,0.0
y,162,2780,4,6,222.0,228.0,0.0
y,162,2781,4,6,228.0,234.0,0.0
y,162,2783,4,5,168.0,180.0,0.0
y,162,2785,4,5,180.0,192.0,0.0
y,162,2787,4,5,192.0,204.0,0.0
y,162,2789,4,5,204.0,216.0,0.0
y,162,2791,4,5,216.0,228.0,0.0
y,162,2802,4,9,168.0,180.0,0.0
y,162,2804,4,9,180.0,192.0,0.0
y,162,2806,4,9,192.0,204.0,0.0
y,162,2808,4,9,204.0,216.0,0.0
y,162,2810,4,9,216.0,228.0,0.0
y,162,2813,4,8,168.0,180.0,0.0
y,162,2815,4,8,180.0,192.0,0.0
y,162,2817,4,8,192.0,204.0,0.0
y,162,2819,4,8,204.0,216.0,0.0
y,162,2821,4,8,216.0,228.0,0.0
y,162,2824,4,10,168.0,180.0,0.0
y,162,2826,4,10,180.0,192.0,0.0
y,162,2828,4,10,192.0,204.0,0.0
y,162,2830,4,10,204.0,216.0,0.0
y,162,2832,4,10,216.0,228.0,0.0
y,162,2844,59,57,168.0,180.0,0.0
y,162,2846,59,57,180.0,192.0,0.0
y,162,2848,59,57,192.0,204.0,0.0
y,162,2850,59,57,204.0,216.0,0.0
y,162,2852,59,57,216.0,228.0,0.0
y,162,2873,30,25,162.0,168.0,0.0
y,162,2874,30,25,168.0,174.0,0.0
y,162,2875,30,25,174.0,180.0,0.0
y,162,2876,30,25,180.0,186.0,0.0
y,162,2877,30,25,186.0,192.0,0.0
y,162,2878,30,25,192.0,198.0,0.0
y,162,2879,30,25,198.0,204.0,0.0
y,162,2880,30,25,204.0,210.0,0.0
y,162,2881,30,25,210.0,216.0,0.0
y,162,2882,30,25,216.0,222.0,0.0
y,162,2883,30,25,222.0,228.0,0.0
y,162,2884,30,25,228.0,234.0,0.0
y,162,2896,30,28,168.0,180.0,0.0
y,162,2898,30,28,180.0,192.0,0.0
y,162,2900,30,28,192.0,204.0,0.0
y,162,2902,30,28,204.0,216.0,0.0
y,162,2904,30,28,216.0,228.0,0.0
y,162,2917,30,37,168.0,180.0,0.0
y,162,2919,30,37,180.0,192.0,0.0
y,162,2921,30,37,192.0,204.0,0.0
y,162,2923,30,37,204.0,216.0,0.0
y,162,2925,30,37,216.0,228.0,0.0
y,162,2928,30,34,168.0,180.0,0.0
y,162,2930,30,34,180.0,192.0,0.0
y,162,2932,30,34,192.0,204.0,0.0
y,162,2934,30,34,204.0,216.0,0.0
y,162,2936,30,34,216.0,228.0,0.0
y,162,2945,23,27,168.0,180.0,0.0
y,162,2947,23,27,180.0,192.0,0.0
y,162,2949,23,27,192.0,204.0,0.0
y,162,2951,23,27,204.0,216.0,0.0
y,162,2953,23,27,216.0,228.0,0.0
y,162,2966,16,23,168.0,180.0,0.0
y,162,2985,23,28,162.0,168.0,0.0
y,162,2986,23,28,168.0,174.0,0.0
y,162,2987,23,28,174.0,180.0,0.0
y,162,2988,23,28,180.0,186.0,0.0
y,162,2989,23,28,186.0,192.0,0.0
y,162,2990,23,28,192.0,198.0,0.0
y,162,2991,23,28,198.0,204.0,0.0
y,162,2992,23,28,204.0,210.0,0.0
y,162,2993,23,28,210.0,216.0,0.0
y,162,2994,23,28,216.0,222.0,0.0
y,162,2995,23,28,222.0,228.0,0.0
y,162,2996,23,28,228.0,234.0,0.0
y,162,3018,23,19,168.0,180.0,0.0
y,162,3020,23,19,180.0,192.0,0.0
y,162,3022,23,19,192.0,204.0,0.0
y,162,3024,23,19,204.0,216.0,0.0
y,162,3026,23,19,216.0,228.0,0.0
y,162,3029,63,65,168.0,180.0,0.0
y,162,3031,63,65,180.0,192.0,0.0
y,162,3033,63,65,192.0,204.0,0.0
y,162,3035,63,65,204.0,216.0,0.0
y,162,3037,63,65,216.0,228.0,0.0
y,162,3074,18,15,162.0,168.0,1.0
y,162,3075,18,15,168.0,174.0,0.0
y,162,3076,18,15,174.0,180.0,0.0
y,162,3077,18,15,180.0,186.0,0.0
y,162,3078,18,15,186.0,192.0,0.0
y,162,3079,18,15,192.0,198.0,0.0
y,162,3080,18,15,198.0,204.0,0.0
y,162,3081,18,15,204.0,210.0,0.0
y,162,3082,18,15,210.0,216.0,0.0
y,162,3083,18,15,216.0,222.0,0.0
y,162,3084,18,15,222.0,228.0,0.0
y,162,3085,18,15,228.0,234.0,0.0
y,162,3087,18,9,168.0,180.0,0.0
y,162,3089,18,9,180.0,192.0,0.0
y,162,3091,18,9,192.0,204.0,0.0
y,162,3093,18,9,204.0,216.0,0.0
y,162,3095,18,9,216.0,228.0,0.0
y,162,3097,18,12,162.0,168.0,0.0
y,162,3098,18,12,168.0,174.0,0.0
y,162,3099,18,12,174.0,180.0,0.0
y,162,3100,18,12,180.0,186.0,0.0
y,162,3101,18,12,186.0,192.0,0.0
y,162,3102,18,12,192.0,198.0,0.0
y,162,3103,18,12,198.0,204.0,0.0
y,162,3104,18,12,204.0,210.0,0.0
y,162,3105,18,12,210.0,216.0,0.0
y,162,3106,18,12,216.0,222.0,0.0
y,162,3107,18,12,222.0,228.0,0.0
y,162,3108,18,12,228.0,234.0,0.0
y,162,3110,18,26,168.0,180.0,1.0
y,162,3112,18,26,180.0,192.0,1.0
y,162,3114,18,26,192.0,204.0,0.0
y,162,3116,18,26,204.0,216.0,0.0
y,162,3118,18,26,216.0,228.0,0.0
y,162,3121,18,21,168.0,180.0,0.0
y,162,3131,18,22,162.0,168.0,0.0
y,162,3132,18,22,168.0,174.0,0.0
y,162,3133,18,22,174.0,180.0,0.0
y,162,3134,18,22,180.0,186.0,0.0
y,162,3135,18,22,186.0,192.0,0.0
y,162,3136,18,22,192.0,198.0,0.0
y,162,3137,18,22,198.0,204.0,0.0
y,162,3138,18,22,204.0,210.0,0.0
y,162,3139,18,22,210.0,216.0,0.0
y,162,3140,18,22,216.0,222.0,0.0
y,162,3141,18,22,222.0,228.0,0.0
y,162,3142,18,22,228.0,234.0,0.0
y,162,3154,37,45,168.0,180.0,0.0
y,162,3156,37,45,180.0,192.0,2.0
y,162,3158,37,45,192.0,204.0,0.0
y,162,3160,37,45,204.0,216.0,0.0
y,162,3162,37,45,216.0,228.0,0.0
y,162,3165,37,30,168.0,180.0,0.0
y,162,3167,37,30,180.0,192.0,0.0
y,162,3169,37,30,192.0,204.0,0.0
y,162,3171,37,30,204.0,216.0,0.0
y,162,3173,37,30,216.0,228.0,0.0
y,162,3185,62,55,168.0,180.0,0.0
y,162,3187,62,55,180.0,192.0,0.0
y,162,3189,62,55,192.0,204.0,1.0
y,162,3191,62,55,204.0,216.0,0.0
y,162,3193,62,55,216.0,228.0,0.0
y,162,3235,62,50,168.0,180.0,0.0
y,162,3266,13,8,168.0,180.0,3.0
y,162,3268,13,8,180.0,192.0,0.0
y,162,3270,13,8,192.0,204.0,0.0
y,162,3272,13,8,204.0,216.0,0.0
y,162,3274,13,8,216.0,228.0,0.0
y,162,3277,13,17,168.0,180.0,0.0
y,162,3279,13,17,180.0,192.0,0.0
y,162,3281,13,17,192.0,204.0,0.0
y,162,3283,13,17,204.0,216.0,0.0
y,162,3285,13,17,216.0,228.0,0.0
y,162,3287,61,60,162.0,168.0,0.0
y,162,3288,61,60,168.0,174.0,0.0
y,162,3289,61,60,174.0,180.0,0.0
y,162,3290,61,60,180.0,186.0,0.0
y,162,3291,61,60,186.0,192.0,0.0
y,162,3292,61,60,192.0,198.0,0.0
y,162,3293,61,60,198.0,204.0,0.0
y,162,3294,61,60,204.0,210.0,0.0
y,162,3295,61,60,210.0,216.0,0.0
y,162,3296,61,60,216.0,222.0,0.0
y,162,3297,61,60,222.0,228.0,0.0
y,162,3298,61,60,228.0,234.0,0.0
y,162,3300,13,19,168.0,180.0,0.0
y,162,3302,13,19,180.0,192.0,2.0
y,162,3304,13,19,192.0,204.0,0.0
y,162,3306,13,19,204.0,216.0,0.0
y,162,3308,13,19,216.0,228.0,0.0
y,162,3310,13,14,162.0,168.0,0.0
y,162,3311,13,14,168.0,174.0,0.0
y,162,3312,13,14,174.0,180.0,0.0
y,162,3343,26,15,168.0,180.0,0.0
y,162,3345,26,15,180.0,192.0,0.0
y,162,3347,26,15,192.0,204.0,0.0
y,162,3349,26,15,204.0,216.0,0.0
y,162,3351,26,15,216.0,228.0,0.0
y,162,3353,26,29,162.0,168.0,0.0
y,162,3354,26,29,168.0,174.0,0.0
y,162,3355,26,29,174.0,180.0,0.0
y,162,3356,26,29,180.0,186.0,0.0
y,162,3357,26,29,186.0,192.0,0.0
y,162,3358,26,29,192.0,198.0,0.0
y,162,3359,26,29,198.0,204.0,0.0
y,162,3360,26,29,204.0,210.0,0.0
y,162,3361,26,29,210.0,216.0,0.0
y,162,3362,26,29,216.0,222.0,0.0
y,162,3363,26,29,222.0,228.0,0.0
y,162,3364,26,29,228.0,234.0,0.0
y,162,3376,26,12,168.0,180.0,0.0
y,162,3378,26,12,180.0,192.0,0.0
y,162,3380,26,12,192.0,204.0,0.0
y,162,3382,26,12,204.0,216.0,0.0
y,162,3384,26,12,216.0,228.0,0.0
y,162,3405,26,18,168.0,180.0,0.0
y,162,3407,26,18,180.0,192.0,0.0
y,162,3409,26,18,192.0,204.0,0.0
y,162,3411,26,18,204.0,216.0,0.0
y,162,3413,26,18,216.0,228.0,0.0
y,162,3416,26,21,168.0,180.0,0.0
y,162,3418,26,21,180.0,192.0,0.0
y,162,3420,26,21,192.0,204.0,0.0
y,162,3422,26,21,204.0,216.0,0.0
y,162,3424,26,21,216.0,228.0,0.0
y,162,3426,26,22,162.0,168.0,0.0
y,162,3427,26,22,168.0,174.0,0.0
y,162,3428,26,22,174.0,180.0,0.0
y,162,3429,26,22,180.0,186.0,0.0
y,162,3430,26,22,186.0,192.0,0.0
y,162,3431,26,22,192.0,198.0,0.0
y,162,3432,26,22,198.0,204.0,0.0
y,162,3433,26,22,204.0,210.0,0.0
y,162,3434,26,22,210.0,216.0,0.0
y,162,3435,26,22,216.0,222.0,0.0
y,162,3436,26,22,222.0,228.0,0.0
y,162,3437,26,22,228.0,234.0,0.0
y,162,3449,26,32,168.0,180.0,0.0
y,162,3451,26,32,180.0,192.0,0.0
y,162,3453,26,32,192.0,204.0,0.0
y,162,3455,26,32,204.0,216.0,0.0
y,162,3457,26,32,216.0,228.0,0.0
y,162,3460,34,30,168.0,180.0,0.0
y,162,3462,34,30,180.0,192.0,0.0
y,162,3464,34,30,192.0,204.0,0.0
y,162,3466,34,30,204.0,216.0,0.0
y,162,3468,34,30,216.0,228.0,0.0
y,162,3480,34,38,168.0,180.0,0.0
y,162,3482,34,38,180.0,192.0,1.0
y,162,3484,34,38,192.0,204.0,0.0
y,162,3486,34,38,204.0,216.0,0.0
y,162,3488,34,38,216.0,228.0,0.0
y,162,3511,20,17,168.0,180.0,0.0
y,162,3513,20,17,180.0,192.0,0.0
y,162,3515,20,17,192.0,204.0,0.0
y,162,3517,20,17,204.0,216.0,0.0
y,162,3519,20,17,216.0,228.0,0.0
y,162,3524,20,19,168.0,180.0,0.0
y,162,3526,20,19,180.0,192.0,0.0
y,162,3528,20,19,192.0,204.0,0.0
y,162,3530,20,19,204.0,216.0,0.0
y,162,3532,20,19,216.0,228.0,0.0
y,162,3545,20,24,168.0,180.0,0.0
y,162,3547,20,24,180.0,192.0,0.0
y,162,3549,20,24,192.0,204.0,2.0
y,162,3551,20,24,204.0,216.0,0.0
y,162,3553,20,24,216.0,228.0,0.0
y,162,3587,38,34,168.0,180.0,0.0
y,162,3589,38,34,180.0,192.0,0.0
y,162,3591,38,34,192.0,204.0,0.0
y,162,3593,38,34,204.0,216.0,0.0
y,162,3595,38,34,216.0,228.0,0.0
y,162,3598,21,27,168.0,180.0,0.0
y,162,3600,21,27,180.0,192.0,0.0
y,162,3602,21,27,192.0,204.0,0.0
y,162,3604,21,27,204.0,216.0,0.0
y,162,3606,21,27,216.0,228.0,0.0
y,162,3654,21,17,168.0,180.0,2.0
y,162,3656,21,17,180.0,192.0,1.0
y,162,3658,21,17,192.0,204.0,0.0
y,162,3660,21,17,204.0,216.0,2.0
y,162,3662,21,17,216.0,228.0,0.0
y,162,3665,21,23,168.0,180.0,0.0
y,162,3686,21,26,168.0,180.0,0.0
y,162,3688,21,26,180.0,192.0,0.0
y,162,3690,21,26,192.0,204.0,0.0
y,162,3692,21,26,204.0,216.0,2.0
y,162,3694,21,26,216.0,228.0,0.0
y,162,3703,22,15,168.0,180.0,0.0
y,162,3705,22,15,180.0,192.0,0.0
y,162,3707,22,15,192.0,204.0,0.0
y,162,3709,22,15,204.0,216.0,0.0
y,162,3711,22,15,216.0,228.0,0.0
y,162,3714,22,29,168.0,180.0,0.0
y,162,3716,22,29,180.0,192.0,0.0
y,162,3718,22,29,192.0,204.0,0.0
y,162,3720,22,29,204.0,216.0,0.0
y,162,3722,22,29,216.0,228.0,0.0
y,162,3741,22,12,168.0,180.0,0.0
y,162,3743,22,12,180.0,192.0,0.0
y,162,3745,22,12,192.0,204.0,0.0
y,162,3747,22,12,204.0,216.0,0.0
y,162,3749,22,12,216.0,228.0,0.0
y,162,3751,22,18,162.0,168.0,0.0
y,162,3752,22,18,168.0,174.0,0.0
y,162,3753,22,18,174.0,180.0,0.0
y,162,3754,22,18,180.0,186.0,0.0
y,162,3755,22,18,186.0,192.0,0.0
y,162,3756,22,18,192.0,198.0,0.0
y,162,3757,22,18,198.0,204.0,0.0
y,162,3758,22,18,204.0,210.0,0.0
y,162,3759,22,18,210.0,216.0,0.0
y,162,3760,22,18,216.0,222.0,0.0
y,162,3761,22,18,222.0,228.0,0.0
y,162,3762,22,18,228.0,234.0,0.0
y,162,3763,22,26,162.0,168.0,1.0
y,162,3764,22,26,168.0,174.0,0.0
y,162,3765,22,26,174.0,180.0,0.0
y,162,3766,22,26,180.0,186.0,0.0
y,162,3767,22,26,186.0,192.0,0.0
y,162,3768,22,26,192.0,198.0,1.0
y,162,3769,22,26,198.0,204.0,2.0
y,162,3770,22,26,204.0,210.0,0.0
y,162,3771,22,26,210.0,216.0,0.0
y,162,3772,22,26,216.0,222.0,0.0
y,162,3773,22,26,222.0,228.0,0.0
y,162,3774,22,26,228.0,234.0,0.0
y,162,3795,35,40,162.0,168.0,0.0
y,162,3796,35,40,168.0,174.0,0.0
y,162,3797,35,40,174.0,180.0,0.0
y,162,3798,35,40,180.0,186.0,0.0
y,162,3799,35,40,186.0,192.0,0.0
y,162,3800,35,40,192.0,198.0,0.0
y,162,3801,35,40,198.0,204.0,0.0
y,162,3802,35,40,204.0,210.0,0.0
y,162,3803,35,40,210.0,216.0,0.0
y,162,3804,35,40,216.0,222.0,0.0
y,162,3805,35,40,222.0,228.0,0.0
y,162,3806,35,40,228.0,234.0,0.0
y,162,3816,35,39,162.0,168.0,0.0
y,162,3817,35,39,168.0,174.0,0.0
y,162,3818,35,39,174.0,180.0,0.0
y,162,3819,35,39,180.0,186.0,0.0
y,162,3820,35,39,186.0,192.0,0.0
y,162,3821,35,39,192.0,198.0,0.0
y,162,3822,35,39,198.0,204.0,0.0
y,162,3823,35,39,204.0,210.0,0.0
y,162,3824,35,39,210.0,216.0,0.0
y,162,3825,35,39,216.0,222.0,0.0
y,162,3826,35,39,222.0,228.0,0.0
y,162,3827,35,39,228.0,234.0,0.0
y,162,3829,35,29,168.0,180.0,0.0
y,162,3831,35,29,180.0,192.0,0.0
y,162,3833,35,29,192.0,204.0,0.0
y,162,3835,35,29,204.0,216.0,0.0
y,162,3837,35,29,216.0,228.0,0.0
y,162,3858,35,32,162.0,168.0,0.0
y,162,3859,35,32,168.0,174.0,0.0
y,162,3860,35,32,174.0,180.0,0.0
y,162,3861,35,32,180.0,186.0,0.0
y,162,3862,35,32,186.0,192.0,1.0
y,162,3863,35,32,192.0,198.0,0.0
y,162,3864,35,32,198.0,204.0,0.0
y,162,3865,35,32,204.0,210.0,0.0
y,162,3866,35,32,210.0,216.0,0.0
y,162,3867,35,32,216.0,222.0,0.0
y,162,3868,35,32,222.0,228.0,0.0
y,162,3869,35,32,228.0,234.0,0.0
y,162,3871,1,6,168.0,180.0,0.0
y,162,3873,1,6,180.0,192.0,0.0
y,162,3875,1,6,192.0,204.0,0.0
y,162,3877,1,6,204.0,216.0,0.0
y,162,3879,1,6,216.0,228.0,0.0
y,162,3882,1,5,168.0,180.0,0.0
y,162,3884,1,5,180.0,192.0,0.0
y,162,3886,1,5,192.0,204.0,0.0
y,162,3888,1,5,204.0,216.0,0.0
y,162,3890,1,5,216.0,228.0,0.0
y,162,3892,1,3,162.0,168.0,0.0
y,162,3893,1,3,168.0,174.0,0.0
y,162,3894,1,3,174.0,180.0,0.0
y,162,3895,1,3,180.0,186.0,0.0
y,162,3896,1,3,186.0,192.0,0.0
y,162,3897,1,3,192.0,198.0,0.0
y,162,3898,1,3,198.0,204.0,0.0
y,162,3899,1,3,204.0,210.0,0.0
y,162,3900,1,3,210.0,216.0,0.0
y,162,3901,1,3,216.0,222.0,0.0
y,162,3902,1,3,222.0,228.0,0.0
y,162,3903,1,3,228.0,234.0,0.0
y,162,3915,1,8,168.0,180.0,0.0
y,162,3917,1,8,180.0,192.0,0.0
y,162,3919,1,8,192.0,204.0,0.0
y,162,3921,1,8,204.0,216.0,0.0
y,162,3923,1,8,216.0,228.0,0.0
y,162,3925,1,2,162.0,168.0,0.0
y,162,3926,1,2,168.0,174.0,0.0
y,162,3927,1,2,174.0,180.0,0.0
y,162,3928,1,2,180.0,186.0,0.0
y,162,3929,1,2,186.0,192.0,0.0
y,162,3930,1,2,192.0,198.0,0.0
y,162,3931,1,2,198.0,204.0,0.0
y,162,3932,1,2,204.0,210.0,0.0
y,162,3933,1,2,210.0,216.0,0.0
y,162,3934,1,2,216.0,222.0,0.0
y,162,3935,1,2,222.0,228.0,0.0
y,162,3936,1,2,228.0,234.0,0.0
y,162,3938,1,7,168.0,180.0,0.0
y,162,3940,1,7,180.0,192.0,2.0
y,162,3942,1,7,192.0,204.0,0.0
y,162,3944,1,7,204.0,216.0,1.0
y,162,3946,1,7,216.0,228.0,0.0
y,162,3948,53,55,162.0,168.0,0.0
y,162,3949,53,55,168.0,174.0,0.0
y,162,3950,53,55,174.0,180.0,0.0
y,162,3951,53,55,180.0,186.0,0.0
y,162,3952,53,55,186.0,192.0,0.0
y,162,3953,53,55,192.0,198.0,0.0
y,162,3954,53,55,198.0,204.0,0.0
y,162,3955,53,55,204.0,210.0,0.0
y,162,3956,53,55,210.0,216.0,0.0
y,162,3957,53,55,216.0,222.0,0.0
y,162,3958,53,55,222.0,228.0,0.0
y,162,3959,53,55,228.0,234.0,0.0
y,162,3960,53,56,162.0,168.0,0.0
y,162,3961,53,56,168.0,174.0,0.0
y,162,3962,53,56,174.0,180.0,0.0
y,162,3963,53,56,180.0,186.0,0.0
y,162,3964,53,56,186.0,192.0,0.0
y,162,3965,53,56,192.0,198.0,0.0
y,162,3966,53,56,198.0,204.0,0.0
y,162,3967,53,56,204.0,210.0,0.0
y,162,3968,53,56,210.0,216.0,0.0
y,162,3969,53,56,216.0,222.0,0.0
y,162,3970,53,56,222.0,228.0,0.0
y,162,3971,53,56,228.0,234.0,0.0
y,162,3973,53,60,168.0,180.0,0.0
y,162,3975,53,60,180.0,192.0,0.0
y,162,3977,53,60,192.0,204.0,0.0
y,162,3979,53,60,204.0,216.0,0.0
y,162,3981,53,60,216.0,228.0,0.0
y,162,3984,53,45,168.0,180.0,0.0
y,162,3986,53,45,180.0,192.0,1.0
y,162,3988,53,45,192.0,204.0,0.0
y,162,3990,53,45,204.0,216.0,0.0
y,162,3992,53,45,216.0,228.0,0.0
y,162,4000,19,25,162.0,168.0,0.0
y,162,4001,19,25,168.0,174.0,0.0
y,162,4002,19,25,174.0,180.0,0.0
y,162,4003,19,25,180.0,186.0,0.0
y,162,4004,19,25,186.0,192.0,0.0
y,162,4005,19,25,192.0,198.0,0.0
y,162,4006,19,25,198.0,204.0,0.0
y,162,4007,19,25,204.0,210.0,0.0
y,162,4008,19,25,210.0,216.0,0.0
y,162,4009,19,25,216.0,222.0,0.0
y,162,4010,19,25,222.0,228.0,0.0
y,162,4011,19,25,228.0,234.0,0.0
y,162,4013,19,10,168.0,180.0,0.0
y,162,4015,19,10,180.0,192.0,0.0
y,162,4017,19,10,192.0,204.0,0.0
y,162,4019,19,10,204.0,216.0,0.0
y,162,4021,19,10,216.0,228.0,0.0
y,162,4023,19,16,162.0,168.0,0.0
y,162,4024,19,16,168.0,174.0,0.0
y,162,4025,19,16,174.0,180.0,1.0
y,162,4026,19,16,180.0,186.0,0.0
y,162,4027,19,16,186.0,192.0,1.0
y,162,4028,19,16,192.0,198.0,0.0
y,162,4029,19,16,198.0,204.0,0.0
y,162,4030,19,16,204.0,210.0,0.0
y,162,4031,19,16,210.0,216.0,0.0
y,162,4032,19,16,216.0,222.0,0.0
y,162,4033,19,16,222.0,228.0,0.0
y,162,4034,19,16,228.0,234.0,0.0
y,162,4045,19,11,168.0,180.0,0.0
y,162,4047,19,11,180.0,192.0,1.0
y,162,4049,19,11,192.0,204.0,0.0
y,162,4051,19,11,204.0,216.0,0.0
y,162,4053,19,11,216.0,228.0,0.0
y,162,4066,19,23,168.0,180.0,0.0
y,162,4068,19,23,180.0,192.0,0.0
y,162,4070,19,23,192.0,204.0,0.0
y,162,4072,19,23,204.0,216.0,0.0
y,162,4074,19,23,216.0,228.0,0.0
y,162,4077,19,13,168.0,180.0,0.0
y,162,4079,19,13,180.0,192.0,0.0
y,162,4081,19,13,192.0,204.0,0.0
y,162,4083,19,13,204.0,216.0,0.0
y,162,4085,19,13,216.0,228.0,1.0
y,162,4088,19,20,168.0,180.0,0.0
y,162,4090,19,20,180.0,192.0,0.0
y,162,4092,19,20,192.0,204.0,0.0
y,162,4094,19,20,204.0,216.0,0.0
y,162,4096,19,20,216.0,228.0,0.0
y,162,4099,19,21,168.0,180.0,0.0
y,162,4101,19,21,180.0,192.0,0.0
y,162,4103,19,21,192.0,204.0,0.0
y,162,4105,19,21,204.0,216.0,0.0
y,162,4107,19,21,216.0,228.0,0.0
y,162,4131,32,39,168.0,180.0,0.0
y,162,4133,32,39,180.0,192.0,0.0
y,162,4135,32,39,192.0,204.0,0.0
y,162,4137,32,39,204.0,216.0,0.0
y,162,4139,32,39,216.0,228.0,0.0
y,162,4141,32,29,162.0,168.0,0.0
y,162,4142,32,29,168.0,174.0,0.0
y,162,4143,32,29,174.0,180.0,0.0
y,162,4144,32,29,180.0,186.0,0.0
y,162,4145,32,29,186.0,192.0,0.0
y,162,4146,32,29,192.0,198.0,0.0
y,162,4147,32,29,198.0,204.0,0.0
y,162,4148,32,29,204.0,210.0,0.0
y,162,4149,32,29,210.0,216.0,0.0
y,162,4150,32,29,216.0,222.0,0.0
y,162,4151,32,29,222.0,228.0,0.0
y,162,4152,32,29,228.0,234.0,2.0
y,162,4174,32,26,168.0,180.0,0.0
y,162,4176,32,26,180.0,192.0,1.0
y,162,4178,32,26,192.0,204.0,0.0
y,162,4180,32,26,204.0,216.0,1.0
y,162,4182,32,26,216.0,228.0,0.0
y,162,4184,32,35,162.0,168.0,0.0
y,162,4185,32,35,168.0,174.0,0.0
y,162,4186,32,35,174.0,180.0,0.0
y,162,4187,32,35,180.0,186.0,0.0
y,162,4188,32,35,186.0,192.0,0.0
y,162,4189,32,35,192.0,198.0,0.0
y,162,4190,32,35,198.0,204.0,0.0
y,162,4191,32,35,204.0,210.0,0.0
y,162,4192,32,35,210.0,216.0,0.0
y,162,4193,32,35,216.0,222.0,0.0
y,162,4194,32,35,222.0,228.0,0.0
y,162,4195,32,35,228.0,234.0,0.0
y,162,4206,14,8,168.0,180.0,1.0
y,162,4208,14,8,180.0,192.0,0.0
y,162,4210,14,8,192.0,204.0,0.0
y,162,4212,14,8,204.0,216.0,0.0
y,162,4214,14,8,216.0,228.0,0.0
y,162,4235,56,53,162.0,168.0,0.0
y,162,4236,56,53,168.0,174.0,0.0
y,162,4237,56,53,174.0,180.0,0.0
y,162,4238,56,53,180.0,186.0,0.0
y,162,4239,56,53,186.0,192.0,0.0
y,162,4240,56,53,192.0,198.0,0.0
y,162,4241,56,53,198.0,204.0,0.0
y,162,4242,56,53,204.0,210.0,0.0
y,162,4243,56,53,210.0,216.0,0.0
y,162,4244,56,53,216.0,222.0,0.0
y,162,4245,56,53,222.0,228.0,0.0
y,162,4246,56,53,228.0,234.0,0.0
y,162,4260,14,24,168.0,180.0,0.0
y,162,4262,14,24,180.0,192.0,0.0
y,162,4264,14,24,192.0,204.0,0.0
y,162,4266,14,24,204.0,216.0,0.0
y,162,4268,14,24,216.0,228.0,0.0
y,162,4270,48,49,162.0,168.0,0.0
y,162,4271,48,49,168.0,174.0,0.0
y,162,4272,48,49,174.0,180.0,1.0
y,162,4273,48,49,180.0,186.0,0.0
y,162,4274,48,49,186.0,192.0,0.0
y,162,4275,48,49,192.0,198.0,0.0
y,162,4276,48,49,198.0,204.0,1.0
y,162,4277,48,49,204.0,210.0,0.0
y,162,4278,48,49,210.0,216.0,0.0
y,162,4279,48,49,216.0,222.0,0.0
y,162,4280,48,49,222.0,228.0,1.0
y,162,4281,48,49,228.0,234.0,0.0
y,162,4283,48,51,168.0,180.0,0.0
y,162,4285,48,51,180.0,192.0,1.0000000000001843
y,162,4287,48,51,192.0,204.0,1.0
y,162,4289,48,51,204.0,216.0,0.0
y,162,4291,48,51,216.0,228.0,0.0
y,162,4303,48,50,168.0,180.0,0.0
y,162,4305,48,50,180.0,192.0,0.0
y,162,4307,48,50,192.0,204.0,0.0
y,162,4309,48,50,204.0,216.0,0.0
y,162,4311,48,50,216.0,228.0,0.0
y,162,4319,24,33,168.0,180.0,0.0
y,162,4321,24,33,180.0,192.0,0.0
y,162,4323,24,33,192.0,204.0,0.0
y,162,4325,24,33,204.0,216.0,0.0
y,162,4327,24,33,216.0,228.0,0.0
y,162,4330,24,20,168.0,180.0,0.0
y,162,4332,24,20,180.0,192.0,0.0
y,162,4334,24,20,192.0,204.0,0.0
y,162,4336,24,20,204.0,216.0,0.0
y,162,4338,24,20,216.0,228.0,0.0
y,162,4341,24,14,168.0,180.0,2.0
y,162,4343,24,14,180.0,192.0,0.0
y,162,4345,24,14,192.0,204.0,0.0
y,162,4347,24,14,204.0,216.0,0.0
y,162,4349,24,14,216.0,228.0,1.0
y,162,4358,55,64,168.0,180.0,0.0
y,162,4360,55,64,180.0,192.0,0.0
y,162,4362,55,64,192.0,204.0,0.0
y,162,4364,55,64,204.0,216.0,0.0
y,162,4366,55,64,216.0,228.0,0.0
y,162,4379,53,64,168.0,180.0,0.0
y,162,4381,53,64,180.0,192.0,0.0
y,162,4383,53,64,192.0,204.0,0.0
y,162,4385,53,64,204.0,216.0,0.0
y,162,4387,53,64,216.0,228.0,0.0
y,162,4420,9,6,168.0,180.0,0.0
y,162,4422,9,6,180.0,192.0,0.0
y,162,4424,9,6,192.0,204.0,0.0
y,162,4426,9,6,204.0,216.0,0.0
y,162,4428,9,6,216.0,228.0,0.0
y,162,4440,41,42,168.0,180.0,0.0
y,162,4442,41,42,180.0,192.0,1.0
y,162,4444,41,42,192.0,204.0,0.0
y,162,4446,41,42,204.0,216.0,0.0
y,162,4448,41,42,216.0,228.0,0.0
y,162,4451,10,5,168.0,180.0,0.0
y,162,4453,10,5,180.0,192.0,0.0
y,162,4455,10,5,192.0,204.0,0.0
y,162,4457,10,5,204.0,216.0,0.0
y,162,4459,10,5,216.0,228.0,0.0
y,162,4491,46,52,168.0,180.0,0.0
y,162,4493,46,52,180.0,192.0,1.0
y,162,4495,46,52,192.0,204.0,0.0
y,162,4497,46,52,204.0,216.0,0.0
y,162,4499,46,52,216.0,228.0,0.0
y,162,4501,47,44,162.0,168.0,0.0
y,162,4502,47,44,168.0,174.0,0.0
y,162,4503,47,44,174.0,180.0,0.0
y,162,4504,47,44,180.0,186.0,0.0
y,162,4505,47,44,186.0,192.0,0.0
y,162,4506,47,44,192.0,198.0,0.0
y,162,4507,47,44,198.0,204.0,0.0
y,162,4508,47,44,204.0,210.0,0.0
y,162,4509,47,44,210.0,216.0,0.0
y,162,4510,47,44,216.0,222.0,0.0
y,162,4511,47,44,222.0,228.0,0.0
y,162,4512,47,44,228.0,234.0,0.0
y,162,4539,64,61,162.0,168.0,0.0
y,162,4540,64,61,168.0,174.0,0.0
y,162,4541,64,61,174.0,180.0,0.0
y,162,4542,64,61,180.0,186.0,0.0
y,162,4543,64,61,186.0,192.0,0.0
y,162,4544,64,61,192.0,198.0,0.0
y,162,4545,64,61,198.0,204.0,0.0
y,162,4546,64,61,204.0,210.0,0.0
y,162,4547,64,61,210.0,216.0,0.0
y,162,4548,64,61,216.0,222.0,0.0
y,162,4549,64,61,222.0,228.0,0.0
y,162,4550,64,61,228.0,234.0,0.0
y,162,4579,2,8,168.0,180.0,0.0
y,162,4581,2,8,180.0,192.0,0.0
y,162,4583,2,8,192.0,204.0,0.0
y,162,4585,2,8,204.0,216.0,0.0
y,162,4587,2,8,216.0,228.0,0.0
y,162,4601,13,16,168.0,180.0,0.0
y,162,4603,13,16,180.0,192.0,0.0
y,162,4605,13,16,192.0,204.0,0.0
y,162,4607,13,16,204.0,216.0,0.0
y,162,4609,13,16,216.0,228.0,0.0
y,162,4612,21,16,168.0,180.0,0.0
y,162,4614,21,16,180.0,192.0,0.0
y,162,4616,21,16,192.0,204.0,0.0
y,162,4618,21,16,204.0,216.0,0.0
y,162,4620,21,16,216.0,228.0,0.0
y,162,4623,14,16,168.0,180.0,0.0
y,162,4625,14,16,180.0,192.0,0.0
y,162,4627,14,16,192.0,204.0,0.0
y,162,4629,14,16,204.0,216.0,0.0
y,162,4631,14,16,216.0,228.0,0.0
y,162,4644,11,17,168.0,180.0,0.0
y,162,4646,11,17,180.0,192.0,0.0
y,162,4648,11,17,192.0,204.0,0.0
y,162,4650,11,17,204.0,216.0,0.0
y,162,4652,11,17,216.0,228.0,0.0
y,162,4655,14,17,168.0,180.0,0.0
y,162,4657,14,17,180.0,192.0,0.0
y,162,4659,14,17,192.0,204.0,1.0
y,162,4661,14,17,204.0,216.0,0.0
y,162,4663,14,17,216.0,228.0,0.0
y,162,4666,47,36,168.0,180.0,0.0
y,162,4668,47,36,180.0,192.0,0.0
y,162,4670,47,36,192.0,204.0,0.0
y,162,4672,47,36,204.0,216.0,0.0
y,162,4674,47,36,216.0,228.0,0.0
y,162,4706,12,2,168.0,180.0,0.0
y,162,4708,12,2,180.0,192.0,0.0
y,162,4710,12,2,192.0,204.0,0.0
y,162,4712,12,2,204.0,216.0,0.0
y,162,4714,12,2,216.0,228.0,0.0
y,162,4717,3,7,168.0,180.0,0.0
y,162,4719,3,7,180.0,192.0,0.0
y,162,4721,3,7,192.0,204.0,0.0
y,162,4723,3,7,204.0,216.0,0.0
y,162,4725,3,7,216.0,228.0,0.0
y,162,4728,9,7,168.0,180.0,0.0
y,162,4730,9,7,180.0,192.0,0.0
y,162,4732,9,7,192.0,204.0,0.0
y,162,4734,9,7,204.0,216.0,0.0
y,162,4736,9,7,216.0,228.0,0.0
y,162,4739,13,7,168.0,180.0,0.0
y,162,4741,13,7,180.0,192.0,0.0
y,162,4743,13,7,192.0,204.0,0.0
y,162,4745,13,7,204.0,216.0,0.0
y,162,4747,13,7,216.0,228.0,0.0
y,162,4750,31,28,168.0,180.0,0.0
y,162,4752,31,28,180.0,192.0,0.0
y,162,4754,31,28,192.0,204.0,0.0
y,162,4756,31,28,204.0,216.0,0.0
y,162,4758,31,28,216.0,228.0,1.0
y,162,4760,6,4,162.0,168.0,0.0
y,162,4761,6,4,168.0,174.0,0.0
y,162,4762,6,4,174.0,180.0,0.0
y,162,4763,6,4,180.0,186.0,0.0
y,162,4764,6,4,186.0,192.0,0.0
y,162,4765,6,4,192.0,198.0,0.0
y,162,4766,6,4,198.0,204.0,0.0
y,162,4767,6,4,204.0,210.0,0.0
y,162,4768,6,4,210.0,216.0,0.0
y,162,4769,6,4,216.0,222.0,0.0
y,162,4770,6,4,222.0,228.0,0.0
y,162,4771,6,4,228.0,234.0,0.0
y,162,4773,10,4,168.0,180.0,0.0
y,162,4775,10,4,180.0,192.0,0.0
y,162,4777,10,4,192.0,204.0,0.0
y,162,4779,10,4,204.0,216.0,0.0
y,162,4781,10,4,216.0,228.0,0.0
y,162,4802,55,62,168.0,180.0,0.0
y,162,4804,55,62,180.0,192.0,0.0
y,162,4806,55,62,192.0,204.0,0.0
y,162,4808,55,62,204.0,216.0,0.0
y,162,4810,55,62,216.0,228.0,0.0
y,162,4861,12,26,168.0,180.0,0.0
y,162,4863,12,26,180.0,192.0,0.0
y,162,4865,12,26,192.0,204.0,0.0
y,162,4867,12,26,204.0,216.0,0.0
y,162,4869,12,26,216.0,228.0,0.0
y,162,4904,8,1,168.0,180.0,0.0
y,162,4906,8,1,180.0,192.0,0.0
y,162,4908,8,1,192.0,204.0,0.0
y,162,4910,8,1,204.0,216.0,0.0
y,162,4912,8,1,216.0,228.0,0.0
y,162,4914,55,53,162.0,168.0,0.0
y,162,4915,55,53,168.0,174.0,0.0
y,162,4916,55,53,174.0,180.0,0.0
y,162,4917,55,53,180.0,186.0,0.0
y,162,4918,55,53,186.0,192.0,0.0
y,162,4919,55,53,192.0,198.0,0.0
y,162,4920,55,53,198.0,204.0,0.0
y,162,4921,55,53,204.0,210.0,0.0
y,162,4922,55,53,210.0,216.0,0.0
y,162,4923,55,53,216.0,222.0,0.0
y,162,4924,55,53,222.0,228.0,0.0
y,162,4925,55,53,228.0,234.0,0.0
y,162,4937,21,19,168.0,180.0,0.0
y,162,4939,21,19,180.0,192.0,0.0
y,162,4941,21,19,192.0,204.0,0.0
y,162,4943,21,19,204.0,216.0,0.0
y,162,4945,21,19,216.0,228.0,0.0
y,162,4967,51,48,168.0,180.0,0.0
y,162,4969,51,48,180.0,192.0,0.0
y,162,4971,51,48,192.0,204.0,0.0
y,162,4973,51,48,204.0,216.0,0.0
y,162,4975,51,48,216.0,228.0,0.0
y,162,4986,1,1,162.0,168.0,38.0
y,162,4987,1,1,168.0,174.0,38.0
y,162,4988,1,1,174.0,180.0,38.0
y,162,4989,1,1,180.0,186.0,38.0
y,162,4990,1,1,186.0,192.0,38.0
y,162,4991,1,1,192.0,198.0,39.0
y,162,4992,1,1,198.0,204.0,39.0
y,162,4993,1,1,204.0,210.0,38.0
y,162,4994,1,1,210.0,216.0,38.0
y,162,4995,1,1,216.0,222.0,38.0
y,162,4996,1,1,222.0,228.0,38.0
y,162,4997,1,1,228.0,234.0,38.0
y,162,4998,2,2,162.0,168.0,36.0
y,162,4999,2,2,168.0,174.0,34.0
y,162,5000,2,2,174.0,180.0,34.0
y,162,5001,2,2,180.0,186.0,36.0
y,162,5002,2,2,186.0,192.0,34.0
y,162,5003,2,2,192.0,198.0,34.0
y,162,5004,2,2,198.0,204.0,34.0
y,162,5005,2,2,204.0,210.0,38.0
y,162,5006,2,2,210.0,216.0,38.0
y,162,5007,2,2,216.0,222.0,40.0
y,162,5008,2,2,222.0,228.0,40.0
y,162,5009,2,2,228.0,234.0,42.0
y,162,5010,3,3,162.0,168.0,36.0
y,162,5011,3,3,168.0,174.0,37.0
y,162,5012,3,3,174.0,180.0,37.0
y,162,5013,3,3,180.0,186.0,37.0
y,162,5014,3,3,186.0,192.0,37.0
y,162,5015,3,3,192.0,198.0,37.0
y,162,5016,3,3,198.0,204.0,37.0
y,162,5017,3,3,204.0,210.0,37.0
y,162,5018,3,3,210.0,216.0,37.0
y,162,5019,3,3,216.0,222.0,37.0
y,162,5020,3,3,222.0,228.0,37.0
y,162,5021,3,3,228.0,234.0,38.0
y,162,5022,4,4,162.0,168.0,39.0
y,162,5023,4,4,168.0,174.0,37.0
y,162,5024,4,4,174.0,180.0,37.0
y,162,5025,4,4,180.0,186.0,38.0
y,162,5026,4,4,186.0,192.0,38.0
y,162,5027,4,4,192.0,198.0,38.0
y,162,5028,4,4,198.0,204.0,38.0
y,162,5029,4,4,204.0,210.0,38.0
y,162,5030,4,4,210.0,216.0,38.0
y,162,5031,4,4,216.0,222.0,38.0
y,162,5032,4,4,222.0,228.0,38.0
y,162,5033,4,4,228.0,234.0,38.0
y,162,5034,5,5,162.0,168.0,38.0
y,162,5035,5,5,168.0,174.0,38.0
y,162,5036,5,5,174.0,180.0,38.0
y,162,5037,5,5,180.0,186.0,38.0
y,162,5038,5,5,186.0,192.0,38.0
y,162,5039,5,5,192.0,198.0,38.0
y,162,5040,5,5,198.0,204.0,39.0
y,162,5041,5,5,204.0,210.0,39.0
y,162,5042,5,5,210.0,216.0,39.0
y,162,5043,5,5,216.0,222.0,38.0
y,162,5044,5,5,222.0,228.0,38.0
y,162,5045,5,5,228.0,234.0,38.0
y,162,5046,6,6,162.0,168.0,35.0
y,162,5047,6,6,168.0,174.0,35.0
y,162,5048,6,6,174.0,180.0,35.0
y,162,5049,6,6,180.0,186.0,36.0
y,162,5050,6,6,186.0,192.0,36.0
y,162,5051,6,6,192.0,198.0,36.0
y,162,5052,6,6,198.0,204.0,36.0
y,162,5053,6,6,204.0,210.0,36.0
y,162,5054,6,6,210.0,216.0,36.0
y,162,5055,6,6,216.0,222.0,36.0
y,162,5056,6,6,222.0,228.0,37.0
y,162,5057,6,6,228.0,234.0,37.0
y,162,5058,7,7,162.0,168.0,33.0
y,162,5059,7,7,168.0,174.0,34.0
y,162,5060,7,7,174.0,180.0,34.0
y,162,5061,7,7,180.0,186.0,33.0
y,162,5062,7,7,186.0,192.0,33.0
y,162,5063,7,7,192.0,198.0,37.0
y,162,5064,7,7,198.0,204.0,37.0
y,162,5065,7,7,204.0,210.0,37.0
y,162,5066,7,7,210.0,216.0,37.0
y,162,5067,7,7,216.0,222.0,38.0
y,162,5068,7,7,222.0,228.0,38.0
y,162,5069,7,7,228.0,234.0,38.0
y,162,5070,8,8,162.0,168.0,29.0
y,162,5071,8,8,168.0,174.0,28.0
y,162,5072,8,8,174.0,180.0,28.0
y,162,5073,8,8,180.0,186.0,32.0
y,162,5074,8,8,186.0,192.0,31.0
y,162,5075,8,8,192.0,198.0,34.0
y,162,5076,8,8,198.0,204.0,34.0
y,162,5077,8,8,204.0,210.0,35.0
y,162,5078,8,8,210.0,216.0,35.0
y,162,5079,8,8,216.0,222.0,37.0
y,162,5080,8,8,222.0,228.0,37.0
y,162,5081,8,8,228.0,234.0,42.0
y,162,5082,9,9,162.0,168.0,35.0
y,162,5083,9,9,168.0,174.0,32.0
y,162,5084,9,9,174.0,180.0,32.0
y,162,5085,9,9,180.0,186.0,35.0
y,162,5086,9,9,186.0,192.0,35.0
y,162,5087,9,9,192.0,198.0,35.0
y,162,5088,9,9,198.0,204.0,35.0
y,162,5089,9,9,204.0,210.0,36.0
y,162,5090,9,9,210.0,216.0,36.0
y,162,5091,9,9,216.0,222.0,36.0
y,162,5092,9,9,222.0,228.0,36.0
y,162,5093,9,9,228.0,234.0,36.0
y,162,5094,10,10,162.0,168.0,38.0
y,162,5095,10,10,168.0,174.0,37.0
y,162,5096,10,10,174.0,180.0,37.0
y,162,5097,10,10,180.0,186.0,37.0
y,162,5098,10,10,186.0,192.0,37.0
y,162,5099,10,10,192.0,198.0,40.0
y,162,5100,10,10,198.0,204.0,40.0
y,162,5101,10,10,204.0,210.0,39.0
y,162,5102,10,10,210.0,216.0,39.0
y,162,5103,10,10,216.0,222.0,38.0
y,162,5104,10,10,222.0,228.0,38.0
y,162,5105,10,10,228.0,234.0,41.0
y,162,5106,11,11,162.0,168.0,39.0
y,162,5107,11,11,168.0,174.0,36.0
y,162,5108,11,11,174.0,180.0,36.0
y,162,5109,11,11,180.0,186.0,36.0
y,162,5110,11,11,186.0,192.0,36.0
y,162,5111,11,11,192.0,198.0,38.0
y,162,5112,11,11,198.0,204.0,38.0
y,162,5113,11,11,204.0,210.0,38.0
y,162,5114,11,11,210.0,216.0,38.0
y,162,5115,11,11,216.0,222.0,38.0
y,162,5116,11,11,222.0,228.0,38.0
y,162,5117,11,11,228.0,234.0,38.0
y,162,5118,12,12,162.0,168.0,38.0
y,162,5119,12,12,168.0,174.0,38.0
y,162,5120,12,12,174.0,180.0,38.0
y,162,5121,12,12,180.0,186.0,38.0
y,162,5122,12,12,186.0,192.0,38.0
y,162,5123,12,12,192.0,198.0,38.0
y,162,5124,12,12,198.0,204.0,38.0
y,162,5125,12,12,204.0,210.0,38.0
y,162,5126,12,12,210.0,216.0,38.0
y,162,5127,12,12,216.0,222.0,38.0
y,162,5128,12,12,222.0,228.0,38.0
y,162,5129,12,12,228.0,234.0,38.0
y,162,5130,13,13,162.0,168.0,39.0
y,162,5131,13,13,168.0,174.0,34.0
y,162,5132,13,13,174.0,180.0,34.0
y,162,5133,13,13,180.0,186.0,32.0
y,162,5134,13,13,186.0,192.0,32.0
y,162,5135,13,13,192.0,198.0,32.0
y,162,5136,13,13,198.0,204.0,32.0
y,162,5137,13,13,204.0,210.0,32.0
y,162,5138,13,13,210.0,216.0,32.0
y,162,5139,13,13,216.0,222.0,33.0
y,162,5140,13,13,222.0,228.0,33.0
y,162,5141,13,13,228.0,234.0,34.0
y,162,5142,14,14,162.0,168.0,36.0
y,162,5143,14,14,168.0,174.0,34.0
y,162,5144,14,14,174.0,180.0,34.0
y,162,5145,14,14,180.0,186.0,35.0
y,162,5146,14,14,186.0,192.0,35.0
y,162,5147,14,14,192.0,198.0,35.0
y,162,5148,14,14,198.0,204.0,35.0
y,162,5149,14,14,204.0,210.0,35.0
y,162,5150,14,14,210.0,216.0,35.0
y,162,5151,14,14,216.0,222.0,35.0
y,162,5152,14,14,222.0,228.0,35.0
y,162,5153,14,14,228.0,234.0,36.0
y,162,5154,15,15,162.0,168.0,37.0
y,162,5155,15,15,168.0,174.0,33.0
y,162,5156,15,15,174.0,180.0,31.0
y,162,5157,15,15,180.0,186.0,32.0
y,162,5158,15,15,186.0,192.0,32.0
y,162,5159,15,15,192.0,198.0,32.0
y,162,5160,15,15,198.0,204.0,32.0
y,162,5161,15,15,204.0,210.0,32.0
y,162,5162,15,15,210.0,216.0,32.0
y,162,5163,15,15,216.0,222.0,33.0
y,162,5164,15,15,222.0,228.0,33.0
y,162,5165,15,15,228.0,234.0,34.0
y,162,5166,16,16,162.0,168.0,34.0
y,162,5167,16,16,168.0,174.0,34.0
y,162,5168,16,16,174.0,180.0,34.0
y,162,5169,16,16,180.0,186.0,36.0
y,162,5170,16,16,186.0,192.0,36.0
y,162,5171,16,16,192.0,198.0,37.0
y,162,5172,16,16,198.0,204.0,37.0
y,162,5173,16,16,204.0,210.0,37.0
y,162,5174,16,16,210.0,216.0,37.0
y,162,5175,16,16,216.0,222.0,37.0
y,162,5176,16,16,222.0,228.0,37.0
y,162,5177,16,16,228.0,234.0,37.0
y,162,5178,17,17,162.0,168.0,40.0
y,162,5179,17,17,168.0,174.0,36.0
y,162,5180,17,17,174.0,180.0,35.0
y,162,5181,17,17,180.0,186.0,36.0
y,162,5182,17,17,186.0,192.0,36.0
y,162,5183,17,17,192.0,198.0,34.0
y,162,5184,17,17,198.0,204.0,34.0
y,162,5185,17,17,204.0,210.0,34.0
y,162,5186,17,17,210.0,216.0,34.0
y,162,5187,17,17,216.0,222.0,36.0
y,162,5188,17,17,222.0,228.0,36.0
y,162,5189,17,17,228.0,234.0,34.0
y,162,5190,18,18,162.0,168.0,38.0
y,162,5191,18,18,168.0,174.0,37.0
y,162,5192,18,18,174.0,180.0,37.0
y,162,5193,18,18,180.0,186.0,36.0
y,162,5194,18,18,186.0,192.0,36.0
y,162,5195,18,18,192.0,198.0,37.0
y,162,5196,18,18,198.0,204.0,37.0
y,162,5197,18,18,204.0,210.0,37.0
y,162,5198,18,18,210.0,216.0,37.0
y,162,5199,18,18,216.0,222.0,37.0
y,162,5200,18,18,222.0,228.0,37.0
y,162,5201,18,18,228.0,234.0,37.0
y,162,5202,19,19,162.0,168.0,34.0
y,162,5203,19,19,168.0,174.0,30.0
y,162,5204,19,19,174.0,180.0,29.0
y,162,5205,19,19,180.0,186.0,30.0
y,162,5206,19,19,186.0,192.0,29.0
y,162,5207,19,19,192.0,198.0,30.0
y,162,5208,19,19,198.0,204.0,30.0
y,162,5209,19,19,204.0,210.0,31.0
y,162,5210,19,19,210.0,216.0,31.0
y,162,5211,19,19,216.0,222.0,32.0
y,162,5212,19,19,222.0,228.0,32.0
y,162,5213,19,19,228.0,234.0,32.0
y,162,5214,20,20,162.0,168.0,35.0
y,162,5215,20,20,168.0,174.0,34.0
y,162,5216,20,20,174.0,180.0,34.0
y,162,5217,20,20,180.0,186.0,36.0
y,162,5218,20,20,186.0,192.0,36.0
y,162,5219,20,20,192.0,198.0,35.0
y,162,5220,20,20,198.0,204.0,35.0
y,162,5221,20,20,204.0,210.0,37.0
y,162,5222,20,20,210.0,216.0,37.0
y,162,5223,20,20,216.0,222.0,38.0
y,162,5224,20,20,222.0,228.0,38.0
y,162,5225,20,20,228.0,234.0,38.0
y,162,5226,21,21,162.0,168.0,41.0
y,162,5227,21,21,168.0,174.0,37.0
y,162,5228,21,21,174.0,180.0,37.0
y,162,5229,21,21,180.0,186.0,37.0
y,162,5230,21,21,186.0,192.0,37.0
y,162,5231,21,21,192.0,198.0,41.0
y,162,5232,21,21,198.0,204.0,41.0
y,162,5233,21,21,204.0,210.0,38.0
y,162,5234,21,21,210.0,216.0,38.0
y,162,5235,21,21,216.0,222.0,38.0
y,162,5236,21,21,222.0,228.0,38.0
y,162,5237,21,21,228.0,234.0,39.0
y,162,5238,22,22,162.0,168.0,38.0
y,162,5239,22,22,168.0,174.0,35.0
y,162,5240,22,22,174.0,180.0,35.0
y,162,5241,22,22,180.0,186.0,36.0
y,162,5242,22,22,186.0,192.0,37.0
y,162,5243,22,22,192.0,198.0,36.0
y,162,5244,22,22,198.0,204.0,36.0
y,162,5245,22,22,204.0,210.0,36.0
y,162,5246,22,22,210.0,216.0,37.0
y,162,5247,22,22,216.0,222.0,37.0
y,162,5248,22,22,222.0,228.0,38.0
y,162,5249,22,22,228.0,234.0,38.0
y,162,5250,23,23,162.0,168.0,35.0
y,162,5251,23,23,168.0,174.0,36.0
y,162,5252,23,23,174.0,180.0,36.0
y,162,5253,23,23,180.0,186.0,36.0
y,162,5254,23,23,186.0,192.0,36.0
y,162,5255,23,23,192.0,198.0,36.0
y,162,5256,23,23,198.0,204.0,36.0
y,162,5257,23,23,204.0,210.0,37.0
y,162,5258,23,23,210.0,216.0,37.0
y,162,5259,23,23,216.0,222.0,38.0
y,162,5260,23,23,222.0,228.0,38.0
y,162,5261,23,23,228.0,234.0,38.0
y,162,5262,24,24,162.0,168.0,34.0
y,162,5263,24,24,168.0,174.0,29.0
y,162,5264,24,24,174.0,180.0,29.0
y,162,5265,24,24,180.0,186.0,31.0
y,162,5266,24,24,186.0,192.0,31.0
y,162,5267,24,24,192.0,198.0,35.0
y,162,5268,24,24,198.0,204.0,35.0
y,162,5269,24,24,204.0,210.0,39.0
y,162,5270,24,24,210.0,216.0,39.0
y,162,5271,24,24,216.0,222.0,38.0
y,162,5272,24,24,222.0,228.0,38.0
y,162,5273,24,24,228.0,234.0,39.0
y,162,5274,25,25,162.0,168.0,38.0
y,162,5275,25,25,168.0,174.0,37.0
y,162,5276,25,25,174.0,180.0,37.0
y,162,5277,25,25,180.0,186.0,37.0
y,162,5278,25,25,186.0,192.0,38.0
y,162,5279,25,25,192.0,198.0,38.0
y,162,5280,25,25,198.0,204.0,39.0
y,162,5281,25,25,204.0,210.0,39.0
y,162,5282,25,25,210.0,216.0,40.0
y,162,5283,25,25,216.0,222.0,40.0
y,162,5284,25,25,222.0,228.0,40.0
y,162,5285,25,25,228.0,234.0,40.0
y,162,5286,26,26,162.0,168.0,33.0
y,162,5287,26,26,168.0,174.0,30.0
y,162,5288,26,26,174.0,180.0,30.0
y,162,5289,26,26,180.0,186.0,28.0
y,162,5290,26,26,186.0,192.0,28.0
y,162,5291,26,26,192.0,198.0,30.0
y,162,5292,26,26,198.0,204.0,31.0
y,162,5293,26,26,204.0,210.0,33.0
y,162,5294,26,26,210.0,216.0,33.0
y,162,5295,26,26,216.0,222.0,36.0
y,162,5296,26,26,222.0,228.0,36.0
y,162,5297,26,26,228.0,234.0,36.0
y,162,5298,27,27,162.0,168.0,37.0
y,162,5299,27,27,168.0,174.0,35.0
y,162,5300,27,27,174.0,180.0,36.0
y,162,5301,27,27,180.0,186.0,35.0
y,162,5302,27,27,186.0,192.0,36.0
y,162,5303,27,27,192.0,198.0,38.0
y,162,5304,27,27,198.0,204.0,39.0
y,162,5305,27,27,204.0,210.0,38.0
y,162,5306,27,27,210.0,216.0,38.0
y,162,5307,27,27,216.0,222.0,37.0
y,162,5308,27,27,222.0,228.0,37.0
y,162,5309,27,27,228.0,234.0,37.0
y,162,5310,28,28,162.0,168.0,37.0
y,162,5311,28,28,168.0,174.0,35.0
y,162,5312,28,28,174.0,180.0,35.0
y,162,5313,28,28,180.0,186.0,35.0
y,162,5314,28,28,186.0,192.0,35.0
y,162,5315,28,28,192.0,198.0,35.0
y,162,5316,28,28,198.0,204.0,35.0
y,162,5317,28,28,204.0,210.0,35.0
y,162,5318,28,28,210.0,216.0,35.0
y,162,5319,28,28,216.0,222.0,36.0
y,162,5320,28,28,222.0,228.0,36.0
y,162,5321,28,28,228.0,234.0,38.0
y,162,5322,29,29,162.0,168.0,40.0
y,162,5323,29,29,168.0,174.0,36.0
y,162,5324,29,29,174.0,180.0,36.0
y,162,5325,29,29,180.0,186.0,36.0
y,162,5326,29,29,186.0,192.0,36.0
y,162,5327,29,29,192.0,198.0,36.0
y,162,5328,29,29,198.0,204.0,36.0
y,162,5329,29,29,204.0,210.0,38.0
y,162,5330,29,29,210.0,216.0,38.0
y,162,5331,29,29,216.0,222.0,38.0
y,162,5332,29,29,222.0,228.0,38.0
y,162,5333,29,29,228.0,234.0,38.0
y,162,5334,30,30,162.0,168.0,46.0
y,162,5335,30,30,168.0,174.0,37.0
y,162,5336,30,30,174.0,180.0,37.0
y,162,5337,30,30,180.0,186.0,36.0
y,162,5338,30,30,186.0,192.0,36.0
y,162,5339,30,30,192.0,198.0,36.0
y,162,5340,30,30,198.0,204.0,36.0
y,162,5341,30,30,204.0,210.0,36.0
y,162,5342,30,30,210.0,216.0,36.0
y,162,5343,30,30,216.0,222.0,37.0
y,162,5344,30,30,222.0,228.0,37.0
y,162,5345,30,30,228.0,234.0,38.0
y,162,5346,31,31,162.0,168.0,42.0
y,162,5347,31,31,168.0,174.0,37.0
y,162,5348,31,31,174.0,180.0,37.0
y,162,5349,31,31,180.0,186.0,36.0
y,162,5350,31,31,186.0,192.0,36.0
y,162,5351,31,31,192.0,198.0,37.0
y,162,5352,31,31,198.0,204.0,37.0
y,162,5353,31,31,204.0,210.0,38.0
y,162,5354,31,31,210.0,216.0,38.0
y,162,5355,31,31,216.0,222.0,37.0
y,162,5356,31,31,222.0,228.0,37.0
y,162,5357,31,31,228.0,234.0,39.0
y,162,5358,32,32,162.0,168.0,33.0
y,162,5359,32,32,168.0,174.0,29.0
y,162,5360,32,32,174.0,180.0,29.0
y,162,5361,32,32,180.0,186.0,28.0
y,162,5362,32,32,186.0,192.0,28.0
y,162,5363,32,32,192.0,198.0,33.0
y,162,5364,32,32,198.0,204.0,33.0
y,162,5365,32,32,204.0,210.0,34.0
y,162,5366,32,32,210.0,216.0,34.0
y,162,5367,32,32,216.0,222.0,37.0
y,162,5368,32,32,222.0,228.0,37.0
y,162,5369,32,32,228.0,234.0,35.0
y,162,5370,33,33,162.0,168.0,39.0
y,162,5371,33,33,168.0,174.0,33.0
y,162,5372,33,33,174.0,180.0,33.0
y,162,5373,33,33,180.0,186.0,31.0
y,162,5374,33,33,186.0,192.0,31.0
y,162,5375,33,33,192.0,198.0,29.0
y,162,5376,33,33,198.0,204.0,29.0
y,162,5377,33,33,204.0,210.0,31.0
y,162,5378,33,33,210.0,216.0,31.0
y,162,5379,33,33,216.0,222.0,32.0
y,162,5380,33,33,222.0,228.0,32.0
y,162,5381,33,33,228.0,234.0,34.0
y,162,5382,34,34,162.0,168.0,39.0
y,162,5383,34,34,168.0,174.0,38.0
y,162,5384,34,34,174.0,180.0,38.0
y,162,5385,34,34,180.0,186.0,37.0
y,162,5386,34,34,186.0,192.0,37.0
y,162,5387,34,34,192.0,198.0,37.0
y,162,5388,34,34,198.0,204.0,37.0
y,162,5389,34,34,204.0,210.0,38.0
y,162,5390,34,34,210.0,216.0,38.0
y,162,5391,34,34,216.0,222.0,38.0
y,162,5392,34,34,222.0,228.0,38.0
y,162,5393,34,34,228.0,234.0,39.0
y,162,5394,35,35,162.0,168.0,36.0
y,162,5395,35,35,168.0,174.0,35.0
y,162,5396,35,35,174.0,180.0,35.0
y,162,5397,35,35,180.0,186.0,37.0
y,162,5398,35,35,186.0,192.0,36.0
y,162,5399,35,35,192.0,198.0,37.0
y,162,5400,35,35,198.0,204.0,37.0
y,162,5401,35,35,204.0,210.0,38.0
y,162,5402,35,35,210.0,216.0,38.0
y,162,5403,35,35,216.0,222.0,38.0
y,162,5404,35,35,222.0,228.0,38.0
y,162,5405,35,35,228.0,234.0,38.0
y,162,5406,36,36,162.0,168.0,32.0
y,162,5407,36,36,168.0,174.0,30.0
y,162,5408,36,36,174.0,180.0,30.0
y,162,5409,36,36,180.0,186.0,34.0
y,162,5410,36,36,186.0,192.0,34.0
y,162,5411,36,36,192.0,198.0,36.0
y,162,5412,36,36,198.0,204.0,36.0
y,162,5413,36,36,204.0,210.0,36.0
y,162,5414,36,36,210.0,216.0,36.0
y,162,5415,36,36,216.0,222.0,36.0
y,162,5416,36,36,222.0,228.0,36.0
y,162,5417,36,36,228.0,234.0,37.0
y,162,5418,37,37,162.0,168.0,44.0
y,162,5419,37,37,168.0,174.0,36.0
y,162,5420,37,37,174.0,180.0,36.0
y,162,5421,37,37,180.0,186.0,35.0
y,162,5422,37,37,186.0,192.0,35.0
y,162,5423,37,37,192.0,198.0,35.0
y,162,5424,37,37,198.0,204.0,35.0
y,162,5425,37,37,204.0,210.0,35.0
y,162,5426,37,37,210.0,216.0,35.0
y,162,5427,37,37,216.0,222.0,35.0
y,162,5428,37,37,222.0,228.0,35.0
y,162,5429,37,37,228.0,234.0,35.0
y,162,5430,38,38,162.0,168.0,37.0
y,162,5431,38,38,168.0,174.0,37.0
y,162,5432,38,38,174.0,180.0,37.0
y,162,5433,38,38,180.0,186.0,37.0
y,162,5434,38,38,186.0,192.0,37.0
y,162,5435,38,38,192.0,198.0,38.0
y,162,5436,38,38,198.0,204.0,38.0
y,162,5437,38,38,204.0,210.0,38.0
y,162,5438,38,38,210.0,216.0,38.0
y,162,5439,38,38,216.0,222.0,38.0
y,162,5440,38,38,222.0,228.0,38.0
y,162,5441,38,38,228.0,234.0,38.0
y,162,5442,39,39,162.0,168.0,35.0
y,162,5443,39,39,168.0,174.0,30.0
y,162,5444,39,39,174.0,180.0,30.0
y,162,5445,39,39,180.0,186.0,30.0
y,162,5446,39,39,186.0,192.0,30.0
y,162,5447,39,39,192.0,198.0,34.0
y,162,5448,39,39,198.0,204.0,34.0
y,162,5449,39,39,204.0,210.0,33.0
y,162,5450,39,39,210.0,216.0,33.0
y,162,5451,39,39,216.0,222.0,34.0
y,162,5452,39,39,222.0,228.0,34.0
y,162,5453,39,39,228.0,234.0,38.0
y,162,5454,40,40,162.0,168.0,37.0
y,162,5455,40,40,168.0,174.0,37.0
y,162,5456,40,40,174.0,180.0,37.0
y,162,5457,40,40,180.0,186.0,37.0
y,162,5458,40,40,186.0,192.0,37.0
y,162,5459,40,40,192.0,198.0,37.0
y,162,5460,40,40,198.0,204.0,37.0
y,162,5461,40,40,204.0,210.0,37.0
y,162,5462,40,40,210.0,216.0,37.0
y,162,5463,40,40,216.0,222.0,37.0
y,162,5464,40,40,222.0,228.0,37.0
y,162,5465,40,40,228.0,234.0,37.0
y,162,5466,41,41,162.0,168.0,37.0
y,162,5467,41,41,168.0,174.0,37.0
y,162,5468,41,41,174.0,180.0,37.0
y,162,5469,41,41,180.0,186.0,36.0
y,162,5470,41,41,186.0,192.0,36.0
y,162,5471,41,41,192.0,198.0,36.0
y,162,5472,41,41,198.0,204.0,36.0
y,162,5473,41,41,204.0,210.0,36.0
y,162,5474,41,41,210.0,216.0,36.0
y,162,5475,41,41,216.0,222.0,37.0
y,162,5476,41,41,222.0,228.0,37.0
y,162,5477,41,41,228.0,234.0,37.0
y,162,5478,42,42,162.0,168.0,38.0
y,162,5479,42,42,168.0,174.0,36.0
y,162,5480,42,42,174.0,180.0,36.0
y,162,5481,42,42,180.0,186.0,39.0
y,162,5482,42,42,186.0,192.0,39.0
y,162,5483,42,42,192.0,198.0,40.0
y,162,5484,42,42,198.0,204.0,40.0
y,162,5485,42,42,204.0,210.0,40.0
y,162,5486,42,42,210.0,216.0,40.0
y,162,5487,42,42,216.0,222.0,38.0
y,162,5488,42,42,222.0,228.0,38.0
y,162,5489,42,42,228.0,234.0,42.0
y,162,5490,43,43,162.0,168.0,40.0
y,162,5491,43,43,168.0,174.0,35.0
y,162,5492,43,43,174.0,180.0,35.0
y,162,5493,43,43,180.0,186.0,32.0
y,162,5494,43,43,186.0,192.0,32.0
y,162,5495,43,43,192.0,198.0,31.0
y,162,5496,43,43,198.0,204.0,31.0
y,162,5497,43,43,204.0,210.0,33.0
y,162,5498,43,43,210.0,216.0,33.0
y,162,5499,43,43,216.0,222.0,33.0
y,162,5500,43,43,222.0,228.0,33.0
y,162,5501,43,43,228.0,234.0,34.0
y,162,5502,44,44,162.0,168.0,37.0
y,162,5503,44,44,168.0,174.0,37.0
y,162,5504,44,44,174.0,180.0,37.0
y,162,5505,44,44,180.0,186.0,38.0
y,162,5506,44,44,186.0,192.0,38.0
y,162,5507,44,44,192.0,198.0,38.0
y,162,5508,44,44,198.0,204.0,38.0
y,162,5509,44,44,204.0,210.0,38.0
y,162,5510,44,44,210.0,216.0,36.0
y,162,5511,44,44,216.0,222.0,37.0
y,162,5512,44,44,222.0,228.0,37.0
y,162,5513,44,44,228.0,234.0,38.0
y,162,5514,45,45,162.0,168.0,38.0
y,162,5515,45,45,168.0,174.0,27.0
y,162,5516,45,45,174.0,180.0,27.0
y,162,5517,45,45,180.0,186.0,27.0
y,162,5518,45,45,186.0,192.0,27.0
y,162,5519,45,45,192.0,198.0,31.0
y,162,5520,45,45,198.0,204.0,31.0
y,162,5521,45,45,204.0,210.0,33.0
y,162,5522,45,45,210.0,216.0,33.0
y,162,5523,45,45,216.0,222.0,33.0
y,162,5524,45,45,222.0,228.0,33.0
y,162,5525,45,45,228.0,234.0,36.0
y,162,5526,46,46,162.0,168.0,39.0
y,162,5527,46,46,168.0,174.0,37.0
y,162,5528,46,46,174.0,180.0,37.0
y,162,5529,46,46,180.0,186.0,37.0
y,162,5530,46,46,186.0,192.0,37.0
y,162,5531,46,46,192.0,198.0,38.00000000000021
y,162,5532,46,46,198.0,204.0,38.00000000000021
y,162,5533,46,46,204.0,210.0,38.00000000000021
y,162,5534,46,46,210.0,216.0,38.00000000000021
y,162,5535,46,46,216.0,222.0,38.00000000000021
y,162,5536,46,46,222.0,228.0,38.00000000000021
y,162,5537,46,46,228.0,234.0,38.00000000000021
y,162,5538,47,47,162.0,168.0,38.0
y,162,5539,47,47,168.0,174.0,38.0
y,162,5540,47,47,174.0,180.0,36.0
y,162,5541,47,47,180.0,186.0,37.0
y,162,5542,47,47,186.0,192.0,39.0
y,162,5543,47,47,192.0,198.0,39.0
y,162,5544,47,47,198.0,204.0,36.0
y,162,5545,47,47,204.0,210.0,38.0
y,162,5546,47,47,210.0,216.0,37.0
y,162,5547,47,47,216.0,222.0,37.0
y,162,5548,47,47,222.0,228.0,36.0
y,162,5549,47,47,228.0,234.0,36.0
y,162,5550,48,48,162.0,168.0,38.0
y,162,5551,48,48,168.0,174.0,36.0
y,162,5552,48,48,174.0,180.0,35.0
y,162,5553,48,48,180.0,186.0,34.999999999999815
y,162,5554,48,48,186.0,192.0,34.999999999999815
y,162,5555,48,48,192.0,198.0,35.999999999999815
y,162,5556,48,48,198.0,204.0,34.999999999999815
y,162,5557,48,48,204.0,210.0,35.999999999999815
y,162,5558,48,48,210.0,216.0,35.999999999999815
y,162,5559,48,48,216.0,222.0,37.999999999999815
y,162,5560,48,48,222.0,228.0,36.999999999999815
y,162,5561,48,48,228.0,234.0,37.999999999999815
y,162,5562,49,49,162.0,168.0,35.0
y,162,5563,49,49,168.0,174.0,34.0
y,162,5564,49,49,174.0,180.0,34.0
y,162,5565,49,49,180.0,186.0,34.0
y,162,5566,49,49,186.0,192.0,34.0
y,162,5567,49,49,192.0,198.0,34.0
y,162,5568,49,49,198.0,204.0,34.0
y,162,5569,49,49,204.0,210.0,35.0
y,162,5570,49,49,210.0,216.0,35.0
y,162,5571,49,49,216.0,222.0,35.0
y,162,5572,49,49,222.0,228.0,35.0
y,162,5573,49,49,228.0,234.0,36.0
y,162,5574,50,50,162.0,168.0,41.0
y,162,5575,50,50,168.0,174.0,37.0
y,162,5576,50,50,174.0,180.0,37.0
y,162,5577,50,50,180.0,186.0,37.0
y,162,5578,50,50,186.0,192.0,37.0
y,162,5579,50,50,192.0,198.0,37.0
y,162,5580,50,50,198.0,204.0,37.0
y,162,5581,50,50,204.0,210.0,35.0
y,162,5582,50,50,210.0,216.0,35.0
y,162,5583,50,50,216.0,222.0,36.0
y,162,5584,50,50,222.0,228.0,36.0
y,162,5585,50,50,228.0,234.0,36.0
y,162,5586,51,51,162.0,168.0,36.0
y,162,5587,51,51,168.0,174.0,34.0
y,162,5588,51,51,174.0,180.0,34.0
y,162,5589,51,51,180.0,186.0,33.99999999999979
y,162,5590,51,51,186.0,192.0,33.99999999999979
y,162,5591,51,51,192.0,198.0,35.99999999999997
y,162,5592,51,51,198.0,204.0,35.99999999999997
y,162,5593,51,51,204.0,210.0,37.99999999999997
y,162,5594,51,51,210.0,216.0,37.99999999999997
y,162,5595,51,51,216.0,222.0,37.99999999999997
y,162,5596,51,51,222.0,228.0,37.99999999999997
y,162,5597,51,51,228.0,234.0,38.99999999999997
y,162,5598,52,52,162.0,168.0,37.0
y,162,5599,52,52,168.0,174.0,37.0
y,162,5600,52,52,174.0,180.0,37.0
y,162,5601,52,52,180.0,186.0,37.0
y,162,5602,52,52,186.0,192.0,37.0
y,162,5603,52,52,192.0,198.0,38.0
y,162,5604,52,52,198.0,204.0,38.0
y,162,5605,52,52,204.0,210.0,38.0
y,162,5606,52,52,210.0,216.0,38.0
y,162,5607,52,52,216.0,222.0,38.0
y,162,5608,52,52,222.0,228.0,38.0
y,162,5609,52,52,228.0,234.0,38.0
y,162,5610,53,53,162.0,168.0,35.0
y,162,5611,53,53,168.0,174.0,33.0
y,162,5612,53,53,174.0,180.0,33.0
y,162,5613,53,53,180.0,186.0,33.0
y,162,5614,53,53,186.0,192.0,33.0
y,162,5615,53,53,192.0,198.0,36.0
y,162,5616,53,53,198.0,204.0,36.0
y,162,5617,53,53,204.0,210.0,36.0
y,162,5618,53,53,210.0,216.0,36.0
y,162,5619,53,53,216.0,222.0,36.0
y,162,5620,53,53,222.0,228.0,36.0
y,162,5621,53,53,228.0,234.0,37.0
y,162,5622,54,54,162.0,168.0,37.0
y,162,5623,54,54,168.0,174.0,38.0
y,162,5624,54,54,174.0,180.0,38.0
y,162,5625,54,54,180.0,186.0,38.0
y,162,5626,54,54,186.0,192.0,38.0
y,162,5627,54,54,192.0,198.0,39.0
y,162,5628,54,54,198.0,204.0,37.0
y,162,5629,54,54,204.0,210.0,37.0
y,162,5630,54,54,210.0,216.0,37.0
y,162,5631,54,54,216.0,222.0,39.0
y,162,5632,54,54,222.0,228.0,40.0
y,162,5633,54,54,228.0,234.0,40.0
y,162,5634,55,55,162.0,168.0,36.0
y,162,5635,55,55,168.0,174.0,33.0
y,162,5636,55,55,174.0,180.0,33.0
y,162,5637,55,55,180.0,186.0,35.0
y,162,5638,55,55,186.0,192.0,35.0
y,162,5639,55,55,192.0,198.0,37.0
y,162,5640,55,55,198.0,204.0,37.0
y,162,5641,55,55,204.0,210.0,38.0
y,162,5642,55,55,210.0,216.0,38.0
y,162,5643,55,55,216.0,222.0,38.0
y,162,5644,55,55,222.0,228.0,38.0
y,162,5645,55,55,228.0,234.0,40.0
y,162,5646,56,56,162.0,168.0,28.0
y,162,5647,56,56,168.0,174.0,26.0
y,162,5648,56,56,174.0,180.0,27.0
y,162,5649,56,56,180.0,186.0,31.0
y,162,5650,56,56,186.0,192.0,32.0
y,162,5651,56,56,192.0,198.0,35.0
y,162,5652,56,56,198.0,204.0,35.0
y,162,5653,56,56,204.0,210.0,36.0
y,162,5654,56,56,210.0,216.0,37.0
y,162,5655,56,56,216.0,222.0,37.0
y,162,5656,56,56,222.0,228.0,37.0
y,162,5657,56,56,228.0,234.0,41.0
y,162,5658,57,57,162.0,168.0,37.0
y,162,5659,57,57,168.0,174.0,37.0
y,162,5660,57,57,174.0,180.0,37.0
y,162,5661,57,57,180.0,186.0,37.0
y,162,5662,57,57,186.0,192.0,37.0
y,162,5663,57,57,192.0,198.0,37.0
y,162,5664,57,57,198.0,204.0,37.0
y,162,5665,57,57,204.0,210.0,37.0
y,162,5666,57,57,210.0,216.0,37.0
y,162,5667,57,57,216.0,222.0,37.0
y,162,5668,57,57,222.0,228.0,37.0
y,162,5669,57,57,228.0,234.0,37.0
y,162,5670,58,58,162.0,168.0,38.0
y,162,5671,58,58,168.0,174.0,38.0
y,162,5672,58,58,174.0,180.0,38.0
y,162,5673,58,58,180.0,186.0,38.0
y,162,5674,58,58,186.0,192.0,38.0
y,162,5675,58,58,192.0,198.0,38.0
y,162,5676,58,58,198.0,204.0,38.0
y,162,5677,58,58,204.0,210.0,38.0
y,162,5678,58,58,210.0,216.0,38.0
y,162,5679,58,58,216.0,222.0,38.0
y,162,5680,58,58,222.0,228.0,38.0
y,162,5681,58,58,228.0,234.0,38.0
y,162,5682,59,59,162.0,168.0,38.0
y,162,5683,59,59,168.0,174.0,38.0
y,162,5684,59,59,174.0,180.0,38.0
y,162,5685,59,59,180.0,186.0,38.0
y,162,5686,59,59,186.0,192.0,38.0
y,162,5687,59,59,192.0,198.0,38.0
y,162,5688,59,59,198.0,204.0,38.0
y,162,5689,59,59,204.0,210.0,38.0
y,162,5690,59,59,210.0,216.0,38.0
y,162,5691,59,59,216.0,222.0,38.0
y,162,5692,59,59,222.0,228.0,38.0
y,162,5693,59,59,228.0,234.0,38.0
y,162,5694,60,60,162.0,168.0,40.0
y,162,5695,60,60,168.0,174.0,38.0
y,162,5696,60,60,174.0,180.0,37.0
y,162,5697,60,60,180.0,186.0,36.0
y,162,5698,60,60,186.0,192.0,37.0
y,162,5699,60,60,192.0,198.0,37.0
y,162,5700,60,60,198.0,204.0,38.0
y,162,5701,60,60,204.0,210.0,38.0
y,162,5702,60,60,210.0,216.0,37.0
y,162,5703,60,60,216.0,222.0,38.0
y,162,5704,60,60,222.0,228.0,40.0
y,162,5705,60,60,228.0,234.0,41.0
y,162,5706,61,61,162.0,168.0,37.0
y,162,5707,61,61,168.0,174.0,37.0
y,162,5708,61,61,174.0,180.0,37.0
y,162,5709,61,61,180.0,186.0,38.0
y,162,5710,61,61,186.0,192.0,38.0
y,162,5711,61,61,192.0,198.0,38.0
y,162,5712,61,61,198.0,204.0,38.0
y,162,5713,61,61,204.0,210.0,38.0
y,162,5714,61,61,210.0,216.0,38.0
y,162,5715,61,61,216.0,222.0,38.0
y,162,5716,61,61,222.0,228.0,38.0
y,162,5717,61,61,228.0,234.0,38.0
y,162,5718,62,62,162.0,168.0,38.0
y,162,5719,62,62,168.0,174.0,38.0
y,162,5720,62,62,174.0,180.0,38.0
y,162,5721,62,62,180.0,186.0,39.0
y,162,5722,62,62,186.0,192.0,39.0
y,162,5723,62,62,192.0,198.0,38.0
y,162,5724,62,62,198.0,204.0,38.0
y,162,5725,62,62,204.0,210.0,38.0
y,162,5726,62,62,210.0,216.0,38.0
y,162,5727,62,62,216.0,222.0,38.0
y,162,5728,62,62,222.0,228.0,38.0
y,162,5729,62,62,228.0,234.0,38.0
y,162,5730,63,63,162.0,168.0,38.0
y,162,5731,63,63,168.0,174.0,38.0
y,162,5732,63,63,174.0,180.0,38.0
y,162,5733,63,63,180.0,186.0,38.0
y,162,5734,63,63,186.0,192.0,38.0
y,162,5735,63,63,192.0,198.0,38.0
y,162,5736,63,63,198.0,204.0,38.0
y,162,5737,63,63,204.0,210.0,38.0
y,162,5738,63,63,210.0,216.0,38.0
y,162,5739,63,63,216.0,222.0,38.0
y,162,5740,63,63,222.0,228.0,38.0
y,162,5741,63,63,228.0,234.0,38.0
y,162,5742,64,64,162.0,168.0,36.0
y,162,5743,64,64,168.0,174.0,35.0
y,162,5744,64,64,174.0,180.0,35.0
y,162,5745,64,64,180.0,186.0,35.0
y,162,5746,64,64,186.0,192.0,35.0
y,162,5747,64,64,192.0,198.0,36.0
y,162,5748,64,64,198.0,204.0,36.0
y,162,5749,64,64,204.0,210.0,37.0
y,162,5750,64,64,210.0,216.0,37.0
y,162,5751,64,64,216.0,222.0,37.0
y,162,5752,64,64,222.0,228.0,38.0
y,162,5753,64,64,228.0,234.0,39.0
y,162,5754,65,65,162.0,168.0,38.0
y,162,5755,65,65,168.0,174.0,38.0
y,162,5756,65,65,174.0,180.0,38.0
y,162,5757,65,65,180.0,186.0,38.0
y,162,5758,65,65,186.0,192.0,38.0
y,162,5759,65,65,192.0,198.0,38.0
y,162,5760,65,65,198.0,204.0,38.0
y,162,5761,65,65,204.0,210.0,38.0
y,162,5762,65,65,210.0,216.0,38.0
y,162,5763,65,65,216.0,222.0,38.0
y,162,5764,65,65,222.0,228.0,38.0
y,162,5765,65,65,228.0,234.0,38.0
y,162,5766,66,66,162.0,168.0,38.0
y,162,5767,66,66,168.0,174.0,38.0
y,162,5768,66,66,174.0,180.0,38.0
y,162,5769,66,66,180.0,186.0,38.0
y,162,5770,66,66,186.0,192.0,38.0
y,162,5771,66,66,192.0,198.0,38.0
y,162,5772,66,66,198.0,204.0,38.0
y,162,5773,66,66,204.0,210.0,38.0
y,162,5774,66,66,210.0,216.0,38.0
y,162,5775,66,66,216.0,222.0,38.0
y,162,5776,66,66,222.0,228.0,38.0
y,162,5777,66,66,228.0,234.0,38.0
